# Original cargo airdrop model. Units: blocks. +Y up, -Z front.
mtllib weapon_supply_parachute.mtl
g canopy_gore_01
usemtl parachute
v 0.534375000 0.359375000 0.500000000
v 0.533203703 0.359375000 0.508896908
v 0.635833312 0.343750000 0.536396422
v 0.640625000 0.343750000 0.500000000
vt 0.01562500 0.98437500
vt 0.25000000 0.98437500
vt 0.25000000 0.90625000
vt 0.01562500 0.90625000
vn 0.14546733 0.98917768 0.01915109
vn 0.14546733 0.98917768 0.01915109
vn 0.14546733 0.98917768 0.01915109
vn 0.14546733 0.98917768 0.01915109
f 1/1/1 2/2/2 3/3/3
f 1/1/1 3/3/3 4/4/4
v 0.533203703 0.359375000 0.508896908
v 0.529769625 0.359375000 0.517187500
v 0.621784827 0.343750000 0.570312500
v 0.635833312 0.343750000 0.536396422
vt 0.25000000 0.98437500
vt 0.48437500 0.98437500
vt 0.48437500 0.90625000
vt 0.25000000 0.90625000
vn 0.13555393 0.98917769 0.05614831
vn 0.13555393 0.98917769 0.05614831
vn 0.13555393 0.98917769 0.05614831
vn 0.13555393 0.98917769 0.05614831
f 5/5/5 6/6/6 7/7/7
f 5/5/5 7/7/7 8/8/8
v 0.640625000 0.343750000 0.500000000
v 0.635833312 0.343750000 0.536396422
v 0.771666640 0.296875000 0.572792860
v 0.781250000 0.296875000 0.500000000
vt 0.01562500 0.90625000
vt 0.25000000 0.90625000
vt 0.25000000 0.82812500
vt 0.01562500 0.82812500
vn 0.31595404 0.94786223 0.04159620
vn 0.31595404 0.94786223 0.04159620
vn 0.31595404 0.94786223 0.04159620
vn 0.31595404 0.94786223 0.04159620
f 9/9/9 10/10/10 11/11/11
f 9/9/9 11/11/11 12/12/12
v 0.635833312 0.343750000 0.536396422
v 0.621784827 0.343750000 0.570312500
v 0.743569640 0.296875000 0.640625000
v 0.771666640 0.296875000 0.572792860
vt 0.25000000 0.90625000
vt 0.48437500 0.90625000
vt 0.48437500 0.82812500
vt 0.25000000 0.82812500
vn 0.29442240 0.94786221 0.12195362
vn 0.29442240 0.94786221 0.12195362
vn 0.29442240 0.94786221 0.12195362
vn 0.29442240 0.94786221 0.12195362
f 13/13/13 14/14/14 15/15/15
f 13/13/13 15/15/15 16/16/16
v 0.781250000 0.296875000 0.500000000
v 0.771666640 0.296875000 0.572792860
v 0.892407360 0.218750000 0.605145235
v 0.906250000 0.218750000 0.500000000
vt 0.01562500 0.82812500
vt 0.25000000 0.82812500
vt 0.25000000 0.75000000
vt 0.01562500 0.75000000
vn 0.52871348 0.84594149 0.06960643
vn 0.52871348 0.84594149 0.06960643
vn 0.52871348 0.84594149 0.06960643
vn 0.52871348 0.84594149 0.06960643
f 17/17/17 18/18/18 19/19/19
f 17/17/17 19/19/19 20/20/20
v 0.771666640 0.296875000 0.572792860
v 0.743569640 0.296875000 0.640625000
v 0.851822813 0.218750000 0.703125000
v 0.892407360 0.218750000 0.605145235
vt 0.25000000 0.82812500
vt 0.48437500 0.82812500
vt 0.48437500 0.75000000
vt 0.25000000 0.75000000
vn 0.49268248 0.84594151 0.20407582
vn 0.49268248 0.84594151 0.20407582
vn 0.49268248 0.84594151 0.20407582
vn 0.49268248 0.84594151 0.20407582
f 21/21/21 22/22/22 23/23/23
f 21/21/21 23/23/23 24/24/24
v 0.906250000 0.218750000 0.500000000
v 0.892407360 0.218750000 0.605145235
v 0.967870328 0.125000000 0.625365467
v 0.984375000 0.125000000 0.500000000
vt 0.01562500 0.75000000
vt 0.25000000 0.75000000
vt 0.25000000 0.67187500
vt 0.01562500 0.67187500
vn 0.76432206 0.63693517 0.10062497
vn 0.76432206 0.63693517 0.10062497
vn 0.76432206 0.63693517 0.10062497
vn 0.76432206 0.63693517 0.10062497
f 25/25/25 26/26/26 27/27/27
f 25/25/25 27/27/27 28/28/28
v 0.892407360 0.218750000 0.605145235
v 0.851822813 0.218750000 0.703125000
v 0.919481063 0.125000000 0.742187500
v 0.967870328 0.125000000 0.625365467
vt 0.25000000 0.75000000
vt 0.48437500 0.75000000
vt 0.48437500 0.67187500
vt 0.25000000 0.67187500
vn 0.71223478 0.63693517 0.29501730
vn 0.71223478 0.63693517 0.29501730
vn 0.71223478 0.63693517 0.29501730
vn 0.71223478 0.63693517 0.29501730
f 29/29/29 30/30/30 31/31/31
f 29/29/29 31/31/31 32/32/32
v 0.984375000 0.125000000 0.500000000
v 0.967870328 0.125000000 0.625365467
v 0.982962907 0.046875000 0.629409515
v 1.000000000 0.046875000 0.500000000
vt 0.01562500 0.67187500
vt 0.25000000 0.67187500
vt 0.25000000 0.59375000
vt 0.01562500 0.59375000
vn 0.97251039 0.19450191 0.12803338
vn 0.97251039 0.19450191 0.12803338
vn 0.97251039 0.19450191 0.12803338
vn 0.97251039 0.19450191 0.12803338
f 33/33/33 34/34/34 35/35/35
f 33/33/33 35/35/35 36/36/36
v 0.967870328 0.125000000 0.625365467
v 0.919481063 0.125000000 0.742187500
v 0.933012703 0.046875000 0.750000000
v 0.982962907 0.046875000 0.629409515
vt 0.25000000 0.67187500
vt 0.48437500 0.67187500
vt 0.48437500 0.59375000
vt 0.25000000 0.59375000
vn 0.90623540 0.19450200 0.37537496
vn 0.90623540 0.19450200 0.37537496
vn 0.90623540 0.19450200 0.37537496
vn 0.90623540 0.19450200 0.37537496
f 37/37/37 38/38/38 39/39/39
f 37/37/37 39/39/39 40/40/40
v 1.000000000 0.046875000 0.500000000
v 0.982962907 0.046875000 0.629409515
v 0.952777735 0.000000000 0.621321422
v 0.968750000 0.000000000 0.500000000
vt 0.01562500 0.59375000
vt 0.25000000 0.59375000
vt 0.25000000 0.51562500
vt 0.01562500 0.51562500
vn 0.82710282 -0.55140171 0.10889020
vn 0.82710282 -0.55140171 0.10889020
vn 0.82710282 -0.55140171 0.10889020
vn 0.82710282 -0.55140171 0.10889020
f 41/41/41 42/42/42 43/43/43
f 41/41/41 43/43/43 44/44/44
v 0.982962907 0.046875000 0.629409515
v 0.933012703 0.046875000 0.750000000
v 0.905949405 0.000000000 0.734375000
v 0.952777735 0.000000000 0.621321422
vt 0.25000000 0.59375000
vt 0.48437500 0.59375000
vt 0.48437500 0.51562500
vt 0.25000000 0.51562500
vn 0.77073707 -0.55140186 0.31924968
vn 0.77073707 -0.55140186 0.31924968
vn 0.77073707 -0.55140186 0.31924968
vn 0.77073707 -0.55140186 0.31924968
f 45/45/45 46/46/46 47/47/47
f 45/45/45 47/47/47 48/48/48
v 0.637812500 0.340937500 0.500000000
v 0.633116658 0.340937500 0.535668500
v 0.530487030 0.356562500 0.508168970
v 0.531562500 0.356562500 0.500000000
vt 0.01562500 0.90625000
vt 0.25000000 0.90625000
vt 0.25000000 0.98437500
vt 0.01562500 0.98437500
vn -0.14546730 -0.98917769 -0.01915112
vn -0.14546730 -0.98917769 -0.01915112
vn -0.14546730 -0.98917769 -0.01915112
vn -0.14546730 -0.98917769 -0.01915112
f 49/49/49 50/50/50 51/51/51
f 49/49/49 51/51/51 52/52/52
v 0.633116658 0.340937500 0.535668500
v 0.619349125 0.340937500 0.568906250
v 0.527333922 0.356562500 0.515781250
v 0.530487030 0.356562500 0.508168970
vt 0.25000000 0.90625000
vt 0.48437500 0.90625000
vt 0.48437500 0.98437500
vt 0.25000000 0.98437500
vn -0.13555394 -0.98917769 -0.05614830
vn -0.13555394 -0.98917769 -0.05614830
vn -0.13555394 -0.98917769 -0.05614830
vn -0.13555394 -0.98917769 -0.05614830
f 53/53/53 54/54/54 55/55/55
f 53/53/53 55/55/55 56/56/56
v 0.778437500 0.294062500 0.500000000
v 0.768949967 0.294062500 0.572064922
v 0.633116658 0.340937500 0.535668500
v 0.637812500 0.340937500 0.500000000
vt 0.01562500 0.82812500
vt 0.25000000 0.82812500
vt 0.25000000 0.90625000
vt 0.01562500 0.90625000
vn -0.31595408 -0.94786221 -0.04159616
vn -0.31595408 -0.94786221 -0.04159616
vn -0.31595408 -0.94786221 -0.04159616
vn -0.31595408 -0.94786221 -0.04159616
f 57/57/57 58/58/58 59/59/59
f 57/57/57 59/59/59 60/60/60
v 0.768949967 0.294062500 0.572064922
v 0.741133953 0.294062500 0.639218750
v 0.619349125 0.340937500 0.568906250
v 0.633116658 0.340937500 0.535668500
vt 0.25000000 0.82812500
vt 0.48437500 0.82812500
vt 0.48437500 0.90625000
vt 0.25000000 0.90625000
vn -0.29442234 -0.94786222 -0.12195368
vn -0.29442234 -0.94786222 -0.12195368
vn -0.29442234 -0.94786222 -0.12195368
vn -0.29442234 -0.94786222 -0.12195368
f 61/61/61 62/62/62 63/63/63
f 61/61/61 63/63/63 64/64/64
v 0.903437500 0.215937500 0.500000000
v 0.889690703 0.215937500 0.604417312
v 0.768949967 0.294062500 0.572064922
v 0.778437500 0.294062500 0.500000000
vt 0.01562500 0.75000000
vt 0.25000000 0.75000000
vt 0.25000000 0.82812500
vt 0.01562500 0.82812500
vn -0.52871342 -0.84594152 -0.06960643
vn -0.52871342 -0.84594152 -0.06960643
vn -0.52871342 -0.84594152 -0.06960643
vn -0.52871342 -0.84594152 -0.06960643
f 65/65/65 66/66/66 67/67/67
f 65/65/65 67/67/67 68/68/68
v 0.889690703 0.215937500 0.604417312
v 0.849387125 0.215937500 0.701718750
v 0.741133953 0.294062500 0.639218750
v 0.768949967 0.294062500 0.572064922
vt 0.25000000 0.75000000
vt 0.48437500 0.75000000
vt 0.48437500 0.82812500
vt 0.25000000 0.82812500
vn -0.49268250 -0.84594150 -0.20407579
vn -0.49268250 -0.84594150 -0.20407579
vn -0.49268250 -0.84594150 -0.20407579
vn -0.49268250 -0.84594150 -0.20407579
f 69/69/69 70/70/70 71/71/71
f 69/69/69 71/71/71 72/72/72
v 0.981562500 0.122187500 0.500000000
v 0.965153657 0.122187500 0.624637548
v 0.889690703 0.215937500 0.604417312
v 0.903437500 0.215937500 0.500000000
vt 0.01562500 0.67187500
vt 0.25000000 0.67187500
vt 0.25000000 0.75000000
vt 0.01562500 0.75000000
vn -0.76432213 -0.63693509 -0.10062491
vn -0.76432213 -0.63693509 -0.10062491
vn -0.76432213 -0.63693509 -0.10062491
vn -0.76432213 -0.63693509 -0.10062491
f 73/73/73 74/74/74 75/75/75
f 73/73/73 75/75/75 76/76/76
v 0.965153657 0.122187500 0.624637548
v 0.917045360 0.122187500 0.740781250
v 0.849387125 0.215937500 0.701718750
v 0.889690703 0.215937500 0.604417312
vt 0.25000000 0.67187500
vt 0.48437500 0.67187500
vt 0.48437500 0.75000000
vt 0.25000000 0.75000000
vn -0.71223483 -0.63693510 -0.29501733
vn -0.71223483 -0.63693510 -0.29501733
vn -0.71223483 -0.63693510 -0.29501733
vn -0.71223483 -0.63693510 -0.29501733
f 77/77/77 78/78/78 79/79/79
f 77/77/77 79/79/79 80/80/80
v 0.997187500 0.044062500 0.500000000
v 0.980246250 0.044062500 0.628681592
v 0.965153657 0.122187500 0.624637548
v 0.981562500 0.122187500 0.500000000
vt 0.01562500 0.59375000
vt 0.25000000 0.59375000
vt 0.25000000 0.67187500
vt 0.01562500 0.67187500
vn -0.97251035 -0.19450210 -0.12803339
vn -0.97251035 -0.19450210 -0.12803339
vn -0.97251035 -0.19450210 -0.12803339
vn -0.97251035 -0.19450210 -0.12803339
f 81/81/81 82/82/82 83/83/83
f 81/81/81 83/83/83 84/84/84
v 0.980246250 0.044062500 0.628681592
v 0.930577000 0.044062500 0.748593750
v 0.917045360 0.122187500 0.740781250
v 0.965153657 0.122187500 0.624637548
vt 0.25000000 0.59375000
vt 0.48437500 0.59375000
vt 0.48437500 0.67187500
vt 0.25000000 0.67187500
vn -0.90623537 -0.19450200 -0.37537505
vn -0.90623537 -0.19450200 -0.37537505
vn -0.90623537 -0.19450200 -0.37537505
vn -0.90623537 -0.19450200 -0.37537505
f 85/85/85 86/86/86 87/87/87
f 85/85/85 87/87/87 88/88/88
v 0.965937500 -0.002812500 0.500000000
v 0.950061062 -0.002812500 0.620593500
v 0.980246250 0.044062500 0.628681592
v 0.997187500 0.044062500 0.500000000
vt 0.01562500 0.51562500
vt 0.25000000 0.51562500
vt 0.25000000 0.59375000
vt 0.01562500 0.59375000
vn -0.82710270 0.55140190 -0.10889015
vn -0.82710270 0.55140190 -0.10889015
vn -0.82710270 0.55140190 -0.10889015
vn -0.82710270 0.55140190 -0.10889015
f 89/89/89 90/90/90 91/91/91
f 89/89/89 91/91/91 92/92/92
v 0.950061062 -0.002812500 0.620593500
v 0.903513717 -0.002812500 0.732968750
v 0.930577000 0.044062500 0.748593750
v 0.980246250 0.044062500 0.628681592
vt 0.25000000 0.51562500
vt 0.48437500 0.51562500
vt 0.48437500 0.59375000
vt 0.25000000 0.59375000
vn -0.77073717 0.55140168 -0.31924973
vn -0.77073717 0.55140168 -0.31924973
vn -0.77073717 0.55140168 -0.31924973
vn -0.77073717 0.55140168 -0.31924973
f 93/93/93 94/94/94 95/95/95
f 93/93/93 95/95/95 96/96/96
v 0.531562500 0.356562500 0.500000000
v 0.530487030 0.356562500 0.508168970
v 0.533203703 0.359375000 0.508896908
v 0.534375000 0.359375000 0.500000000
vt 0.01562500 0.51562500
vt 0.48437500 0.51562500
vt 0.48437500 0.98437500
vt 0.01562500 0.98437500
vn -0.70406170 0.70406345 -0.09269179
vn -0.70406170 0.70406345 -0.09269179
vn -0.70406170 0.70406345 -0.09269179
vn -0.70406170 0.70406345 -0.09269179
f 97/97/97 98/98/98 99/99/99
f 97/97/97 99/99/99 100/100/100
v 0.530487030 0.356562500 0.508168970
v 0.527333922 0.356562500 0.515781250
v 0.529769625 0.359375000 0.517187500
v 0.533203703 0.359375000 0.508896908
vt 0.01562500 0.51562500
vt 0.48437500 0.51562500
vt 0.48437500 0.98437500
vt 0.01562500 0.98437500
vn -0.65608120 0.70406337 -0.27175766
vn -0.65608120 0.70406337 -0.27175766
vn -0.65608120 0.70406337 -0.27175766
vn -0.65608120 0.70406337 -0.27175766
f 101/101/101 102/102/102 103/103/103
f 101/101/101 103/103/103 104/104/104
v 0.968750000 0.000000000 0.500000000
v 0.952777735 0.000000000 0.621321422
v 0.950061062 -0.002812500 0.620593500
v 0.965937500 -0.002812500 0.500000000
vt 0.01562500 0.98437500
vt 0.48437500 0.98437500
vt 0.48437500 0.51562500
vt 0.01562500 0.51562500
vn 0.70406202 -0.70406317 0.09269151
vn 0.70406202 -0.70406317 0.09269151
vn 0.70406202 -0.70406317 0.09269151
vn 0.70406202 -0.70406317 0.09269151
f 105/105/105 106/106/106 107/107/107
f 105/105/105 107/107/107 108/108/108
v 0.952777735 0.000000000 0.621321422
v 0.905949405 0.000000000 0.734375000
v 0.903513717 -0.002812500 0.732968750
v 0.950061062 -0.002812500 0.620593500
vt 0.01562500 0.98437500
vt 0.48437500 0.98437500
vt 0.48437500 0.51562500
vt 0.01562500 0.51562500
vn 0.65608285 -0.70406154 0.27175843
vn 0.65608285 -0.70406154 0.27175843
vn 0.65608285 -0.70406154 0.27175843
vn 0.65608285 -0.70406154 0.27175843
f 109/109/109 110/110/110 111/111/111
f 109/109/109 111/111/111 112/112/112
v 0.534375000 0.359375000 0.500000000
v 0.640625000 0.343750000 0.500000000
v 0.637812500 0.340937500 0.500000000
v 0.531562500 0.356562500 0.500000000
vt 0.01562500 0.98437500
vt 0.48437500 0.98437500
vt 0.48437500 0.51562500
vt 0.01562500 0.51562500
vn 0.00000000 0.00000000 -1.00000000
vn 0.00000000 0.00000000 -1.00000000
vn 0.00000000 0.00000000 -1.00000000
vn 0.00000000 0.00000000 -1.00000000
f 113/113/113 114/114/114 115/115/115
f 113/113/113 115/115/115 116/116/116
v 0.640625000 0.343750000 0.500000000
v 0.781250000 0.296875000 0.500000000
v 0.778437500 0.294062500 0.500000000
v 0.637812500 0.340937500 0.500000000
vt 0.01562500 0.98437500
vt 0.48437500 0.98437500
vt 0.48437500 0.51562500
vt 0.01562500 0.51562500
vn 0.00000000 0.00000000 -1.00000000
vn 0.00000000 0.00000000 -1.00000000
vn 0.00000000 0.00000000 -1.00000000
vn 0.00000000 0.00000000 -1.00000000
f 117/117/117 118/118/118 119/119/119
f 117/117/117 119/119/119 120/120/120
v 0.781250000 0.296875000 0.500000000
v 0.906250000 0.218750000 0.500000000
v 0.903437500 0.215937500 0.500000000
v 0.778437500 0.294062500 0.500000000
vt 0.01562500 0.98437500
vt 0.48437500 0.98437500
vt 0.48437500 0.51562500
vt 0.01562500 0.51562500
vn 0.00000000 0.00000000 -1.00000000
vn 0.00000000 0.00000000 -1.00000000
vn 0.00000000 0.00000000 -1.00000000
vn 0.00000000 0.00000000 -1.00000000
f 121/121/121 122/122/122 123/123/123
f 121/121/121 123/123/123 124/124/124
v 0.906250000 0.218750000 0.500000000
v 0.984375000 0.125000000 0.500000000
v 0.981562500 0.122187500 0.500000000
v 0.903437500 0.215937500 0.500000000
vt 0.01562500 0.98437500
vt 0.48437500 0.98437500
vt 0.48437500 0.51562500
vt 0.01562500 0.51562500
vn 0.00000000 0.00000000 -1.00000000
vn 0.00000000 0.00000000 -1.00000000
vn 0.00000000 0.00000000 -1.00000000
vn 0.00000000 0.00000000 -1.00000000
f 125/125/125 126/126/126 127/127/127
f 125/125/125 127/127/127 128/128/128
v 0.984375000 0.125000000 0.500000000
v 1.000000000 0.046875000 0.500000000
v 0.997187500 0.044062500 0.500000000
v 0.981562500 0.122187500 0.500000000
vt 0.01562500 0.98437500
vt 0.48437500 0.98437500
vt 0.48437500 0.51562500
vt 0.01562500 0.51562500
vn 0.00000000 0.00000000 -1.00000000
vn 0.00000000 0.00000000 -1.00000000
vn 0.00000000 0.00000000 -1.00000000
vn 0.00000000 0.00000000 -1.00000000
f 129/129/129 130/130/130 131/131/131
f 129/129/129 131/131/131 132/132/132
v 1.000000000 0.046875000 0.500000000
v 0.968750000 0.000000000 0.500000000
v 0.965937500 -0.002812500 0.500000000
v 0.997187500 0.044062500 0.500000000
vt 0.01562500 0.98437500
vt 0.48437500 0.98437500
vt 0.48437500 0.51562500
vt 0.01562500 0.51562500
vn 0.00000000 0.00000000 -1.00000000
vn 0.00000000 0.00000000 -1.00000000
vn 0.00000000 0.00000000 -1.00000000
vn 0.00000000 0.00000000 -1.00000000
f 133/133/133 134/134/134 135/135/135
f 133/133/133 135/135/135 136/136/136
v 0.527333922 0.356562500 0.515781250
v 0.619349125 0.340937500 0.568906250
v 0.621784827 0.343750000 0.570312500
v 0.529769625 0.359375000 0.517187500
vt 0.01562500 0.51562500
vt 0.48437500 0.51562500
vt 0.48437500 0.98437500
vt 0.01562500 0.98437500
vn -0.49999985 0.00000102 0.86602549
vn -0.49999985 0.00000102 0.86602549
vn -0.49999985 0.00000102 0.86602549
vn -0.49999985 0.00000102 0.86602549
f 137/137/137 138/138/138 139/139/139
f 137/137/137 139/139/139 140/140/140
v 0.619349125 0.340937500 0.568906250
v 0.741133953 0.294062500 0.639218750
v 0.743569640 0.296875000 0.640625000
v 0.621784827 0.343750000 0.570312500
vt 0.01562500 0.51562500
vt 0.48437500 0.51562500
vt 0.48437500 0.98437500
vt 0.01562500 0.98437500
vn -0.50000033 -0.00000121 0.86602521
vn -0.50000033 -0.00000121 0.86602521
vn -0.50000033 -0.00000121 0.86602521
vn -0.50000033 -0.00000121 0.86602521
f 141/141/141 142/142/142 143/143/143
f 141/141/141 143/143/143 144/144/144
v 0.741133953 0.294062500 0.639218750
v 0.849387125 0.215937500 0.701718750
v 0.851822813 0.218750000 0.703125000
v 0.743569640 0.296875000 0.640625000
vt 0.01562500 0.51562500
vt 0.48437500 0.51562500
vt 0.48437500 0.98437500
vt 0.01562500 0.98437500
vn -0.50000054 -0.00000097 0.86602509
vn -0.50000054 -0.00000097 0.86602509
vn -0.50000054 -0.00000097 0.86602509
vn -0.50000054 -0.00000097 0.86602509
f 145/145/145 146/146/146 147/147/147
f 145/145/145 147/147/147 148/148/148
v 0.849387125 0.215937500 0.701718750
v 0.917045360 0.122187500 0.740781250
v 0.919481063 0.125000000 0.742187500
v 0.851822813 0.218750000 0.703125000
vt 0.01562500 0.51562500
vt 0.48437500 0.51562500
vt 0.48437500 0.98437500
vt 0.01562500 0.98437500
vn -0.49999944 0.00000054 0.86602573
vn -0.49999944 0.00000054 0.86602573
vn -0.49999944 0.00000054 0.86602573
vn -0.49999944 0.00000054 0.86602573
f 149/149/149 150/150/150 151/151/151
f 149/149/149 151/151/151 152/152/152
v 0.917045360 0.122187500 0.740781250
v 0.930577000 0.044062500 0.748593750
v 0.933012703 0.046875000 0.750000000
v 0.919481063 0.125000000 0.742187500
vt 0.01562500 0.51562500
vt 0.48437500 0.51562500
vt 0.48437500 0.98437500
vt 0.01562500 0.98437500
vn -0.49999917 0.00000023 0.86602588
vn -0.49999917 0.00000023 0.86602588
vn -0.49999917 0.00000023 0.86602588
vn -0.49999917 0.00000023 0.86602588
f 153/153/153 154/154/154 155/155/155
f 153/153/153 155/155/155 156/156/156
v 0.930577000 0.044062500 0.748593750
v 0.903513717 -0.002812500 0.732968750
v 0.905949405 0.000000000 0.734375000
v 0.933012703 0.046875000 0.750000000
vt 0.01562500 0.51562500
vt 0.48437500 0.51562500
vt 0.48437500 0.98437500
vt 0.01562500 0.98437500
vn -0.50000378 0.00000278 0.86602322
vn -0.50000378 0.00000278 0.86602322
vn -0.50000378 0.00000278 0.86602322
vn -0.50000378 0.00000278 0.86602322
f 157/157/157 158/158/158 159/159/159
f 157/157/157 159/159/159 160/160/160
g canopy_gore_02
usemtl parachute
v 0.529769625 0.359375000 0.517187500
v 0.524306797 0.359375000 0.524306797
v 0.599436890 0.343750000 0.599436890
v 0.621784827 0.343750000 0.570312500
vt 0.51562500 0.98437500
vt 0.75000000 0.98437500
vt 0.75000000 0.90625000
vt 0.51562500 0.90625000
vn 0.11640282 0.98917769 0.08931902
vn 0.11640282 0.98917769 0.08931902
vn 0.11640282 0.98917769 0.08931902
vn 0.11640282 0.98917769 0.08931902
f 161/161/161 162/162/162 163/163/163
f 161/161/161 163/163/163 164/164/164
v 0.524306797 0.359375000 0.524306797
v 0.517187500 0.359375000 0.529769625
v 0.570312500 0.343750000 0.621784827
v 0.599436890 0.343750000 0.599436890
vt 0.75000000 0.98437500
vt 0.98437500 0.98437500
vt 0.98437500 0.90625000
vt 0.75000000 0.90625000
vn 0.08931901 0.98917769 0.11640282
vn 0.08931901 0.98917769 0.11640282
vn 0.08931901 0.98917769 0.11640282
vn 0.08931901 0.98917769 0.11640282
f 165/165/165 166/166/166 167/167/167
f 165/165/165 167/167/167 168/168/168
v 0.621784827 0.343750000 0.570312500
v 0.599436890 0.343750000 0.599436890
v 0.698873780 0.296875000 0.698873780
v 0.743569640 0.296875000 0.640625000
vt 0.51562500 0.90625000
vt 0.75000000 0.90625000
vt 0.75000000 0.82812500
vt 0.51562500 0.82812500
vn 0.25282615 0.94786222 0.19400039
vn 0.25282615 0.94786222 0.19400039
vn 0.25282615 0.94786222 0.19400039
vn 0.25282615 0.94786222 0.19400039
f 169/169/169 170/170/170 171/171/171
f 169/169/169 171/171/171 172/172/172
v 0.599436890 0.343750000 0.599436890
v 0.570312500 0.343750000 0.621784827
v 0.640625000 0.296875000 0.743569640
v 0.698873780 0.296875000 0.698873780
vt 0.75000000 0.90625000
vt 0.98437500 0.90625000
vt 0.98437500 0.82812500
vt 0.75000000 0.82812500
vn 0.19400040 0.94786221 0.25282617
vn 0.19400040 0.94786221 0.25282617
vn 0.19400040 0.94786221 0.25282617
vn 0.19400040 0.94786221 0.25282617
f 173/173/173 174/174/174 175/175/175
f 173/173/173 175/175/175 176/176/176
v 0.743569640 0.296875000 0.640625000
v 0.698873780 0.296875000 0.698873780
v 0.787262125 0.218750000 0.787262125
v 0.851822813 0.218750000 0.703125000
vt 0.51562500 0.82812500
vt 0.75000000 0.82812500
vt 0.75000000 0.75000000
vt 0.51562500 0.75000000
vn 0.42307607 0.84594150 0.32463767
vn 0.42307607 0.84594150 0.32463767
vn 0.42307607 0.84594150 0.32463767
vn 0.42307607 0.84594150 0.32463767
f 177/177/177 178/178/178 179/179/179
f 177/177/177 179/179/179 180/180/180
v 0.698873780 0.296875000 0.698873780
v 0.640625000 0.296875000 0.743569640
v 0.703125000 0.218750000 0.851822813
v 0.787262125 0.218750000 0.787262125
vt 0.75000000 0.82812500
vt 0.98437500 0.82812500
vt 0.98437500 0.75000000
vt 0.75000000 0.75000000
vn 0.32463766 0.84594150 0.42307607
vn 0.32463766 0.84594150 0.42307607
vn 0.32463766 0.84594150 0.42307607
vn 0.32463766 0.84594150 0.42307607
f 181/181/181 182/182/182 183/183/183
f 181/181/181 183/183/183 184/184/184
v 0.851822813 0.218750000 0.703125000
v 0.787262125 0.218750000 0.787262125
v 0.842504845 0.125000000 0.842504845
v 0.919481063 0.125000000 0.742187500
vt 0.51562500 0.75000000
vt 0.75000000 0.75000000
vt 0.75000000 0.67187500
vt 0.51562500 0.67187500
vn 0.61160991 0.63693511 0.46930479
vn 0.61160991 0.63693511 0.46930479
vn 0.61160991 0.63693511 0.46930479
vn 0.61160991 0.63693511 0.46930479
f 185/185/185 186/186/186 187/187/187
f 185/185/185 187/187/187 188/188/188
v 0.787262125 0.218750000 0.787262125
v 0.703125000 0.218750000 0.851822813
v 0.742187500 0.125000000 0.919481063
v 0.842504845 0.125000000 0.842504845
vt 0.75000000 0.75000000
vt 0.98437500 0.75000000
vt 0.98437500 0.67187500
vt 0.75000000 0.67187500
vn 0.46930477 0.63693516 0.61160987
vn 0.46930477 0.63693516 0.61160987
vn 0.46930477 0.63693516 0.61160987
vn 0.46930477 0.63693516 0.61160987
f 189/189/189 190/190/190 191/191/191
f 189/189/189 191/191/191 192/192/192
v 0.919481063 0.125000000 0.742187500
v 0.842504845 0.125000000 0.842504845
v 0.853553390 0.046875000 0.853553390
v 0.933012703 0.046875000 0.750000000
vt 0.51562500 0.67187500
vt 0.75000000 0.67187500
vt 0.75000000 0.59375000
vt 0.51562500 0.59375000
vn 0.77820190 0.19450213 0.59713543
vn 0.77820190 0.19450213 0.59713543
vn 0.77820190 0.19450213 0.59713543
vn 0.77820190 0.19450213 0.59713543
f 193/193/193 194/194/194 195/195/195
f 193/193/193 195/195/195 196/196/196
v 0.842504845 0.125000000 0.842504845
v 0.742187500 0.125000000 0.919481063
v 0.750000000 0.046875000 0.933012703
v 0.853553390 0.046875000 0.853553390
vt 0.75000000 0.67187500
vt 0.98437500 0.67187500
vt 0.98437500 0.59375000
vt 0.75000000 0.59375000
vn 0.59713544 0.19450201 0.77820192
vn 0.59713544 0.19450201 0.77820192
vn 0.59713544 0.19450201 0.77820192
vn 0.59713544 0.19450201 0.77820192
f 197/197/197 198/198/198 199/199/199
f 197/197/197 199/199/199 200/200/200
v 0.933012703 0.046875000 0.750000000
v 0.853553390 0.046875000 0.853553390
v 0.831456297 0.000000000 0.831456297
v 0.905949405 0.000000000 0.734375000
vt 0.51562500 0.59375000
vt 0.75000000 0.59375000
vt 0.75000000 0.51562500
vt 0.51562500 0.51562500
vn 0.66184685 -0.55140195 0.50785296
vn 0.66184685 -0.55140195 0.50785296
vn 0.66184685 -0.55140195 0.50785296
vn 0.66184685 -0.55140195 0.50785296
f 201/201/201 202/202/202 203/203/203
f 201/201/201 203/203/203 204/204/204
v 0.853553390 0.046875000 0.853553390
v 0.750000000 0.046875000 0.933012703
v 0.734375000 0.000000000 0.905949405
v 0.831456297 0.000000000 0.831456297
vt 0.75000000 0.59375000
vt 0.98437500 0.59375000
vt 0.98437500 0.51562500
vt 0.75000000 0.51562500
vn 0.50785300 -0.55140186 0.66184690
vn 0.50785300 -0.55140186 0.66184690
vn 0.50785300 -0.55140186 0.66184690
vn 0.50785300 -0.55140186 0.66184690
f 205/205/205 206/206/206 207/207/207
f 205/205/205 207/207/207 208/208/208
v 0.619349125 0.340937500 0.568906250
v 0.597448158 0.340937500 0.597448158
v 0.522318063 0.356562500 0.522318063
v 0.527333922 0.356562500 0.515781250
vt 0.51562500 0.90625000
vt 0.75000000 0.90625000
vt 0.75000000 0.98437500
vt 0.51562500 0.98437500
vn -0.11640283 -0.98917769 -0.08931901
vn -0.11640283 -0.98917769 -0.08931901
vn -0.11640283 -0.98917769 -0.08931901
vn -0.11640283 -0.98917769 -0.08931901
f 209/209/209 210/210/210 211/211/211
f 209/209/209 211/211/211 212/212/212
v 0.597448158 0.340937500 0.597448158
v 0.568906250 0.340937500 0.619349125
v 0.515781250 0.356562500 0.527333922
v 0.522318063 0.356562500 0.522318063
vt 0.75000000 0.90625000
vt 0.98437500 0.90625000
vt 0.98437500 0.98437500
vt 0.75000000 0.98437500
vn -0.08931900 -0.98917769 -0.11640282
vn -0.08931900 -0.98917769 -0.11640282
vn -0.08931900 -0.98917769 -0.11640282
vn -0.08931900 -0.98917769 -0.11640282
f 213/213/213 214/214/214 215/215/215
f 213/213/213 215/215/215 216/216/216
v 0.741133953 0.294062500 0.639218750
v 0.696885048 0.294062500 0.696885048
v 0.597448158 0.340937500 0.597448158
v 0.619349125 0.340937500 0.568906250
vt 0.51562500 0.82812500
vt 0.75000000 0.82812500
vt 0.75000000 0.90625000
vt 0.51562500 0.90625000
vn -0.25282618 -0.94786222 -0.19400035
vn -0.25282618 -0.94786222 -0.19400035
vn -0.25282618 -0.94786222 -0.19400035
vn -0.25282618 -0.94786222 -0.19400035
f 217/217/217 218/218/218 219/219/219
f 217/217/217 219/219/219 220/220/220
v 0.696885048 0.294062500 0.696885048
v 0.639218750 0.294062500 0.741133953
v 0.568906250 0.340937500 0.619349125
v 0.597448158 0.340937500 0.597448158
vt 0.75000000 0.82812500
vt 0.98437500 0.82812500
vt 0.98437500 0.90625000
vt 0.75000000 0.90625000
vn -0.19400035 -0.94786222 -0.25282617
vn -0.19400035 -0.94786222 -0.25282617
vn -0.19400035 -0.94786222 -0.25282617
vn -0.19400035 -0.94786222 -0.25282617
f 221/221/221 222/222/222 223/223/223
f 221/221/221 223/223/223 224/224/224
v 0.849387125 0.215937500 0.701718750
v 0.785273390 0.215937500 0.785273390
v 0.696885048 0.294062500 0.696885048
v 0.741133953 0.294062500 0.639218750
vt 0.51562500 0.75000000
vt 0.75000000 0.75000000
vt 0.75000000 0.82812500
vt 0.51562500 0.82812500
vn -0.42307605 -0.84594150 -0.32463769
vn -0.42307605 -0.84594150 -0.32463769
vn -0.42307605 -0.84594150 -0.32463769
vn -0.42307605 -0.84594150 -0.32463769
f 225/225/225 226/226/226 227/227/227
f 225/225/225 227/227/227 228/228/228
v 0.785273390 0.215937500 0.785273390
v 0.701718750 0.215937500 0.849387125
v 0.639218750 0.294062500 0.741133953
v 0.696885048 0.294062500 0.696885048
vt 0.75000000 0.75000000
vt 0.98437500 0.75000000
vt 0.98437500 0.82812500
vt 0.75000000 0.82812500
vn -0.32463769 -0.84594150 -0.42307605
vn -0.32463769 -0.84594150 -0.42307605
vn -0.32463769 -0.84594150 -0.42307605
vn -0.32463769 -0.84594150 -0.42307605
f 229/229/229 230/230/230 231/231/231
f 229/229/229 231/231/231 232/232/232
v 0.917045360 0.122187500 0.740781250
v 0.840516110 0.122187500 0.840516110
v 0.785273390 0.215937500 0.785273390
v 0.849387125 0.215937500 0.701718750
vt 0.51562500 0.67187500
vt 0.75000000 0.67187500
vt 0.75000000 0.75000000
vt 0.51562500 0.75000000
vn -0.61160991 -0.63693511 -0.46930479
vn -0.61160991 -0.63693511 -0.46930479
vn -0.61160991 -0.63693511 -0.46930479
vn -0.61160991 -0.63693511 -0.46930479
f 233/233/233 234/234/234 235/235/235
f 233/233/233 235/235/235 236/236/236
v 0.840516110 0.122187500 0.840516110
v 0.740781250 0.122187500 0.917045360
v 0.701718750 0.215937500 0.849387125
v 0.785273390 0.215937500 0.785273390
vt 0.75000000 0.67187500
vt 0.98437500 0.67187500
vt 0.98437500 0.75000000
vt 0.75000000 0.75000000
vn -0.46930480 -0.63693510 -0.61160991
vn -0.46930480 -0.63693510 -0.61160991
vn -0.46930480 -0.63693510 -0.61160991
vn -0.46930480 -0.63693510 -0.61160991
f 237/237/237 238/238/238 239/239/239
f 237/237/237 239/239/239 240/240/240
v 0.930577000 0.044062500 0.748593750
v 0.851564655 0.044062500 0.851564655
v 0.840516110 0.122187500 0.840516110
v 0.917045360 0.122187500 0.740781250
vt 0.51562500 0.59375000
vt 0.75000000 0.59375000
vt 0.75000000 0.67187500
vt 0.51562500 0.67187500
vn -0.77820200 -0.19450213 -0.59713531
vn -0.77820200 -0.19450213 -0.59713531
vn -0.77820200 -0.19450213 -0.59713531
vn -0.77820200 -0.19450213 -0.59713531
f 241/241/241 242/242/242 243/243/243
f 241/241/241 243/243/243 244/244/244
v 0.851564655 0.044062500 0.851564655
v 0.748593750 0.044062500 0.930577000
v 0.740781250 0.122187500 0.917045360
v 0.840516110 0.122187500 0.840516110
vt 0.75000000 0.59375000
vt 0.98437500 0.59375000
vt 0.98437500 0.67187500
vt 0.75000000 0.67187500
vn -0.59713532 -0.19450201 -0.77820202
vn -0.59713532 -0.19450201 -0.77820202
vn -0.59713532 -0.19450201 -0.77820202
vn -0.59713532 -0.19450201 -0.77820202
f 245/245/245 246/246/246 247/247/247
f 245/245/245 247/247/247 248/248/248
v 0.903513717 -0.002812500 0.732968750
v 0.829467562 -0.002812500 0.829467562
v 0.851564655 0.044062500 0.851564655
v 0.930577000 0.044062500 0.748593750
vt 0.51562500 0.51562500
vt 0.75000000 0.51562500
vt 0.75000000 0.59375000
vt 0.51562500 0.59375000
vn -0.66184681 0.55140196 -0.50785301
vn -0.66184681 0.55140196 -0.50785301
vn -0.66184681 0.55140196 -0.50785301
vn -0.66184681 0.55140196 -0.50785301
f 249/249/249 250/250/250 251/251/251
f 249/249/249 251/251/251 252/252/252
v 0.829467562 -0.002812500 0.829467562
v 0.732968750 -0.002812500 0.903513717
v 0.748593750 0.044062500 0.930577000
v 0.851564655 0.044062500 0.851564655
vt 0.75000000 0.51562500
vt 0.98437500 0.51562500
vt 0.98437500 0.59375000
vt 0.75000000 0.59375000
vn -0.50785311 0.55140170 -0.66184694
vn -0.50785311 0.55140170 -0.66184694
vn -0.50785311 0.55140170 -0.66184694
vn -0.50785311 0.55140170 -0.66184694
f 253/253/253 254/254/254 255/255/255
f 253/253/253 255/255/255 256/256/256
v 0.527333922 0.356562500 0.515781250
v 0.522318063 0.356562500 0.522318063
v 0.524306797 0.359375000 0.524306797
v 0.529769625 0.359375000 0.517187500
vt 0.51562500 0.51562500
vt 0.98437500 0.51562500
vt 0.98437500 0.98437500
vt 0.51562500 0.98437500
vn -0.56339137 0.70406192 -0.43230426
vn -0.56339137 0.70406192 -0.43230426
vn -0.56339137 0.70406192 -0.43230426
vn -0.56339137 0.70406192 -0.43230426
f 257/257/257 258/258/258 259/259/259
f 257/257/257 259/259/259 260/260/260
v 0.522318063 0.356562500 0.522318063
v 0.515781250 0.356562500 0.527333922
v 0.517187500 0.359375000 0.529769625
v 0.524306797 0.359375000 0.524306797
vt 0.51562500 0.51562500
vt 0.98437500 0.51562500
vt 0.98437500 0.98437500
vt 0.51562500 0.98437500
vn -0.43230341 0.70406333 -0.56339027
vn -0.43230341 0.70406333 -0.56339027
vn -0.43230341 0.70406333 -0.56339027
vn -0.43230341 0.70406333 -0.56339027
f 261/261/261 262/262/262 263/263/263
f 261/261/261 263/263/263 264/264/264
v 0.905949405 0.000000000 0.734375000
v 0.831456297 0.000000000 0.831456297
v 0.829467562 -0.002812500 0.829467562
v 0.903513717 -0.002812500 0.732968750
vt 0.51562500 0.98437500
vt 0.98437500 0.98437500
vt 0.98437500 0.51562500
vt 0.51562500 0.51562500
vn 0.56339074 -0.70406198 0.43230498
vn 0.56339074 -0.70406198 0.43230498
vn 0.56339074 -0.70406198 0.43230498
vn 0.56339074 -0.70406198 0.43230498
f 265/265/265 266/266/266 267/267/267
f 265/265/265 267/267/267 268/268/268
v 0.831456297 0.000000000 0.831456297
v 0.734375000 0.000000000 0.905949405
v 0.732968750 -0.002812500 0.903513717
v 0.829467562 -0.002812500 0.829467562
vt 0.51562500 0.98437500
vt 0.98437500 0.98437500
vt 0.98437500 0.51562500
vt 0.51562500 0.51562500
vn 0.43230516 -0.70406169 0.56339098
vn 0.43230516 -0.70406169 0.56339098
vn 0.43230516 -0.70406169 0.56339098
vn 0.43230516 -0.70406169 0.56339098
f 269/269/269 270/270/270 271/271/271
f 269/269/269 271/271/271 272/272/272
v 0.529769625 0.359375000 0.517187500
v 0.621784827 0.343750000 0.570312500
v 0.619349125 0.340937500 0.568906250
v 0.527333922 0.356562500 0.515781250
vt 0.51562500 0.98437500
vt 0.98437500 0.98437500
vt 0.98437500 0.51562500
vt 0.51562500 0.51562500
vn 0.49999985 -0.00000102 -0.86602549
vn 0.49999985 -0.00000102 -0.86602549
vn 0.49999985 -0.00000102 -0.86602549
vn 0.49999985 -0.00000102 -0.86602549
f 273/273/273 274/274/274 275/275/275
f 273/273/273 275/275/275 276/276/276
v 0.621784827 0.343750000 0.570312500
v 0.743569640 0.296875000 0.640625000
v 0.741133953 0.294062500 0.639218750
v 0.619349125 0.340937500 0.568906250
vt 0.51562500 0.98437500
vt 0.98437500 0.98437500
vt 0.98437500 0.51562500
vt 0.51562500 0.51562500
vn 0.50000037 0.00000117 -0.86602519
vn 0.50000037 0.00000117 -0.86602519
vn 0.50000037 0.00000117 -0.86602519
vn 0.50000037 0.00000117 -0.86602519
f 277/277/277 278/278/278 279/279/279
f 277/277/277 279/279/279 280/280/280
v 0.743569640 0.296875000 0.640625000
v 0.851822813 0.218750000 0.703125000
v 0.849387125 0.215937500 0.701718750
v 0.741133953 0.294062500 0.639218750
vt 0.51562500 0.98437500
vt 0.98437500 0.98437500
vt 0.98437500 0.51562500
vt 0.51562500 0.51562500
vn 0.50000054 0.00000097 -0.86602509
vn 0.50000054 0.00000097 -0.86602509
vn 0.50000054 0.00000097 -0.86602509
vn 0.50000054 0.00000097 -0.86602509
f 281/281/281 282/282/282 283/283/283
f 281/281/281 283/283/283 284/284/284
v 0.851822813 0.218750000 0.703125000
v 0.919481063 0.125000000 0.742187500
v 0.917045360 0.122187500 0.740781250
v 0.849387125 0.215937500 0.701718750
vt 0.51562500 0.98437500
vt 0.98437500 0.98437500
vt 0.98437500 0.51562500
vt 0.51562500 0.51562500
vn 0.49999940 -0.00000049 -0.86602575
vn 0.49999940 -0.00000049 -0.86602575
vn 0.49999940 -0.00000049 -0.86602575
vn 0.49999940 -0.00000049 -0.86602575
f 285/285/285 286/286/286 287/287/287
f 285/285/285 287/287/287 288/288/288
v 0.919481063 0.125000000 0.742187500
v 0.933012703 0.046875000 0.750000000
v 0.930577000 0.044062500 0.748593750
v 0.917045360 0.122187500 0.740781250
vt 0.51562500 0.98437500
vt 0.98437500 0.98437500
vt 0.98437500 0.51562500
vt 0.51562500 0.51562500
vn 0.49999917 -0.00000023 -0.86602588
vn 0.49999917 -0.00000023 -0.86602588
vn 0.49999917 -0.00000023 -0.86602588
vn 0.49999917 -0.00000023 -0.86602588
f 289/289/289 290/290/290 291/291/291
f 289/289/289 291/291/291 292/292/292
v 0.933012703 0.046875000 0.750000000
v 0.905949405 0.000000000 0.734375000
v 0.903513717 -0.002812500 0.732968750
v 0.930577000 0.044062500 0.748593750
vt 0.51562500 0.98437500
vt 0.98437500 0.98437500
vt 0.98437500 0.51562500
vt 0.51562500 0.51562500
vn 0.50000422 -0.00000328 -0.86602297
vn 0.50000422 -0.00000328 -0.86602297
vn 0.50000422 -0.00000328 -0.86602297
vn 0.50000422 -0.00000328 -0.86602297
f 293/293/293 294/294/294 295/295/295
f 293/293/293 295/295/295 296/296/296
v 0.515781250 0.356562500 0.527333922
v 0.568906250 0.340937500 0.619349125
v 0.570312500 0.343750000 0.621784827
v 0.517187500 0.359375000 0.529769625
vt 0.51562500 0.51562500
vt 0.98437500 0.51562500
vt 0.98437500 0.98437500
vt 0.51562500 0.98437500
vn -0.86602549 -0.00000102 0.49999985
vn -0.86602549 -0.00000102 0.49999985
vn -0.86602549 -0.00000102 0.49999985
vn -0.86602549 -0.00000102 0.49999985
f 297/297/297 298/298/298 299/299/299
f 297/297/297 299/299/299 300/300/300
v 0.568906250 0.340937500 0.619349125
v 0.639218750 0.294062500 0.741133953
v 0.640625000 0.296875000 0.743569640
v 0.570312500 0.343750000 0.621784827
vt 0.51562500 0.51562500
vt 0.98437500 0.51562500
vt 0.98437500 0.98437500
vt 0.51562500 0.98437500
vn -0.86602521 0.00000121 0.50000033
vn -0.86602521 0.00000121 0.50000033
vn -0.86602521 0.00000121 0.50000033
vn -0.86602521 0.00000121 0.50000033
f 301/301/301 302/302/302 303/303/303
f 301/301/301 303/303/303 304/304/304
v 0.639218750 0.294062500 0.741133953
v 0.701718750 0.215937500 0.849387125
v 0.703125000 0.218750000 0.851822813
v 0.640625000 0.296875000 0.743569640
vt 0.51562500 0.51562500
vt 0.98437500 0.51562500
vt 0.98437500 0.98437500
vt 0.51562500 0.98437500
vn -0.86602509 0.00000097 0.50000054
vn -0.86602509 0.00000097 0.50000054
vn -0.86602509 0.00000097 0.50000054
vn -0.86602509 0.00000097 0.50000054
f 305/305/305 306/306/306 307/307/307
f 305/305/305 307/307/307 308/308/308
v 0.701718750 0.215937500 0.849387125
v 0.740781250 0.122187500 0.917045360
v 0.742187500 0.125000000 0.919481063
v 0.703125000 0.218750000 0.851822813
vt 0.51562500 0.51562500
vt 0.98437500 0.51562500
vt 0.98437500 0.98437500
vt 0.51562500 0.98437500
vn -0.86602573 -0.00000054 0.49999944
vn -0.86602573 -0.00000054 0.49999944
vn -0.86602573 -0.00000054 0.49999944
vn -0.86602573 -0.00000054 0.49999944
f 309/309/309 310/310/310 311/311/311
f 309/309/309 311/311/311 312/312/312
v 0.740781250 0.122187500 0.917045360
v 0.748593750 0.044062500 0.930577000
v 0.750000000 0.046875000 0.933012703
v 0.742187500 0.125000000 0.919481063
vt 0.51562500 0.51562500
vt 0.98437500 0.51562500
vt 0.98437500 0.98437500
vt 0.51562500 0.98437500
vn -0.86602588 -0.00000023 0.49999917
vn -0.86602588 -0.00000023 0.49999917
vn -0.86602588 -0.00000023 0.49999917
vn -0.86602588 -0.00000023 0.49999917
f 313/313/313 314/314/314 315/315/315
f 313/313/313 315/315/315 316/316/316
v 0.748593750 0.044062500 0.930577000
v 0.732968750 -0.002812500 0.903513717
v 0.734375000 0.000000000 0.905949405
v 0.750000000 0.046875000 0.933012703
vt 0.51562500 0.51562500
vt 0.98437500 0.51562500
vt 0.98437500 0.98437500
vt 0.51562500 0.98437500
vn -0.86602322 -0.00000278 0.50000378
vn -0.86602322 -0.00000278 0.50000378
vn -0.86602322 -0.00000278 0.50000378
vn -0.86602322 -0.00000278 0.50000378
f 317/317/317 318/318/318 319/319/319
f 317/317/317 319/319/319 320/320/320
g canopy_gore_03
usemtl parachute
v 0.517187500 0.359375000 0.529769625
v 0.508896908 0.359375000 0.533203703
v 0.536396422 0.343750000 0.635833312
v 0.570312500 0.343750000 0.621784827
vt 0.01562500 0.98437500
vt 0.25000000 0.98437500
vt 0.25000000 0.90625000
vt 0.01562500 0.90625000
vn 0.05614832 0.98917768 0.13555396
vn 0.05614832 0.98917768 0.13555396
vn 0.05614832 0.98917768 0.13555396
vn 0.05614832 0.98917768 0.13555396
f 321/321/321 322/322/322 323/323/323
f 321/321/321 323/323/323 324/324/324
v 0.508896908 0.359375000 0.533203703
v 0.500000000 0.359375000 0.534375000
v 0.500000000 0.343750000 0.640625000
v 0.536396422 0.343750000 0.635833312
vt 0.25000000 0.98437500
vt 0.48437500 0.98437500
vt 0.48437500 0.90625000
vt 0.25000000 0.90625000
vn 0.01915108 0.98917769 0.14546731
vn 0.01915108 0.98917769 0.14546731
vn 0.01915108 0.98917769 0.14546731
vn 0.01915108 0.98917769 0.14546731
f 325/325/325 326/326/326 327/327/327
f 325/325/325 327/327/327 328/328/328
v 0.570312500 0.343750000 0.621784827
v 0.536396422 0.343750000 0.635833312
v 0.572792860 0.296875000 0.771666640
v 0.640625000 0.296875000 0.743569640
vt 0.01562500 0.90625000
vt 0.25000000 0.90625000
vt 0.25000000 0.82812500
vt 0.01562500 0.82812500
vn 0.12195359 0.94786223 0.29442234
vn 0.12195359 0.94786223 0.29442234
vn 0.12195359 0.94786223 0.29442234
vn 0.12195359 0.94786223 0.29442234
f 329/329/329 330/330/330 331/331/331
f 329/329/329 331/331/331 332/332/332
v 0.536396422 0.343750000 0.635833312
v 0.500000000 0.343750000 0.640625000
v 0.500000000 0.296875000 0.781250000
v 0.572792860 0.296875000 0.771666640
vt 0.25000000 0.90625000
vt 0.48437500 0.90625000
vt 0.48437500 0.82812500
vt 0.25000000 0.82812500
vn 0.04159621 0.94786222 0.31595407
vn 0.04159621 0.94786222 0.31595407
vn 0.04159621 0.94786222 0.31595407
vn 0.04159621 0.94786222 0.31595407
f 333/333/333 334/334/334 335/335/335
f 333/333/333 335/335/335 336/336/336
v 0.640625000 0.296875000 0.743569640
v 0.572792860 0.296875000 0.771666640
v 0.605145235 0.218750000 0.892407360
v 0.703125000 0.218750000 0.851822813
vt 0.01562500 0.82812500
vt 0.25000000 0.82812500
vt 0.25000000 0.75000000
vt 0.01562500 0.75000000
vn 0.20407583 0.84594149 0.49268251
vn 0.20407583 0.84594149 0.49268251
vn 0.20407583 0.84594149 0.49268251
vn 0.20407583 0.84594149 0.49268251
f 337/337/337 338/338/338 339/339/339
f 337/337/337 339/339/339 340/340/340
v 0.572792860 0.296875000 0.771666640
v 0.500000000 0.296875000 0.781250000
v 0.500000000 0.218750000 0.906250000
v 0.605145235 0.218750000 0.892407360
vt 0.25000000 0.82812500
vt 0.48437500 0.82812500
vt 0.48437500 0.75000000
vt 0.25000000 0.75000000
vn 0.06960643 0.84594151 0.52871344
vn 0.06960643 0.84594151 0.52871344
vn 0.06960643 0.84594151 0.52871344
vn 0.06960643 0.84594151 0.52871344
f 341/341/341 342/342/342 343/343/343
f 341/341/341 343/343/343 344/344/344
v 0.703125000 0.218750000 0.851822813
v 0.605145235 0.218750000 0.892407360
v 0.625365467 0.125000000 0.967870328
v 0.742187500 0.125000000 0.919481063
vt 0.01562500 0.75000000
vt 0.25000000 0.75000000
vt 0.25000000 0.67187500
vt 0.01562500 0.67187500
vn 0.29501730 0.63693516 0.71223479
vn 0.29501730 0.63693516 0.71223479
vn 0.29501730 0.63693516 0.71223479
vn 0.29501730 0.63693516 0.71223479
f 345/345/345 346/346/346 347/347/347
f 345/345/345 347/347/347 348/348/348
v 0.605145235 0.218750000 0.892407360
v 0.500000000 0.218750000 0.906250000
v 0.500000000 0.125000000 0.984375000
v 0.625365467 0.125000000 0.967870328
vt 0.25000000 0.75000000
vt 0.48437500 0.75000000
vt 0.48437500 0.67187500
vt 0.25000000 0.67187500
vn 0.10062497 0.63693510 0.76432212
vn 0.10062497 0.63693510 0.76432212
vn 0.10062497 0.63693510 0.76432212
vn 0.10062497 0.63693510 0.76432212
f 349/349/349 350/350/350 351/351/351
f 349/349/349 351/351/351 352/352/352
v 0.742187500 0.125000000 0.919481063
v 0.625365467 0.125000000 0.967870328
v 0.629409515 0.046875000 0.982962907
v 0.750000000 0.046875000 0.933012703
vt 0.01562500 0.67187500
vt 0.25000000 0.67187500
vt 0.25000000 0.59375000
vt 0.01562500 0.59375000
vn 0.37537497 0.19450192 0.90623542
vn 0.37537497 0.19450192 0.90623542
vn 0.37537497 0.19450192 0.90623542
vn 0.37537497 0.19450192 0.90623542
f 353/353/353 354/354/354 355/355/355
f 353/353/353 355/355/355 356/356/356
v 0.625365467 0.125000000 0.967870328
v 0.500000000 0.125000000 0.984375000
v 0.500000000 0.046875000 1.000000000
v 0.629409515 0.046875000 0.982962907
vt 0.25000000 0.67187500
vt 0.48437500 0.67187500
vt 0.48437500 0.59375000
vt 0.25000000 0.59375000
vn 0.12803338 0.19450207 0.97251036
vn 0.12803338 0.19450207 0.97251036
vn 0.12803338 0.19450207 0.97251036
vn 0.12803338 0.19450207 0.97251036
f 357/357/357 358/358/358 359/359/359
f 357/357/357 359/359/359 360/360/360
v 0.750000000 0.046875000 0.933012703
v 0.629409515 0.046875000 0.982962907
v 0.621321422 0.000000000 0.952777735
v 0.734375000 0.000000000 0.905949405
vt 0.01562500 0.59375000
vt 0.25000000 0.59375000
vt 0.25000000 0.51562500
vt 0.01562500 0.51562500
vn 0.31924971 -0.55140171 0.77073716
vn 0.31924971 -0.55140171 0.77073716
vn 0.31924971 -0.55140171 0.77073716
vn 0.31924971 -0.55140171 0.77073716
f 361/361/361 362/362/362 363/363/363
f 361/361/361 363/363/363 364/364/364
v 0.629409515 0.046875000 0.982962907
v 0.500000000 0.046875000 1.000000000
v 0.500000000 0.000000000 0.968750000
v 0.621321422 0.000000000 0.952777735
vt 0.25000000 0.59375000
vt 0.48437500 0.59375000
vt 0.48437500 0.51562500
vt 0.25000000 0.51562500
vn 0.10889019 -0.55140183 0.82710274
vn 0.10889019 -0.55140183 0.82710274
vn 0.10889019 -0.55140183 0.82710274
vn 0.10889019 -0.55140183 0.82710274
f 365/365/365 366/366/366 367/367/367
f 365/365/365 367/367/367 368/368/368
v 0.568906250 0.340937500 0.619349125
v 0.535668500 0.340937500 0.633116658
v 0.508168970 0.356562500 0.530487030
v 0.515781250 0.356562500 0.527333922
vt 0.01562500 0.90625000
vt 0.25000000 0.90625000
vt 0.25000000 0.98437500
vt 0.01562500 0.98437500
vn -0.05614830 -0.98917769 -0.13555394
vn -0.05614830 -0.98917769 -0.13555394
vn -0.05614830 -0.98917769 -0.13555394
vn -0.05614830 -0.98917769 -0.13555394
f 369/369/369 370/370/370 371/371/371
f 369/369/369 371/371/371 372/372/372
v 0.535668500 0.340937500 0.633116658
v 0.500000000 0.340937500 0.637812500
v 0.500000000 0.356562500 0.531562500
v 0.508168970 0.356562500 0.530487030
vt 0.25000000 0.90625000
vt 0.48437500 0.90625000
vt 0.48437500 0.98437500
vt 0.25000000 0.98437500
vn -0.01915112 -0.98917769 -0.14546731
vn -0.01915112 -0.98917769 -0.14546731
vn -0.01915112 -0.98917769 -0.14546731
vn -0.01915112 -0.98917769 -0.14546731
f 373/373/373 374/374/374 375/375/375
f 373/373/373 375/375/375 376/376/376
v 0.639218750 0.294062500 0.741133953
v 0.572064922 0.294062500 0.768949967
v 0.535668500 0.340937500 0.633116658
v 0.568906250 0.340937500 0.619349125
vt 0.01562500 0.82812500
vt 0.25000000 0.82812500
vt 0.25000000 0.90625000
vt 0.01562500 0.90625000
vn -0.12195368 -0.94786221 -0.29442235
vn -0.12195368 -0.94786221 -0.29442235
vn -0.12195368 -0.94786221 -0.29442235
vn -0.12195368 -0.94786221 -0.29442235
f 377/377/377 378/378/378 379/379/379
f 377/377/377 379/379/379 380/380/380
v 0.572064922 0.294062500 0.768949967
v 0.500000000 0.294062500 0.778437500
v 0.500000000 0.340937500 0.637812500
v 0.535668500 0.340937500 0.633116658
vt 0.25000000 0.82812500
vt 0.48437500 0.82812500
vt 0.48437500 0.90625000
vt 0.25000000 0.90625000
vn -0.04159616 -0.94786222 -0.31595407
vn -0.04159616 -0.94786222 -0.31595407
vn -0.04159616 -0.94786222 -0.31595407
vn -0.04159616 -0.94786222 -0.31595407
f 381/381/381 382/382/382 383/383/383
f 381/381/381 383/383/383 384/384/384
v 0.701718750 0.215937500 0.849387125
v 0.604417312 0.215937500 0.889690703
v 0.572064922 0.294062500 0.768949967
v 0.639218750 0.294062500 0.741133953
vt 0.01562500 0.75000000
vt 0.25000000 0.75000000
vt 0.25000000 0.82812500
vt 0.01562500 0.82812500
vn -0.20407577 -0.84594153 -0.49268246
vn -0.20407577 -0.84594153 -0.49268246
vn -0.20407577 -0.84594153 -0.49268246
vn -0.20407577 -0.84594153 -0.49268246
f 385/385/385 386/386/386 387/387/387
f 385/385/385 387/387/387 388/388/388
v 0.604417312 0.215937500 0.889690703
v 0.500000000 0.215937500 0.903437500
v 0.500000000 0.294062500 0.778437500
v 0.572064922 0.294062500 0.768949967
vt 0.25000000 0.75000000
vt 0.48437500 0.75000000
vt 0.48437500 0.82812500
vt 0.25000000 0.82812500
vn -0.06960643 -0.84594151 -0.52871344
vn -0.06960643 -0.84594151 -0.52871344
vn -0.06960643 -0.84594151 -0.52871344
vn -0.06960643 -0.84594151 -0.52871344
f 389/389/389 390/390/390 391/391/391
f 389/389/389 391/391/391 392/392/392
v 0.740781250 0.122187500 0.917045360
v 0.624637548 0.122187500 0.965153657
v 0.604417312 0.215937500 0.889690703
v 0.701718750 0.215937500 0.849387125
vt 0.01562500 0.67187500
vt 0.25000000 0.67187500
vt 0.25000000 0.75000000
vt 0.01562500 0.75000000
vn -0.29501733 -0.63693508 -0.71223484
vn -0.29501733 -0.63693508 -0.71223484
vn -0.29501733 -0.63693508 -0.71223484
vn -0.29501733 -0.63693508 -0.71223484
f 393/393/393 394/394/394 395/395/395
f 393/393/393 395/395/395 396/396/396
v 0.624637548 0.122187500 0.965153657
v 0.500000000 0.122187500 0.981562500
v 0.500000000 0.215937500 0.903437500
v 0.604417312 0.215937500 0.889690703
vt 0.25000000 0.67187500
vt 0.48437500 0.67187500
vt 0.48437500 0.75000000
vt 0.25000000 0.75000000
vn -0.10062491 -0.63693510 -0.76432212
vn -0.10062491 -0.63693510 -0.76432212
vn -0.10062491 -0.63693510 -0.76432212
vn -0.10062491 -0.63693510 -0.76432212
f 397/397/397 398/398/398 399/399/399
f 397/397/397 399/399/399 400/400/400
v 0.748593750 0.044062500 0.930577000
v 0.628681592 0.044062500 0.980246250
v 0.624637548 0.122187500 0.965153657
v 0.740781250 0.122187500 0.917045360
vt 0.01562500 0.59375000
vt 0.25000000 0.59375000
vt 0.25000000 0.67187500
vt 0.01562500 0.67187500
vn -0.37537504 -0.19450210 -0.90623535
vn -0.37537504 -0.19450210 -0.90623535
vn -0.37537504 -0.19450210 -0.90623535
vn -0.37537504 -0.19450210 -0.90623535
f 401/401/401 402/402/402 403/403/403
f 401/401/401 403/403/403 404/404/404
v 0.628681592 0.044062500 0.980246250
v 0.500000000 0.044062500 0.997187500
v 0.500000000 0.122187500 0.981562500
v 0.624637548 0.122187500 0.965153657
vt 0.25000000 0.59375000
vt 0.48437500 0.59375000
vt 0.48437500 0.67187500
vt 0.25000000 0.67187500
vn -0.12803339 -0.19450207 -0.97251036
vn -0.12803339 -0.19450207 -0.97251036
vn -0.12803339 -0.19450207 -0.97251036
vn -0.12803339 -0.19450207 -0.97251036
f 405/405/405 406/406/406 407/407/407
f 405/405/405 407/407/407 408/408/408
v 0.732968750 -0.002812500 0.903513717
v 0.620593500 -0.002812500 0.950061062
v 0.628681592 0.044062500 0.980246250
v 0.748593750 0.044062500 0.930577000
vt 0.01562500 0.51562500
vt 0.25000000 0.51562500
vt 0.25000000 0.59375000
vt 0.01562500 0.59375000
vn -0.31924968 0.55140189 -0.77073705
vn -0.31924968 0.55140189 -0.77073705
vn -0.31924968 0.55140189 -0.77073705
vn -0.31924968 0.55140189 -0.77073705
f 409/409/409 410/410/410 411/411/411
f 409/409/409 411/411/411 412/412/412
v 0.620593500 -0.002812500 0.950061062
v 0.500000000 -0.002812500 0.965937500
v 0.500000000 0.044062500 0.997187500
v 0.628681592 0.044062500 0.980246250
vt 0.25000000 0.51562500
vt 0.48437500 0.51562500
vt 0.48437500 0.59375000
vt 0.25000000 0.59375000
vn -0.10889016 0.55140183 -0.82710275
vn -0.10889016 0.55140183 -0.82710275
vn -0.10889016 0.55140183 -0.82710275
vn -0.10889016 0.55140183 -0.82710275
f 413/413/413 414/414/414 415/415/415
f 413/413/413 415/415/415 416/416/416
v 0.515781250 0.356562500 0.527333922
v 0.508168970 0.356562500 0.530487030
v 0.508896908 0.359375000 0.533203703
v 0.517187500 0.359375000 0.529769625
vt 0.01562500 0.51562500
vt 0.48437500 0.51562500
vt 0.48437500 0.98437500
vt 0.01562500 0.98437500
vn -0.27175755 0.70406368 -0.65608092
vn -0.27175755 0.70406368 -0.65608092
vn -0.27175755 0.70406368 -0.65608092
vn -0.27175755 0.70406368 -0.65608092
f 417/417/417 418/418/418 419/419/419
f 417/417/417 419/419/419 420/420/420
v 0.508168970 0.356562500 0.530487030
v 0.500000000 0.356562500 0.531562500
v 0.500000000 0.359375000 0.534375000
v 0.508896908 0.359375000 0.533203703
vt 0.01562500 0.51562500
vt 0.48437500 0.51562500
vt 0.48437500 0.98437500
vt 0.01562500 0.98437500
vn -0.09269191 0.70406257 -0.70406257
vn -0.09269191 0.70406257 -0.70406257
vn -0.09269191 0.70406257 -0.70406257
vn -0.09269191 0.70406257 -0.70406257
f 421/421/421 422/422/422 423/423/423
f 421/421/421 423/423/423 424/424/424
v 0.734375000 0.000000000 0.905949405
v 0.621321422 0.000000000 0.952777735
v 0.620593500 -0.002812500 0.950061062
v 0.732968750 -0.002812500 0.903513717
vt 0.01562500 0.98437500
vt 0.48437500 0.98437500
vt 0.48437500 0.51562500
vt 0.01562500 0.51562500
vn 0.27175791 -0.70406291 0.65608159
vn 0.27175791 -0.70406291 0.65608159
vn 0.27175791 -0.70406291 0.65608159
vn 0.27175791 -0.70406291 0.65608159
f 425/425/425 426/426/426 427/427/427
f 425/425/425 427/427/427 428/428/428
v 0.621321422 0.000000000 0.952777735
v 0.500000000 0.000000000 0.968750000
v 0.500000000 -0.002812500 0.965937500
v 0.620593500 -0.002812500 0.950061062
vt 0.01562500 0.98437500
vt 0.48437500 0.98437500
vt 0.48437500 0.51562500
vt 0.01562500 0.51562500
vn 0.09269158 -0.70406259 0.70406259
vn 0.09269158 -0.70406259 0.70406259
vn 0.09269158 -0.70406259 0.70406259
vn 0.09269158 -0.70406259 0.70406259
f 429/429/429 430/430/430 431/431/431
f 429/429/429 431/431/431 432/432/432
v 0.517187500 0.359375000 0.529769625
v 0.570312500 0.343750000 0.621784827
v 0.568906250 0.340937500 0.619349125
v 0.515781250 0.356562500 0.527333922
vt 0.01562500 0.98437500
vt 0.48437500 0.98437500
vt 0.48437500 0.51562500
vt 0.01562500 0.51562500
vn 0.86602549 0.00000102 -0.49999985
vn 0.86602549 0.00000102 -0.49999985
vn 0.86602549 0.00000102 -0.49999985
vn 0.86602549 0.00000102 -0.49999985
f 433/433/433 434/434/434 435/435/435
f 433/433/433 435/435/435 436/436/436
v 0.570312500 0.343750000 0.621784827
v 0.640625000 0.296875000 0.743569640
v 0.639218750 0.294062500 0.741133953
v 0.568906250 0.340937500 0.619349125
vt 0.01562500 0.98437500
vt 0.48437500 0.98437500
vt 0.48437500 0.51562500
vt 0.01562500 0.51562500
vn 0.86602519 -0.00000117 -0.50000037
vn 0.86602519 -0.00000117 -0.50000037
vn 0.86602519 -0.00000117 -0.50000037
vn 0.86602519 -0.00000117 -0.50000037
f 437/437/437 438/438/438 439/439/439
f 437/437/437 439/439/439 440/440/440
v 0.640625000 0.296875000 0.743569640
v 0.703125000 0.218750000 0.851822813
v 0.701718750 0.215937500 0.849387125
v 0.639218750 0.294062500 0.741133953
vt 0.01562500 0.98437500
vt 0.48437500 0.98437500
vt 0.48437500 0.51562500
vt 0.01562500 0.51562500
vn 0.86602509 -0.00000097 -0.50000054
vn 0.86602509 -0.00000097 -0.50000054
vn 0.86602509 -0.00000097 -0.50000054
vn 0.86602509 -0.00000097 -0.50000054
f 441/441/441 442/442/442 443/443/443
f 441/441/441 443/443/443 444/444/444
v 0.703125000 0.218750000 0.851822813
v 0.742187500 0.125000000 0.919481063
v 0.740781250 0.122187500 0.917045360
v 0.701718750 0.215937500 0.849387125
vt 0.01562500 0.98437500
vt 0.48437500 0.98437500
vt 0.48437500 0.51562500
vt 0.01562500 0.51562500
vn 0.86602575 0.00000049 -0.49999940
vn 0.86602575 0.00000049 -0.49999940
vn 0.86602575 0.00000049 -0.49999940
vn 0.86602575 0.00000049 -0.49999940
f 445/445/445 446/446/446 447/447/447
f 445/445/445 447/447/447 448/448/448
v 0.742187500 0.125000000 0.919481063
v 0.750000000 0.046875000 0.933012703
v 0.748593750 0.044062500 0.930577000
v 0.740781250 0.122187500 0.917045360
vt 0.01562500 0.98437500
vt 0.48437500 0.98437500
vt 0.48437500 0.51562500
vt 0.01562500 0.51562500
vn 0.86602588 0.00000023 -0.49999917
vn 0.86602588 0.00000023 -0.49999917
vn 0.86602588 0.00000023 -0.49999917
vn 0.86602588 0.00000023 -0.49999917
f 449/449/449 450/450/450 451/451/451
f 449/449/449 451/451/451 452/452/452
v 0.750000000 0.046875000 0.933012703
v 0.734375000 0.000000000 0.905949405
v 0.732968750 -0.002812500 0.903513717
v 0.748593750 0.044062500 0.930577000
vt 0.01562500 0.98437500
vt 0.48437500 0.98437500
vt 0.48437500 0.51562500
vt 0.01562500 0.51562500
vn 0.86602297 0.00000328 -0.50000422
vn 0.86602297 0.00000328 -0.50000422
vn 0.86602297 0.00000328 -0.50000422
vn 0.86602297 0.00000328 -0.50000422
f 453/453/453 454/454/454 455/455/455
f 453/453/453 455/455/455 456/456/456
v 0.500000000 0.356562500 0.531562500
v 0.500000000 0.340937500 0.637812500
v 0.500000000 0.343750000 0.640625000
v 0.500000000 0.359375000 0.534375000
vt 0.01562500 0.51562500
vt 0.48437500 0.51562500
vt 0.48437500 0.98437500
vt 0.01562500 0.98437500
vn -1.00000000 0.00000000 0.00000000
vn -1.00000000 0.00000000 0.00000000
vn -1.00000000 0.00000000 0.00000000
vn -1.00000000 0.00000000 0.00000000
f 457/457/457 458/458/458 459/459/459
f 457/457/457 459/459/459 460/460/460
v 0.500000000 0.340937500 0.637812500
v 0.500000000 0.294062500 0.778437500
v 0.500000000 0.296875000 0.781250000
v 0.500000000 0.343750000 0.640625000
vt 0.01562500 0.51562500
vt 0.48437500 0.51562500
vt 0.48437500 0.98437500
vt 0.01562500 0.98437500
vn -1.00000000 0.00000000 0.00000000
vn -1.00000000 0.00000000 0.00000000
vn -1.00000000 0.00000000 0.00000000
vn -1.00000000 0.00000000 0.00000000
f 461/461/461 462/462/462 463/463/463
f 461/461/461 463/463/463 464/464/464
v 0.500000000 0.294062500 0.778437500
v 0.500000000 0.215937500 0.903437500
v 0.500000000 0.218750000 0.906250000
v 0.500000000 0.296875000 0.781250000
vt 0.01562500 0.51562500
vt 0.48437500 0.51562500
vt 0.48437500 0.98437500
vt 0.01562500 0.98437500
vn -1.00000000 0.00000000 0.00000000
vn -1.00000000 0.00000000 0.00000000
vn -1.00000000 0.00000000 0.00000000
vn -1.00000000 0.00000000 0.00000000
f 465/465/465 466/466/466 467/467/467
f 465/465/465 467/467/467 468/468/468
v 0.500000000 0.215937500 0.903437500
v 0.500000000 0.122187500 0.981562500
v 0.500000000 0.125000000 0.984375000
v 0.500000000 0.218750000 0.906250000
vt 0.01562500 0.51562500
vt 0.48437500 0.51562500
vt 0.48437500 0.98437500
vt 0.01562500 0.98437500
vn -1.00000000 0.00000000 0.00000000
vn -1.00000000 0.00000000 0.00000000
vn -1.00000000 0.00000000 0.00000000
vn -1.00000000 0.00000000 0.00000000
f 469/469/469 470/470/470 471/471/471
f 469/469/469 471/471/471 472/472/472
v 0.500000000 0.122187500 0.981562500
v 0.500000000 0.044062500 0.997187500
v 0.500000000 0.046875000 1.000000000
v 0.500000000 0.125000000 0.984375000
vt 0.01562500 0.51562500
vt 0.48437500 0.51562500
vt 0.48437500 0.98437500
vt 0.01562500 0.98437500
vn -1.00000000 0.00000000 0.00000000
vn -1.00000000 0.00000000 0.00000000
vn -1.00000000 0.00000000 0.00000000
vn -1.00000000 0.00000000 0.00000000
f 473/473/473 474/474/474 475/475/475
f 473/473/473 475/475/475 476/476/476
v 0.500000000 0.044062500 0.997187500
v 0.500000000 -0.002812500 0.965937500
v 0.500000000 0.000000000 0.968750000
v 0.500000000 0.046875000 1.000000000
vt 0.01562500 0.51562500
vt 0.48437500 0.51562500
vt 0.48437500 0.98437500
vt 0.01562500 0.98437500
vn -1.00000000 0.00000000 0.00000000
vn -1.00000000 0.00000000 0.00000000
vn -1.00000000 0.00000000 0.00000000
vn -1.00000000 0.00000000 0.00000000
f 477/477/477 478/478/478 479/479/479
f 477/477/477 479/479/479 480/480/480
g canopy_gore_04
usemtl parachute
v 0.500000000 0.359375000 0.534375000
v 0.491103093 0.359375000 0.533203703
v 0.463603578 0.343750000 0.635833312
v 0.500000000 0.343750000 0.640625000
vt 0.51562500 0.98437500
vt 0.75000000 0.98437500
vt 0.75000000 0.90625000
vt 0.51562500 0.90625000
vn -0.01915109 0.98917768 0.14546733
vn -0.01915109 0.98917768 0.14546733
vn -0.01915109 0.98917768 0.14546733
vn -0.01915109 0.98917768 0.14546733
f 481/481/481 482/482/482 483/483/483
f 481/481/481 483/483/483 484/484/484
v 0.491103093 0.359375000 0.533203703
v 0.482812500 0.359375000 0.529769625
v 0.429687500 0.343750000 0.621784827
v 0.463603578 0.343750000 0.635833312
vt 0.75000000 0.98437500
vt 0.98437500 0.98437500
vt 0.98437500 0.90625000
vt 0.75000000 0.90625000
vn -0.05614831 0.98917769 0.13555393
vn -0.05614831 0.98917769 0.13555393
vn -0.05614831 0.98917769 0.13555393
vn -0.05614831 0.98917769 0.13555393
f 485/485/485 486/486/486 487/487/487
f 485/485/485 487/487/487 488/488/488
v 0.500000000 0.343750000 0.640625000
v 0.463603578 0.343750000 0.635833312
v 0.427207140 0.296875000 0.771666640
v 0.500000000 0.296875000 0.781250000
vt 0.51562500 0.90625000
vt 0.75000000 0.90625000
vt 0.75000000 0.82812500
vt 0.51562500 0.82812500
vn -0.04159620 0.94786223 0.31595404
vn -0.04159620 0.94786223 0.31595404
vn -0.04159620 0.94786223 0.31595404
vn -0.04159620 0.94786223 0.31595404
f 489/489/489 490/490/490 491/491/491
f 489/489/489 491/491/491 492/492/492
v 0.463603578 0.343750000 0.635833312
v 0.429687500 0.343750000 0.621784827
v 0.359375000 0.296875000 0.743569640
v 0.427207140 0.296875000 0.771666640
vt 0.75000000 0.90625000
vt 0.98437500 0.90625000
vt 0.98437500 0.82812500
vt 0.75000000 0.82812500
vn -0.12195362 0.94786221 0.29442240
vn -0.12195362 0.94786221 0.29442240
vn -0.12195362 0.94786221 0.29442240
vn -0.12195362 0.94786221 0.29442240
f 493/493/493 494/494/494 495/495/495
f 493/493/493 495/495/495 496/496/496
v 0.500000000 0.296875000 0.781250000
v 0.427207140 0.296875000 0.771666640
v 0.394854765 0.218750000 0.892407360
v 0.500000000 0.218750000 0.906250000
vt 0.51562500 0.82812500
vt 0.75000000 0.82812500
vt 0.75000000 0.75000000
vt 0.51562500 0.75000000
vn -0.06960643 0.84594149 0.52871348
vn -0.06960643 0.84594149 0.52871348
vn -0.06960643 0.84594149 0.52871348
vn -0.06960643 0.84594149 0.52871348
f 497/497/497 498/498/498 499/499/499
f 497/497/497 499/499/499 500/500/500
v 0.427207140 0.296875000 0.771666640
v 0.359375000 0.296875000 0.743569640
v 0.296875000 0.218750000 0.851822813
v 0.394854765 0.218750000 0.892407360
vt 0.75000000 0.82812500
vt 0.98437500 0.82812500
vt 0.98437500 0.75000000
vt 0.75000000 0.75000000
vn -0.20407582 0.84594151 0.49268248
vn -0.20407582 0.84594151 0.49268248
vn -0.20407582 0.84594151 0.49268248
vn -0.20407582 0.84594151 0.49268248
f 501/501/501 502/502/502 503/503/503
f 501/501/501 503/503/503 504/504/504
v 0.500000000 0.218750000 0.906250000
v 0.394854765 0.218750000 0.892407360
v 0.374634533 0.125000000 0.967870328
v 0.500000000 0.125000000 0.984375000
vt 0.51562500 0.75000000
vt 0.75000000 0.75000000
vt 0.75000000 0.67187500
vt 0.51562500 0.67187500
vn -0.10062497 0.63693517 0.76432206
vn -0.10062497 0.63693517 0.76432206
vn -0.10062497 0.63693517 0.76432206
vn -0.10062497 0.63693517 0.76432206
f 505/505/505 506/506/506 507/507/507
f 505/505/505 507/507/507 508/508/508
v 0.394854765 0.218750000 0.892407360
v 0.296875000 0.218750000 0.851822813
v 0.257812500 0.125000000 0.919481063
v 0.374634533 0.125000000 0.967870328
vt 0.75000000 0.75000000
vt 0.98437500 0.75000000
vt 0.98437500 0.67187500
vt 0.75000000 0.67187500
vn -0.29501730 0.63693517 0.71223478
vn -0.29501730 0.63693517 0.71223478
vn -0.29501730 0.63693517 0.71223478
vn -0.29501730 0.63693517 0.71223478
f 509/509/509 510/510/510 511/511/511
f 509/509/509 511/511/511 512/512/512
v 0.500000000 0.125000000 0.984375000
v 0.374634533 0.125000000 0.967870328
v 0.370590485 0.046875000 0.982962907
v 0.500000000 0.046875000 1.000000000
vt 0.51562500 0.67187500
vt 0.75000000 0.67187500
vt 0.75000000 0.59375000
vt 0.51562500 0.59375000
vn -0.12803338 0.19450191 0.97251039
vn -0.12803338 0.19450191 0.97251039
vn -0.12803338 0.19450191 0.97251039
vn -0.12803338 0.19450191 0.97251039
f 513/513/513 514/514/514 515/515/515
f 513/513/513 515/515/515 516/516/516
v 0.374634533 0.125000000 0.967870328
v 0.257812500 0.125000000 0.919481063
v 0.250000000 0.046875000 0.933012703
v 0.370590485 0.046875000 0.982962907
vt 0.75000000 0.67187500
vt 0.98437500 0.67187500
vt 0.98437500 0.59375000
vt 0.75000000 0.59375000
vn -0.37537496 0.19450200 0.90623540
vn -0.37537496 0.19450200 0.90623540
vn -0.37537496 0.19450200 0.90623540
vn -0.37537496 0.19450200 0.90623540
f 517/517/517 518/518/518 519/519/519
f 517/517/517 519/519/519 520/520/520
v 0.500000000 0.046875000 1.000000000
v 0.370590485 0.046875000 0.982962907
v 0.378678578 0.000000000 0.952777735
v 0.500000000 0.000000000 0.968750000
vt 0.51562500 0.59375000
vt 0.75000000 0.59375000
vt 0.75000000 0.51562500
vt 0.51562500 0.51562500
vn -0.10889020 -0.55140171 0.82710282
vn -0.10889020 -0.55140171 0.82710282
vn -0.10889020 -0.55140171 0.82710282
vn -0.10889020 -0.55140171 0.82710282
f 521/521/521 522/522/522 523/523/523
f 521/521/521 523/523/523 524/524/524
v 0.370590485 0.046875000 0.982962907
v 0.250000000 0.046875000 0.933012703
v 0.265625000 0.000000000 0.905949405
v 0.378678578 0.000000000 0.952777735
vt 0.75000000 0.59375000
vt 0.98437500 0.59375000
vt 0.98437500 0.51562500
vt 0.75000000 0.51562500
vn -0.31924968 -0.55140186 0.77073707
vn -0.31924968 -0.55140186 0.77073707
vn -0.31924968 -0.55140186 0.77073707
vn -0.31924968 -0.55140186 0.77073707
f 525/525/525 526/526/526 527/527/527
f 525/525/525 527/527/527 528/528/528
v 0.500000000 0.340937500 0.637812500
v 0.464331500 0.340937500 0.633116658
v 0.491831030 0.356562500 0.530487030
v 0.500000000 0.356562500 0.531562500
vt 0.51562500 0.90625000
vt 0.75000000 0.90625000
vt 0.75000000 0.98437500
vt 0.51562500 0.98437500
vn 0.01915112 -0.98917769 -0.14546730
vn 0.01915112 -0.98917769 -0.14546730
vn 0.01915112 -0.98917769 -0.14546730
vn 0.01915112 -0.98917769 -0.14546730
f 529/529/529 530/530/530 531/531/531
f 529/529/529 531/531/531 532/532/532
v 0.464331500 0.340937500 0.633116658
v 0.431093750 0.340937500 0.619349125
v 0.484218750 0.356562500 0.527333922
v 0.491831030 0.356562500 0.530487030
vt 0.75000000 0.90625000
vt 0.98437500 0.90625000
vt 0.98437500 0.98437500
vt 0.75000000 0.98437500
vn 0.05614830 -0.98917769 -0.13555394
vn 0.05614830 -0.98917769 -0.13555394
vn 0.05614830 -0.98917769 -0.13555394
vn 0.05614830 -0.98917769 -0.13555394
f 533/533/533 534/534/534 535/535/535
f 533/533/533 535/535/535 536/536/536
v 0.500000000 0.294062500 0.778437500
v 0.427935077 0.294062500 0.768949967
v 0.464331500 0.340937500 0.633116658
v 0.500000000 0.340937500 0.637812500
vt 0.51562500 0.82812500
vt 0.75000000 0.82812500
vt 0.75000000 0.90625000
vt 0.51562500 0.90625000
vn 0.04159616 -0.94786221 -0.31595408
vn 0.04159616 -0.94786221 -0.31595408
vn 0.04159616 -0.94786221 -0.31595408
vn 0.04159616 -0.94786221 -0.31595408
f 537/537/537 538/538/538 539/539/539
f 537/537/537 539/539/539 540/540/540
v 0.427935077 0.294062500 0.768949967
v 0.360781250 0.294062500 0.741133953
v 0.431093750 0.340937500 0.619349125
v 0.464331500 0.340937500 0.633116658
vt 0.75000000 0.82812500
vt 0.98437500 0.82812500
vt 0.98437500 0.90625000
vt 0.75000000 0.90625000
vn 0.12195368 -0.94786222 -0.29442234
vn 0.12195368 -0.94786222 -0.29442234
vn 0.12195368 -0.94786222 -0.29442234
vn 0.12195368 -0.94786222 -0.29442234
f 541/541/541 542/542/542 543/543/543
f 541/541/541 543/543/543 544/544/544
v 0.500000000 0.215937500 0.903437500
v 0.395582688 0.215937500 0.889690703
v 0.427935077 0.294062500 0.768949967
v 0.500000000 0.294062500 0.778437500
vt 0.51562500 0.75000000
vt 0.75000000 0.75000000
vt 0.75000000 0.82812500
vt 0.51562500 0.82812500
vn 0.06960643 -0.84594152 -0.52871342
vn 0.06960643 -0.84594152 -0.52871342
vn 0.06960643 -0.84594152 -0.52871342
vn 0.06960643 -0.84594152 -0.52871342
f 545/545/545 546/546/546 547/547/547
f 545/545/545 547/547/547 548/548/548
v 0.395582688 0.215937500 0.889690703
v 0.298281250 0.215937500 0.849387125
v 0.360781250 0.294062500 0.741133953
v 0.427935077 0.294062500 0.768949967
vt 0.75000000 0.75000000
vt 0.98437500 0.75000000
vt 0.98437500 0.82812500
vt 0.75000000 0.82812500
vn 0.20407579 -0.84594150 -0.49268250
vn 0.20407579 -0.84594150 -0.49268250
vn 0.20407579 -0.84594150 -0.49268250
vn 0.20407579 -0.84594150 -0.49268250
f 549/549/549 550/550/550 551/551/551
f 549/549/549 551/551/551 552/552/552
v 0.500000000 0.122187500 0.981562500
v 0.375362452 0.122187500 0.965153657
v 0.395582688 0.215937500 0.889690703
v 0.500000000 0.215937500 0.903437500
vt 0.51562500 0.67187500
vt 0.75000000 0.67187500
vt 0.75000000 0.75000000
vt 0.51562500 0.75000000
vn 0.10062491 -0.63693509 -0.76432213
vn 0.10062491 -0.63693509 -0.76432213
vn 0.10062491 -0.63693509 -0.76432213
vn 0.10062491 -0.63693509 -0.76432213
f 553/553/553 554/554/554 555/555/555
f 553/553/553 555/555/555 556/556/556
v 0.375362452 0.122187500 0.965153657
v 0.259218750 0.122187500 0.917045360
v 0.298281250 0.215937500 0.849387125
v 0.395582688 0.215937500 0.889690703
vt 0.75000000 0.67187500
vt 0.98437500 0.67187500
vt 0.98437500 0.75000000
vt 0.75000000 0.75000000
vn 0.29501733 -0.63693510 -0.71223483
vn 0.29501733 -0.63693510 -0.71223483
vn 0.29501733 -0.63693510 -0.71223483
vn 0.29501733 -0.63693510 -0.71223483
f 557/557/557 558/558/558 559/559/559
f 557/557/557 559/559/559 560/560/560
v 0.500000000 0.044062500 0.997187500
v 0.371318408 0.044062500 0.980246250
v 0.375362452 0.122187500 0.965153657
v 0.500000000 0.122187500 0.981562500
vt 0.51562500 0.59375000
vt 0.75000000 0.59375000
vt 0.75000000 0.67187500
vt 0.51562500 0.67187500
vn 0.12803339 -0.19450210 -0.97251035
vn 0.12803339 -0.19450210 -0.97251035
vn 0.12803339 -0.19450210 -0.97251035
vn 0.12803339 -0.19450210 -0.97251035
f 561/561/561 562/562/562 563/563/563
f 561/561/561 563/563/563 564/564/564
v 0.371318408 0.044062500 0.980246250
v 0.251406250 0.044062500 0.930577000
v 0.259218750 0.122187500 0.917045360
v 0.375362452 0.122187500 0.965153657
vt 0.75000000 0.59375000
vt 0.98437500 0.59375000
vt 0.98437500 0.67187500
vt 0.75000000 0.67187500
vn 0.37537505 -0.19450200 -0.90623537
vn 0.37537505 -0.19450200 -0.90623537
vn 0.37537505 -0.19450200 -0.90623537
vn 0.37537505 -0.19450200 -0.90623537
f 565/565/565 566/566/566 567/567/567
f 565/565/565 567/567/567 568/568/568
v 0.500000000 -0.002812500 0.965937500
v 0.379406500 -0.002812500 0.950061062
v 0.371318408 0.044062500 0.980246250
v 0.500000000 0.044062500 0.997187500
vt 0.51562500 0.51562500
vt 0.75000000 0.51562500
vt 0.75000000 0.59375000
vt 0.51562500 0.59375000
vn 0.10889015 0.55140190 -0.82710270
vn 0.10889015 0.55140190 -0.82710270
vn 0.10889015 0.55140190 -0.82710270
vn 0.10889015 0.55140190 -0.82710270
f 569/569/569 570/570/570 571/571/571
f 569/569/569 571/571/571 572/572/572
v 0.379406500 -0.002812500 0.950061062
v 0.267031250 -0.002812500 0.903513717
v 0.251406250 0.044062500 0.930577000
v 0.371318408 0.044062500 0.980246250
vt 0.75000000 0.51562500
vt 0.98437500 0.51562500
vt 0.98437500 0.59375000
vt 0.75000000 0.59375000
vn 0.31924973 0.55140168 -0.77073717
vn 0.31924973 0.55140168 -0.77073717
vn 0.31924973 0.55140168 -0.77073717
vn 0.31924973 0.55140168 -0.77073717
f 573/573/573 574/574/574 575/575/575
f 573/573/573 575/575/575 576/576/576
v 0.500000000 0.356562500 0.531562500
v 0.491831030 0.356562500 0.530487030
v 0.491103093 0.359375000 0.533203703
v 0.500000000 0.359375000 0.534375000
vt 0.51562500 0.51562500
vt 0.98437500 0.51562500
vt 0.98437500 0.98437500
vt 0.51562500 0.98437500
vn 0.09269179 0.70406345 -0.70406170
vn 0.09269179 0.70406345 -0.70406170
vn 0.09269179 0.70406345 -0.70406170
vn 0.09269179 0.70406345 -0.70406170
f 577/577/577 578/578/578 579/579/579
f 577/577/577 579/579/579 580/580/580
v 0.491831030 0.356562500 0.530487030
v 0.484218750 0.356562500 0.527333922
v 0.482812500 0.359375000 0.529769625
v 0.491103093 0.359375000 0.533203703
vt 0.51562500 0.51562500
vt 0.98437500 0.51562500
vt 0.98437500 0.98437500
vt 0.51562500 0.98437500
vn 0.27175766 0.70406337 -0.65608120
vn 0.27175766 0.70406337 -0.65608120
vn 0.27175766 0.70406337 -0.65608120
vn 0.27175766 0.70406337 -0.65608120
f 581/581/581 582/582/582 583/583/583
f 581/581/581 583/583/583 584/584/584
v 0.500000000 0.000000000 0.968750000
v 0.378678578 0.000000000 0.952777735
v 0.379406500 -0.002812500 0.950061062
v 0.500000000 -0.002812500 0.965937500
vt 0.51562500 0.98437500
vt 0.98437500 0.98437500
vt 0.98437500 0.51562500
vt 0.51562500 0.51562500
vn -0.09269151 -0.70406317 0.70406202
vn -0.09269151 -0.70406317 0.70406202
vn -0.09269151 -0.70406317 0.70406202
vn -0.09269151 -0.70406317 0.70406202
f 585/585/585 586/586/586 587/587/587
f 585/585/585 587/587/587 588/588/588
v 0.378678578 0.000000000 0.952777735
v 0.265625000 0.000000000 0.905949405
v 0.267031250 -0.002812500 0.903513717
v 0.379406500 -0.002812500 0.950061062
vt 0.51562500 0.98437500
vt 0.98437500 0.98437500
vt 0.98437500 0.51562500
vt 0.51562500 0.51562500
vn -0.27175843 -0.70406154 0.65608285
vn -0.27175843 -0.70406154 0.65608285
vn -0.27175843 -0.70406154 0.65608285
vn -0.27175843 -0.70406154 0.65608285
f 589/589/589 590/590/590 591/591/591
f 589/589/589 591/591/591 592/592/592
v 0.500000000 0.359375000 0.534375000
v 0.500000000 0.343750000 0.640625000
v 0.500000000 0.340937500 0.637812500
v 0.500000000 0.356562500 0.531562500
vt 0.51562500 0.98437500
vt 0.98437500 0.98437500
vt 0.98437500 0.51562500
vt 0.51562500 0.51562500
vn 1.00000000 0.00000000 0.00000000
vn 1.00000000 0.00000000 0.00000000
vn 1.00000000 0.00000000 0.00000000
vn 1.00000000 0.00000000 0.00000000
f 593/593/593 594/594/594 595/595/595
f 593/593/593 595/595/595 596/596/596
v 0.500000000 0.343750000 0.640625000
v 0.500000000 0.296875000 0.781250000
v 0.500000000 0.294062500 0.778437500
v 0.500000000 0.340937500 0.637812500
vt 0.51562500 0.98437500
vt 0.98437500 0.98437500
vt 0.98437500 0.51562500
vt 0.51562500 0.51562500
vn 1.00000000 0.00000000 0.00000000
vn 1.00000000 0.00000000 0.00000000
vn 1.00000000 0.00000000 0.00000000
vn 1.00000000 0.00000000 0.00000000
f 597/597/597 598/598/598 599/599/599
f 597/597/597 599/599/599 600/600/600
v 0.500000000 0.296875000 0.781250000
v 0.500000000 0.218750000 0.906250000
v 0.500000000 0.215937500 0.903437500
v 0.500000000 0.294062500 0.778437500
vt 0.51562500 0.98437500
vt 0.98437500 0.98437500
vt 0.98437500 0.51562500
vt 0.51562500 0.51562500
vn 1.00000000 0.00000000 0.00000000
vn 1.00000000 0.00000000 0.00000000
vn 1.00000000 0.00000000 0.00000000
vn 1.00000000 0.00000000 0.00000000
f 601/601/601 602/602/602 603/603/603
f 601/601/601 603/603/603 604/604/604
v 0.500000000 0.218750000 0.906250000
v 0.500000000 0.125000000 0.984375000
v 0.500000000 0.122187500 0.981562500
v 0.500000000 0.215937500 0.903437500
vt 0.51562500 0.98437500
vt 0.98437500 0.98437500
vt 0.98437500 0.51562500
vt 0.51562500 0.51562500
vn 1.00000000 0.00000000 0.00000000
vn 1.00000000 0.00000000 0.00000000
vn 1.00000000 0.00000000 0.00000000
vn 1.00000000 0.00000000 0.00000000
f 605/605/605 606/606/606 607/607/607
f 605/605/605 607/607/607 608/608/608
v 0.500000000 0.125000000 0.984375000
v 0.500000000 0.046875000 1.000000000
v 0.500000000 0.044062500 0.997187500
v 0.500000000 0.122187500 0.981562500
vt 0.51562500 0.98437500
vt 0.98437500 0.98437500
vt 0.98437500 0.51562500
vt 0.51562500 0.51562500
vn 1.00000000 0.00000000 0.00000000
vn 1.00000000 0.00000000 0.00000000
vn 1.00000000 0.00000000 0.00000000
vn 1.00000000 0.00000000 0.00000000
f 609/609/609 610/610/610 611/611/611
f 609/609/609 611/611/611 612/612/612
v 0.500000000 0.046875000 1.000000000
v 0.500000000 0.000000000 0.968750000
v 0.500000000 -0.002812500 0.965937500
v 0.500000000 0.044062500 0.997187500
vt 0.51562500 0.98437500
vt 0.98437500 0.98437500
vt 0.98437500 0.51562500
vt 0.51562500 0.51562500
vn 1.00000000 0.00000000 0.00000000
vn 1.00000000 0.00000000 0.00000000
vn 1.00000000 0.00000000 0.00000000
vn 1.00000000 0.00000000 0.00000000
f 613/613/613 614/614/614 615/615/615
f 613/613/613 615/615/615 616/616/616
v 0.484218750 0.356562500 0.527333922
v 0.431093750 0.340937500 0.619349125
v 0.429687500 0.343750000 0.621784827
v 0.482812500 0.359375000 0.529769625
vt 0.51562500 0.51562500
vt 0.98437500 0.51562500
vt 0.98437500 0.98437500
vt 0.51562500 0.98437500
vn -0.86602549 0.00000102 -0.49999985
vn -0.86602549 0.00000102 -0.49999985
vn -0.86602549 0.00000102 -0.49999985
vn -0.86602549 0.00000102 -0.49999985
f 617/617/617 618/618/618 619/619/619
f 617/617/617 619/619/619 620/620/620
v 0.431093750 0.340937500 0.619349125
v 0.360781250 0.294062500 0.741133953
v 0.359375000 0.296875000 0.743569640
v 0.429687500 0.343750000 0.621784827
vt 0.51562500 0.51562500
vt 0.98437500 0.51562500
vt 0.98437500 0.98437500
vt 0.51562500 0.98437500
vn -0.86602521 -0.00000121 -0.50000033
vn -0.86602521 -0.00000121 -0.50000033
vn -0.86602521 -0.00000121 -0.50000033
vn -0.86602521 -0.00000121 -0.50000033
f 621/621/621 622/622/622 623/623/623
f 621/621/621 623/623/623 624/624/624
v 0.360781250 0.294062500 0.741133953
v 0.298281250 0.215937500 0.849387125
v 0.296875000 0.218750000 0.851822813
v 0.359375000 0.296875000 0.743569640
vt 0.51562500 0.51562500
vt 0.98437500 0.51562500
vt 0.98437500 0.98437500
vt 0.51562500 0.98437500
vn -0.86602509 -0.00000097 -0.50000054
vn -0.86602509 -0.00000097 -0.50000054
vn -0.86602509 -0.00000097 -0.50000054
vn -0.86602509 -0.00000097 -0.50000054
f 625/625/625 626/626/626 627/627/627
f 625/625/625 627/627/627 628/628/628
v 0.298281250 0.215937500 0.849387125
v 0.259218750 0.122187500 0.917045360
v 0.257812500 0.125000000 0.919481063
v 0.296875000 0.218750000 0.851822813
vt 0.51562500 0.51562500
vt 0.98437500 0.51562500
vt 0.98437500 0.98437500
vt 0.51562500 0.98437500
vn -0.86602573 0.00000054 -0.49999944
vn -0.86602573 0.00000054 -0.49999944
vn -0.86602573 0.00000054 -0.49999944
vn -0.86602573 0.00000054 -0.49999944
f 629/629/629 630/630/630 631/631/631
f 629/629/629 631/631/631 632/632/632
v 0.259218750 0.122187500 0.917045360
v 0.251406250 0.044062500 0.930577000
v 0.250000000 0.046875000 0.933012703
v 0.257812500 0.125000000 0.919481063
vt 0.51562500 0.51562500
vt 0.98437500 0.51562500
vt 0.98437500 0.98437500
vt 0.51562500 0.98437500
vn -0.86602588 0.00000023 -0.49999917
vn -0.86602588 0.00000023 -0.49999917
vn -0.86602588 0.00000023 -0.49999917
vn -0.86602588 0.00000023 -0.49999917
f 633/633/633 634/634/634 635/635/635
f 633/633/633 635/635/635 636/636/636
v 0.251406250 0.044062500 0.930577000
v 0.267031250 -0.002812500 0.903513717
v 0.265625000 0.000000000 0.905949405
v 0.250000000 0.046875000 0.933012703
vt 0.51562500 0.51562500
vt 0.98437500 0.51562500
vt 0.98437500 0.98437500
vt 0.51562500 0.98437500
vn -0.86602322 0.00000278 -0.50000378
vn -0.86602322 0.00000278 -0.50000378
vn -0.86602322 0.00000278 -0.50000378
vn -0.86602322 0.00000278 -0.50000378
f 637/637/637 638/638/638 639/639/639
f 637/637/637 639/639/639 640/640/640
g canopy_gore_05
usemtl parachute
v 0.482812500 0.359375000 0.529769625
v 0.475693203 0.359375000 0.524306797
v 0.400563110 0.343750000 0.599436890
v 0.429687500 0.343750000 0.621784827
vt 0.01562500 0.98437500
vt 0.25000000 0.98437500
vt 0.25000000 0.90625000
vt 0.01562500 0.90625000
vn -0.08931902 0.98917769 0.11640282
vn -0.08931902 0.98917769 0.11640282
vn -0.08931902 0.98917769 0.11640282
vn -0.08931902 0.98917769 0.11640282
f 641/641/641 642/642/642 643/643/643
f 641/641/641 643/643/643 644/644/644
v 0.475693203 0.359375000 0.524306797
v 0.470230375 0.359375000 0.517187500
v 0.378215173 0.343750000 0.570312500
v 0.400563110 0.343750000 0.599436890
vt 0.25000000 0.98437500
vt 0.48437500 0.98437500
vt 0.48437500 0.90625000
vt 0.25000000 0.90625000
vn -0.11640282 0.98917769 0.08931901
vn -0.11640282 0.98917769 0.08931901
vn -0.11640282 0.98917769 0.08931901
vn -0.11640282 0.98917769 0.08931901
f 645/645/645 646/646/646 647/647/647
f 645/645/645 647/647/647 648/648/648
v 0.429687500 0.343750000 0.621784827
v 0.400563110 0.343750000 0.599436890
v 0.301126220 0.296875000 0.698873780
v 0.359375000 0.296875000 0.743569640
vt 0.01562500 0.90625000
vt 0.25000000 0.90625000
vt 0.25000000 0.82812500
vt 0.01562500 0.82812500
vn -0.19400039 0.94786222 0.25282615
vn -0.19400039 0.94786222 0.25282615
vn -0.19400039 0.94786222 0.25282615
vn -0.19400039 0.94786222 0.25282615
f 649/649/649 650/650/650 651/651/651
f 649/649/649 651/651/651 652/652/652
v 0.400563110 0.343750000 0.599436890
v 0.378215173 0.343750000 0.570312500
v 0.256430360 0.296875000 0.640625000
v 0.301126220 0.296875000 0.698873780
vt 0.25000000 0.90625000
vt 0.48437500 0.90625000
vt 0.48437500 0.82812500
vt 0.25000000 0.82812500
vn -0.25282617 0.94786221 0.19400040
vn -0.25282617 0.94786221 0.19400040
vn -0.25282617 0.94786221 0.19400040
vn -0.25282617 0.94786221 0.19400040
f 653/653/653 654/654/654 655/655/655
f 653/653/653 655/655/655 656/656/656
v 0.359375000 0.296875000 0.743569640
v 0.301126220 0.296875000 0.698873780
v 0.212737875 0.218750000 0.787262125
v 0.296875000 0.218750000 0.851822813
vt 0.01562500 0.82812500
vt 0.25000000 0.82812500
vt 0.25000000 0.75000000
vt 0.01562500 0.75000000
vn -0.32463767 0.84594150 0.42307607
vn -0.32463767 0.84594150 0.42307607
vn -0.32463767 0.84594150 0.42307607
vn -0.32463767 0.84594150 0.42307607
f 657/657/657 658/658/658 659/659/659
f 657/657/657 659/659/659 660/660/660
v 0.301126220 0.296875000 0.698873780
v 0.256430360 0.296875000 0.640625000
v 0.148177187 0.218750000 0.703125000
v 0.212737875 0.218750000 0.787262125
vt 0.25000000 0.82812500
vt 0.48437500 0.82812500
vt 0.48437500 0.75000000
vt 0.25000000 0.75000000
vn -0.42307607 0.84594150 0.32463766
vn -0.42307607 0.84594150 0.32463766
vn -0.42307607 0.84594150 0.32463766
vn -0.42307607 0.84594150 0.32463766
f 661/661/661 662/662/662 663/663/663
f 661/661/661 663/663/663 664/664/664
v 0.296875000 0.218750000 0.851822813
v 0.212737875 0.218750000 0.787262125
v 0.157495155 0.125000000 0.842504845
v 0.257812500 0.125000000 0.919481063
vt 0.01562500 0.75000000
vt 0.25000000 0.75000000
vt 0.25000000 0.67187500
vt 0.01562500 0.67187500
vn -0.46930479 0.63693511 0.61160991
vn -0.46930479 0.63693511 0.61160991
vn -0.46930479 0.63693511 0.61160991
vn -0.46930479 0.63693511 0.61160991
f 665/665/665 666/666/666 667/667/667
f 665/665/665 667/667/667 668/668/668
v 0.212737875 0.218750000 0.787262125
v 0.148177187 0.218750000 0.703125000
v 0.080518937 0.125000000 0.742187500
v 0.157495155 0.125000000 0.842504845
vt 0.25000000 0.75000000
vt 0.48437500 0.75000000
vt 0.48437500 0.67187500
vt 0.25000000 0.67187500
vn -0.61160987 0.63693516 0.46930477
vn -0.61160987 0.63693516 0.46930477
vn -0.61160987 0.63693516 0.46930477
vn -0.61160987 0.63693516 0.46930477
f 669/669/669 670/670/670 671/671/671
f 669/669/669 671/671/671 672/672/672
v 0.257812500 0.125000000 0.919481063
v 0.157495155 0.125000000 0.842504845
v 0.146446610 0.046875000 0.853553390
v 0.250000000 0.046875000 0.933012703
vt 0.01562500 0.67187500
vt 0.25000000 0.67187500
vt 0.25000000 0.59375000
vt 0.01562500 0.59375000
vn -0.59713543 0.19450213 0.77820190
vn -0.59713543 0.19450213 0.77820190
vn -0.59713543 0.19450213 0.77820190
vn -0.59713543 0.19450213 0.77820190
f 673/673/673 674/674/674 675/675/675
f 673/673/673 675/675/675 676/676/676
v 0.157495155 0.125000000 0.842504845
v 0.080518937 0.125000000 0.742187500
v 0.066987297 0.046875000 0.750000000
v 0.146446610 0.046875000 0.853553390
vt 0.25000000 0.67187500
vt 0.48437500 0.67187500
vt 0.48437500 0.59375000
vt 0.25000000 0.59375000
vn -0.77820192 0.19450201 0.59713544
vn -0.77820192 0.19450201 0.59713544
vn -0.77820192 0.19450201 0.59713544
vn -0.77820192 0.19450201 0.59713544
f 677/677/677 678/678/678 679/679/679
f 677/677/677 679/679/679 680/680/680
v 0.250000000 0.046875000 0.933012703
v 0.146446610 0.046875000 0.853553390
v 0.168543703 0.000000000 0.831456297
v 0.265625000 0.000000000 0.905949405
vt 0.01562500 0.59375000
vt 0.25000000 0.59375000
vt 0.25000000 0.51562500
vt 0.01562500 0.51562500
vn -0.50785296 -0.55140195 0.66184685
vn -0.50785296 -0.55140195 0.66184685
vn -0.50785296 -0.55140195 0.66184685
vn -0.50785296 -0.55140195 0.66184685
f 681/681/681 682/682/682 683/683/683
f 681/681/681 683/683/683 684/684/684
v 0.146446610 0.046875000 0.853553390
v 0.066987297 0.046875000 0.750000000
v 0.094050595 0.000000000 0.734375000
v 0.168543703 0.000000000 0.831456297
vt 0.25000000 0.59375000
vt 0.48437500 0.59375000
vt 0.48437500 0.51562500
vt 0.25000000 0.51562500
vn -0.66184690 -0.55140186 0.50785300
vn -0.66184690 -0.55140186 0.50785300
vn -0.66184690 -0.55140186 0.50785300
vn -0.66184690 -0.55140186 0.50785300
f 685/685/685 686/686/686 687/687/687
f 685/685/685 687/687/687 688/688/688
v 0.431093750 0.340937500 0.619349125
v 0.402551842 0.340937500 0.597448158
v 0.477681937 0.356562500 0.522318063
v 0.484218750 0.356562500 0.527333922
vt 0.01562500 0.90625000
vt 0.25000000 0.90625000
vt 0.25000000 0.98437500
vt 0.01562500 0.98437500
vn 0.08931901 -0.98917769 -0.11640283
vn 0.08931901 -0.98917769 -0.11640283
vn 0.08931901 -0.98917769 -0.11640283
vn 0.08931901 -0.98917769 -0.11640283
f 689/689/689 690/690/690 691/691/691
f 689/689/689 691/691/691 692/692/692
v 0.402551842 0.340937500 0.597448158
v 0.380650875 0.340937500 0.568906250
v 0.472666078 0.356562500 0.515781250
v 0.477681937 0.356562500 0.522318063
vt 0.25000000 0.90625000
vt 0.48437500 0.90625000
vt 0.48437500 0.98437500
vt 0.25000000 0.98437500
vn 0.11640282 -0.98917769 -0.08931900
vn 0.11640282 -0.98917769 -0.08931900
vn 0.11640282 -0.98917769 -0.08931900
vn 0.11640282 -0.98917769 -0.08931900
f 693/693/693 694/694/694 695/695/695
f 693/693/693 695/695/695 696/696/696
v 0.360781250 0.294062500 0.741133953
v 0.303114952 0.294062500 0.696885048
v 0.402551842 0.340937500 0.597448158
v 0.431093750 0.340937500 0.619349125
vt 0.01562500 0.82812500
vt 0.25000000 0.82812500
vt 0.25000000 0.90625000
vt 0.01562500 0.90625000
vn 0.19400035 -0.94786222 -0.25282618
vn 0.19400035 -0.94786222 -0.25282618
vn 0.19400035 -0.94786222 -0.25282618
vn 0.19400035 -0.94786222 -0.25282618
f 697/697/697 698/698/698 699/699/699
f 697/697/697 699/699/699 700/700/700
v 0.303114952 0.294062500 0.696885048
v 0.258866047 0.294062500 0.639218750
v 0.380650875 0.340937500 0.568906250
v 0.402551842 0.340937500 0.597448158
vt 0.25000000 0.82812500
vt 0.48437500 0.82812500
vt 0.48437500 0.90625000
vt 0.25000000 0.90625000
vn 0.25282617 -0.94786222 -0.19400035
vn 0.25282617 -0.94786222 -0.19400035
vn 0.25282617 -0.94786222 -0.19400035
vn 0.25282617 -0.94786222 -0.19400035
f 701/701/701 702/702/702 703/703/703
f 701/701/701 703/703/703 704/704/704
v 0.298281250 0.215937500 0.849387125
v 0.214726610 0.215937500 0.785273390
v 0.303114952 0.294062500 0.696885048
v 0.360781250 0.294062500 0.741133953
vt 0.01562500 0.75000000
vt 0.25000000 0.75000000
vt 0.25000000 0.82812500
vt 0.01562500 0.82812500
vn 0.32463769 -0.84594150 -0.42307605
vn 0.32463769 -0.84594150 -0.42307605
vn 0.32463769 -0.84594150 -0.42307605
vn 0.32463769 -0.84594150 -0.42307605
f 705/705/705 706/706/706 707/707/707
f 705/705/705 707/707/707 708/708/708
v 0.214726610 0.215937500 0.785273390
v 0.150612875 0.215937500 0.701718750
v 0.258866047 0.294062500 0.639218750
v 0.303114952 0.294062500 0.696885048
vt 0.25000000 0.75000000
vt 0.48437500 0.75000000
vt 0.48437500 0.82812500
vt 0.25000000 0.82812500
vn 0.42307605 -0.84594150 -0.32463769
vn 0.42307605 -0.84594150 -0.32463769
vn 0.42307605 -0.84594150 -0.32463769
vn 0.42307605 -0.84594150 -0.32463769
f 709/709/709 710/710/710 711/711/711
f 709/709/709 711/711/711 712/712/712
v 0.259218750 0.122187500 0.917045360
v 0.159483890 0.122187500 0.840516110
v 0.214726610 0.215937500 0.785273390
v 0.298281250 0.215937500 0.849387125
vt 0.01562500 0.67187500
vt 0.25000000 0.67187500
vt 0.25000000 0.75000000
vt 0.01562500 0.75000000
vn 0.46930479 -0.63693511 -0.61160991
vn 0.46930479 -0.63693511 -0.61160991
vn 0.46930479 -0.63693511 -0.61160991
vn 0.46930479 -0.63693511 -0.61160991
f 713/713/713 714/714/714 715/715/715
f 713/713/713 715/715/715 716/716/716
v 0.159483890 0.122187500 0.840516110
v 0.082954640 0.122187500 0.740781250
v 0.150612875 0.215937500 0.701718750
v 0.214726610 0.215937500 0.785273390
vt 0.25000000 0.67187500
vt 0.48437500 0.67187500
vt 0.48437500 0.75000000
vt 0.25000000 0.75000000
vn 0.61160991 -0.63693510 -0.46930480
vn 0.61160991 -0.63693510 -0.46930480
vn 0.61160991 -0.63693510 -0.46930480
vn 0.61160991 -0.63693510 -0.46930480
f 717/717/717 718/718/718 719/719/719
f 717/717/717 719/719/719 720/720/720
v 0.251406250 0.044062500 0.930577000
v 0.148435345 0.044062500 0.851564655
v 0.159483890 0.122187500 0.840516110
v 0.259218750 0.122187500 0.917045360
vt 0.01562500 0.59375000
vt 0.25000000 0.59375000
vt 0.25000000 0.67187500
vt 0.01562500 0.67187500
vn 0.59713531 -0.19450213 -0.77820200
vn 0.59713531 -0.19450213 -0.77820200
vn 0.59713531 -0.19450213 -0.77820200
vn 0.59713531 -0.19450213 -0.77820200
f 721/721/721 722/722/722 723/723/723
f 721/721/721 723/723/723 724/724/724
v 0.148435345 0.044062500 0.851564655
v 0.069423000 0.044062500 0.748593750
v 0.082954640 0.122187500 0.740781250
v 0.159483890 0.122187500 0.840516110
vt 0.25000000 0.59375000
vt 0.48437500 0.59375000
vt 0.48437500 0.67187500
vt 0.25000000 0.67187500
vn 0.77820202 -0.19450201 -0.59713532
vn 0.77820202 -0.19450201 -0.59713532
vn 0.77820202 -0.19450201 -0.59713532
vn 0.77820202 -0.19450201 -0.59713532
f 725/725/725 726/726/726 727/727/727
f 725/725/725 727/727/727 728/728/728
v 0.267031250 -0.002812500 0.903513717
v 0.170532438 -0.002812500 0.829467562
v 0.148435345 0.044062500 0.851564655
v 0.251406250 0.044062500 0.930577000
vt 0.01562500 0.51562500
vt 0.25000000 0.51562500
vt 0.25000000 0.59375000
vt 0.01562500 0.59375000
vn 0.50785301 0.55140196 -0.66184681
vn 0.50785301 0.55140196 -0.66184681
vn 0.50785301 0.55140196 -0.66184681
vn 0.50785301 0.55140196 -0.66184681
f 729/729/729 730/730/730 731/731/731
f 729/729/729 731/731/731 732/732/732
v 0.170532438 -0.002812500 0.829467562
v 0.096486283 -0.002812500 0.732968750
v 0.069423000 0.044062500 0.748593750
v 0.148435345 0.044062500 0.851564655
vt 0.25000000 0.51562500
vt 0.48437500 0.51562500
vt 0.48437500 0.59375000
vt 0.25000000 0.59375000
vn 0.66184694 0.55140170 -0.50785311
vn 0.66184694 0.55140170 -0.50785311
vn 0.66184694 0.55140170 -0.50785311
vn 0.66184694 0.55140170 -0.50785311
f 733/733/733 734/734/734 735/735/735
f 733/733/733 735/735/735 736/736/736
v 0.484218750 0.356562500 0.527333922
v 0.477681937 0.356562500 0.522318063
v 0.475693203 0.359375000 0.524306797
v 0.482812500 0.359375000 0.529769625
vt 0.01562500 0.51562500
vt 0.48437500 0.51562500
vt 0.48437500 0.98437500
vt 0.01562500 0.98437500
vn 0.43230426 0.70406192 -0.56339137
vn 0.43230426 0.70406192 -0.56339137
vn 0.43230426 0.70406192 -0.56339137
vn 0.43230426 0.70406192 -0.56339137
f 737/737/737 738/738/738 739/739/739
f 737/737/737 739/739/739 740/740/740
v 0.477681937 0.356562500 0.522318063
v 0.472666078 0.356562500 0.515781250
v 0.470230375 0.359375000 0.517187500
v 0.475693203 0.359375000 0.524306797
vt 0.01562500 0.51562500
vt 0.48437500 0.51562500
vt 0.48437500 0.98437500
vt 0.01562500 0.98437500
vn 0.56339027 0.70406333 -0.43230341
vn 0.56339027 0.70406333 -0.43230341
vn 0.56339027 0.70406333 -0.43230341
vn 0.56339027 0.70406333 -0.43230341
f 741/741/741 742/742/742 743/743/743
f 741/741/741 743/743/743 744/744/744
v 0.265625000 0.000000000 0.905949405
v 0.168543703 0.000000000 0.831456297
v 0.170532438 -0.002812500 0.829467562
v 0.267031250 -0.002812500 0.903513717
vt 0.01562500 0.98437500
vt 0.48437500 0.98437500
vt 0.48437500 0.51562500
vt 0.01562500 0.51562500
vn -0.43230498 -0.70406198 0.56339074
vn -0.43230498 -0.70406198 0.56339074
vn -0.43230498 -0.70406198 0.56339074
vn -0.43230498 -0.70406198 0.56339074
f 745/745/745 746/746/746 747/747/747
f 745/745/745 747/747/747 748/748/748
v 0.168543703 0.000000000 0.831456297
v 0.094050595 0.000000000 0.734375000
v 0.096486283 -0.002812500 0.732968750
v 0.170532438 -0.002812500 0.829467562
vt 0.01562500 0.98437500
vt 0.48437500 0.98437500
vt 0.48437500 0.51562500
vt 0.01562500 0.51562500
vn -0.56339098 -0.70406169 0.43230516
vn -0.56339098 -0.70406169 0.43230516
vn -0.56339098 -0.70406169 0.43230516
vn -0.56339098 -0.70406169 0.43230516
f 749/749/749 750/750/750 751/751/751
f 749/749/749 751/751/751 752/752/752
v 0.482812500 0.359375000 0.529769625
v 0.429687500 0.343750000 0.621784827
v 0.431093750 0.340937500 0.619349125
v 0.484218750 0.356562500 0.527333922
vt 0.01562500 0.98437500
vt 0.48437500 0.98437500
vt 0.48437500 0.51562500
vt 0.01562500 0.51562500
vn 0.86602549 -0.00000102 0.49999985
vn 0.86602549 -0.00000102 0.49999985
vn 0.86602549 -0.00000102 0.49999985
vn 0.86602549 -0.00000102 0.49999985
f 753/753/753 754/754/754 755/755/755
f 753/753/753 755/755/755 756/756/756
v 0.429687500 0.343750000 0.621784827
v 0.359375000 0.296875000 0.743569640
v 0.360781250 0.294062500 0.741133953
v 0.431093750 0.340937500 0.619349125
vt 0.01562500 0.98437500
vt 0.48437500 0.98437500
vt 0.48437500 0.51562500
vt 0.01562500 0.51562500
vn 0.86602519 0.00000117 0.50000037
vn 0.86602519 0.00000117 0.50000037
vn 0.86602519 0.00000117 0.50000037
vn 0.86602519 0.00000117 0.50000037
f 757/757/757 758/758/758 759/759/759
f 757/757/757 759/759/759 760/760/760
v 0.359375000 0.296875000 0.743569640
v 0.296875000 0.218750000 0.851822813
v 0.298281250 0.215937500 0.849387125
v 0.360781250 0.294062500 0.741133953
vt 0.01562500 0.98437500
vt 0.48437500 0.98437500
vt 0.48437500 0.51562500
vt 0.01562500 0.51562500
vn 0.86602509 0.00000097 0.50000054
vn 0.86602509 0.00000097 0.50000054
vn 0.86602509 0.00000097 0.50000054
vn 0.86602509 0.00000097 0.50000054
f 761/761/761 762/762/762 763/763/763
f 761/761/761 763/763/763 764/764/764
v 0.296875000 0.218750000 0.851822813
v 0.257812500 0.125000000 0.919481063
v 0.259218750 0.122187500 0.917045360
v 0.298281250 0.215937500 0.849387125
vt 0.01562500 0.98437500
vt 0.48437500 0.98437500
vt 0.48437500 0.51562500
vt 0.01562500 0.51562500
vn 0.86602575 -0.00000049 0.49999940
vn 0.86602575 -0.00000049 0.49999940
vn 0.86602575 -0.00000049 0.49999940
vn 0.86602575 -0.00000049 0.49999940
f 765/765/765 766/766/766 767/767/767
f 765/765/765 767/767/767 768/768/768
v 0.257812500 0.125000000 0.919481063
v 0.250000000 0.046875000 0.933012703
v 0.251406250 0.044062500 0.930577000
v 0.259218750 0.122187500 0.917045360
vt 0.01562500 0.98437500
vt 0.48437500 0.98437500
vt 0.48437500 0.51562500
vt 0.01562500 0.51562500
vn 0.86602588 -0.00000023 0.49999917
vn 0.86602588 -0.00000023 0.49999917
vn 0.86602588 -0.00000023 0.49999917
vn 0.86602588 -0.00000023 0.49999917
f 769/769/769 770/770/770 771/771/771
f 769/769/769 771/771/771 772/772/772
v 0.250000000 0.046875000 0.933012703
v 0.265625000 0.000000000 0.905949405
v 0.267031250 -0.002812500 0.903513717
v 0.251406250 0.044062500 0.930577000
vt 0.01562500 0.98437500
vt 0.48437500 0.98437500
vt 0.48437500 0.51562500
vt 0.01562500 0.51562500
vn 0.86602297 -0.00000328 0.50000422
vn 0.86602297 -0.00000328 0.50000422
vn 0.86602297 -0.00000328 0.50000422
vn 0.86602297 -0.00000328 0.50000422
f 773/773/773 774/774/774 775/775/775
f 773/773/773 775/775/775 776/776/776
v 0.472666078 0.356562500 0.515781250
v 0.380650875 0.340937500 0.568906250
v 0.378215173 0.343750000 0.570312500
v 0.470230375 0.359375000 0.517187500
vt 0.01562500 0.51562500
vt 0.48437500 0.51562500
vt 0.48437500 0.98437500
vt 0.01562500 0.98437500
vn -0.49999985 -0.00000102 -0.86602549
vn -0.49999985 -0.00000102 -0.86602549
vn -0.49999985 -0.00000102 -0.86602549
vn -0.49999985 -0.00000102 -0.86602549
f 777/777/777 778/778/778 779/779/779
f 777/777/777 779/779/779 780/780/780
v 0.380650875 0.340937500 0.568906250
v 0.258866047 0.294062500 0.639218750
v 0.256430360 0.296875000 0.640625000
v 0.378215173 0.343750000 0.570312500
vt 0.01562500 0.51562500
vt 0.48437500 0.51562500
vt 0.48437500 0.98437500
vt 0.01562500 0.98437500
vn -0.50000033 0.00000121 -0.86602521
vn -0.50000033 0.00000121 -0.86602521
vn -0.50000033 0.00000121 -0.86602521
vn -0.50000033 0.00000121 -0.86602521
f 781/781/781 782/782/782 783/783/783
f 781/781/781 783/783/783 784/784/784
v 0.258866047 0.294062500 0.639218750
v 0.150612875 0.215937500 0.701718750
v 0.148177187 0.218750000 0.703125000
v 0.256430360 0.296875000 0.640625000
vt 0.01562500 0.51562500
vt 0.48437500 0.51562500
vt 0.48437500 0.98437500
vt 0.01562500 0.98437500
vn -0.50000054 0.00000097 -0.86602509
vn -0.50000054 0.00000097 -0.86602509
vn -0.50000054 0.00000097 -0.86602509
vn -0.50000054 0.00000097 -0.86602509
f 785/785/785 786/786/786 787/787/787
f 785/785/785 787/787/787 788/788/788
v 0.150612875 0.215937500 0.701718750
v 0.082954640 0.122187500 0.740781250
v 0.080518937 0.125000000 0.742187500
v 0.148177187 0.218750000 0.703125000
vt 0.01562500 0.51562500
vt 0.48437500 0.51562500
vt 0.48437500 0.98437500
vt 0.01562500 0.98437500
vn -0.49999944 -0.00000054 -0.86602573
vn -0.49999944 -0.00000054 -0.86602573
vn -0.49999944 -0.00000054 -0.86602573
vn -0.49999944 -0.00000054 -0.86602573
f 789/789/789 790/790/790 791/791/791
f 789/789/789 791/791/791 792/792/792
v 0.082954640 0.122187500 0.740781250
v 0.069423000 0.044062500 0.748593750
v 0.066987297 0.046875000 0.750000000
v 0.080518937 0.125000000 0.742187500
vt 0.01562500 0.51562500
vt 0.48437500 0.51562500
vt 0.48437500 0.98437500
vt 0.01562500 0.98437500
vn -0.49999917 -0.00000023 -0.86602588
vn -0.49999917 -0.00000023 -0.86602588
vn -0.49999917 -0.00000023 -0.86602588
vn -0.49999917 -0.00000023 -0.86602588
f 793/793/793 794/794/794 795/795/795
f 793/793/793 795/795/795 796/796/796
v 0.069423000 0.044062500 0.748593750
v 0.096486283 -0.002812500 0.732968750
v 0.094050595 0.000000000 0.734375000
v 0.066987297 0.046875000 0.750000000
vt 0.01562500 0.51562500
vt 0.48437500 0.51562500
vt 0.48437500 0.98437500
vt 0.01562500 0.98437500
vn -0.50000378 -0.00000278 -0.86602322
vn -0.50000378 -0.00000278 -0.86602322
vn -0.50000378 -0.00000278 -0.86602322
vn -0.50000378 -0.00000278 -0.86602322
f 797/797/797 798/798/798 799/799/799
f 797/797/797 799/799/799 800/800/800
g canopy_gore_06
usemtl parachute
v 0.470230375 0.359375000 0.517187500
v 0.466796298 0.359375000 0.508896908
v 0.364166688 0.343750000 0.536396422
v 0.378215173 0.343750000 0.570312500
vt 0.51562500 0.98437500
vt 0.75000000 0.98437500
vt 0.75000000 0.90625000
vt 0.51562500 0.90625000
vn -0.13555396 0.98917768 0.05614832
vn -0.13555396 0.98917768 0.05614832
vn -0.13555396 0.98917768 0.05614832
vn -0.13555396 0.98917768 0.05614832
f 801/801/801 802/802/802 803/803/803
f 801/801/801 803/803/803 804/804/804
v 0.466796298 0.359375000 0.508896908
v 0.465625000 0.359375000 0.500000000
v 0.359375000 0.343750000 0.500000000
v 0.364166688 0.343750000 0.536396422
vt 0.75000000 0.98437500
vt 0.98437500 0.98437500
vt 0.98437500 0.90625000
vt 0.75000000 0.90625000
vn -0.14546731 0.98917769 0.01915108
vn -0.14546731 0.98917769 0.01915108
vn -0.14546731 0.98917769 0.01915108
vn -0.14546731 0.98917769 0.01915108
f 805/805/805 806/806/806 807/807/807
f 805/805/805 807/807/807 808/808/808
v 0.378215173 0.343750000 0.570312500
v 0.364166688 0.343750000 0.536396422
v 0.228333360 0.296875000 0.572792860
v 0.256430360 0.296875000 0.640625000
vt 0.51562500 0.90625000
vt 0.75000000 0.90625000
vt 0.75000000 0.82812500
vt 0.51562500 0.82812500
vn -0.29442234 0.94786223 0.12195359
vn -0.29442234 0.94786223 0.12195359
vn -0.29442234 0.94786223 0.12195359
vn -0.29442234 0.94786223 0.12195359
f 809/809/809 810/810/810 811/811/811
f 809/809/809 811/811/811 812/812/812
v 0.364166688 0.343750000 0.536396422
v 0.359375000 0.343750000 0.500000000
v 0.218750000 0.296875000 0.500000000
v 0.228333360 0.296875000 0.572792860
vt 0.75000000 0.90625000
vt 0.98437500 0.90625000
vt 0.98437500 0.82812500
vt 0.75000000 0.82812500
vn -0.31595407 0.94786222 0.04159621
vn -0.31595407 0.94786222 0.04159621
vn -0.31595407 0.94786222 0.04159621
vn -0.31595407 0.94786222 0.04159621
f 813/813/813 814/814/814 815/815/815
f 813/813/813 815/815/815 816/816/816
v 0.256430360 0.296875000 0.640625000
v 0.228333360 0.296875000 0.572792860
v 0.107592640 0.218750000 0.605145235
v 0.148177187 0.218750000 0.703125000
vt 0.51562500 0.82812500
vt 0.75000000 0.82812500
vt 0.75000000 0.75000000
vt 0.51562500 0.75000000
vn -0.49268251 0.84594149 0.20407583
vn -0.49268251 0.84594149 0.20407583
vn -0.49268251 0.84594149 0.20407583
vn -0.49268251 0.84594149 0.20407583
f 817/817/817 818/818/818 819/819/819
f 817/817/817 819/819/819 820/820/820
v 0.228333360 0.296875000 0.572792860
v 0.218750000 0.296875000 0.500000000
v 0.093750000 0.218750000 0.500000000
v 0.107592640 0.218750000 0.605145235
vt 0.75000000 0.82812500
vt 0.98437500 0.82812500
vt 0.98437500 0.75000000
vt 0.75000000 0.75000000
vn -0.52871344 0.84594151 0.06960643
vn -0.52871344 0.84594151 0.06960643
vn -0.52871344 0.84594151 0.06960643
vn -0.52871344 0.84594151 0.06960643
f 821/821/821 822/822/822 823/823/823
f 821/821/821 823/823/823 824/824/824
v 0.148177187 0.218750000 0.703125000
v 0.107592640 0.218750000 0.605145235
v 0.032129672 0.125000000 0.625365467
v 0.080518937 0.125000000 0.742187500
vt 0.51562500 0.75000000
vt 0.75000000 0.75000000
vt 0.75000000 0.67187500
vt 0.51562500 0.67187500
vn -0.71223479 0.63693516 0.29501730
vn -0.71223479 0.63693516 0.29501730
vn -0.71223479 0.63693516 0.29501730
vn -0.71223479 0.63693516 0.29501730
f 825/825/825 826/826/826 827/827/827
f 825/825/825 827/827/827 828/828/828
v 0.107592640 0.218750000 0.605145235
v 0.093750000 0.218750000 0.500000000
v 0.015625000 0.125000000 0.500000000
v 0.032129672 0.125000000 0.625365467
vt 0.75000000 0.75000000
vt 0.98437500 0.75000000
vt 0.98437500 0.67187500
vt 0.75000000 0.67187500
vn -0.76432212 0.63693510 0.10062497
vn -0.76432212 0.63693510 0.10062497
vn -0.76432212 0.63693510 0.10062497
vn -0.76432212 0.63693510 0.10062497
f 829/829/829 830/830/830 831/831/831
f 829/829/829 831/831/831 832/832/832
v 0.080518937 0.125000000 0.742187500
v 0.032129672 0.125000000 0.625365467
v 0.017037095 0.046875000 0.629409515
v 0.066987297 0.046875000 0.750000000
vt 0.51562500 0.67187500
vt 0.75000000 0.67187500
vt 0.75000000 0.59375000
vt 0.51562500 0.59375000
vn -0.90623542 0.19450192 0.37537497
vn -0.90623542 0.19450192 0.37537497
vn -0.90623542 0.19450192 0.37537497
vn -0.90623542 0.19450192 0.37537497
f 833/833/833 834/834/834 835/835/835
f 833/833/833 835/835/835 836/836/836
v 0.032129672 0.125000000 0.625365467
v 0.015625000 0.125000000 0.500000000
v 0.000000000 0.046875000 0.500000000
v 0.017037095 0.046875000 0.629409515
vt 0.75000000 0.67187500
vt 0.98437500 0.67187500
vt 0.98437500 0.59375000
vt 0.75000000 0.59375000
vn -0.97251036 0.19450207 0.12803338
vn -0.97251036 0.19450207 0.12803338
vn -0.97251036 0.19450207 0.12803338
vn -0.97251036 0.19450207 0.12803338
f 837/837/837 838/838/838 839/839/839
f 837/837/837 839/839/839 840/840/840
v 0.066987297 0.046875000 0.750000000
v 0.017037095 0.046875000 0.629409515
v 0.047222265 0.000000000 0.621321422
v 0.094050595 0.000000000 0.734375000
vt 0.51562500 0.59375000
vt 0.75000000 0.59375000
vt 0.75000000 0.51562500
vt 0.51562500 0.51562500
vn -0.77073716 -0.55140171 0.31924971
vn -0.77073716 -0.55140171 0.31924971
vn -0.77073716 -0.55140171 0.31924971
vn -0.77073716 -0.55140171 0.31924971
f 841/841/841 842/842/842 843/843/843
f 841/841/841 843/843/843 844/844/844
v 0.017037095 0.046875000 0.629409515
v 0.000000000 0.046875000 0.500000000
v 0.031250000 0.000000000 0.500000000
v 0.047222265 0.000000000 0.621321422
vt 0.75000000 0.59375000
vt 0.98437500 0.59375000
vt 0.98437500 0.51562500
vt 0.75000000 0.51562500
vn -0.82710274 -0.55140183 0.10889019
vn -0.82710274 -0.55140183 0.10889019
vn -0.82710274 -0.55140183 0.10889019
vn -0.82710274 -0.55140183 0.10889019
f 845/845/845 846/846/846 847/847/847
f 845/845/845 847/847/847 848/848/848
v 0.380650875 0.340937500 0.568906250
v 0.366883345 0.340937500 0.535668500
v 0.469512967 0.356562500 0.508168970
v 0.472666078 0.356562500 0.515781250
vt 0.51562500 0.90625000
vt 0.75000000 0.90625000
vt 0.75000000 0.98437500
vt 0.51562500 0.98437500
vn 0.13555394 -0.98917769 -0.05614830
vn 0.13555394 -0.98917769 -0.05614830
vn 0.13555394 -0.98917769 -0.05614830
vn 0.13555394 -0.98917769 -0.05614830
f 849/849/849 850/850/850 851/851/851
f 849/849/849 851/851/851 852/852/852
v 0.366883345 0.340937500 0.535668500
v 0.362187500 0.340937500 0.500000000
v 0.468437500 0.356562500 0.500000000
v 0.469512967 0.356562500 0.508168970
vt 0.75000000 0.90625000
vt 0.98437500 0.90625000
vt 0.98437500 0.98437500
vt 0.75000000 0.98437500
vn 0.14546731 -0.98917769 -0.01915112
vn 0.14546731 -0.98917769 -0.01915112
vn 0.14546731 -0.98917769 -0.01915112
vn 0.14546731 -0.98917769 -0.01915112
f 853/853/853 854/854/854 855/855/855
f 853/853/853 855/855/855 856/856/856
v 0.258866047 0.294062500 0.639218750
v 0.231050033 0.294062500 0.572064922
v 0.366883345 0.340937500 0.535668500
v 0.380650875 0.340937500 0.568906250
vt 0.51562500 0.82812500
vt 0.75000000 0.82812500
vt 0.75000000 0.90625000
vt 0.51562500 0.90625000
vn 0.29442235 -0.94786221 -0.12195368
vn 0.29442235 -0.94786221 -0.12195368
vn 0.29442235 -0.94786221 -0.12195368
vn 0.29442235 -0.94786221 -0.12195368
f 857/857/857 858/858/858 859/859/859
f 857/857/857 859/859/859 860/860/860
v 0.231050033 0.294062500 0.572064922
v 0.221562500 0.294062500 0.500000000
v 0.362187500 0.340937500 0.500000000
v 0.366883345 0.340937500 0.535668500
vt 0.75000000 0.82812500
vt 0.98437500 0.82812500
vt 0.98437500 0.90625000
vt 0.75000000 0.90625000
vn 0.31595407 -0.94786222 -0.04159616
vn 0.31595407 -0.94786222 -0.04159616
vn 0.31595407 -0.94786222 -0.04159616
vn 0.31595407 -0.94786222 -0.04159616
f 861/861/861 862/862/862 863/863/863
f 861/861/861 863/863/863 864/864/864
v 0.150612875 0.215937500 0.701718750
v 0.110309298 0.215937500 0.604417312
v 0.231050033 0.294062500 0.572064922
v 0.258866047 0.294062500 0.639218750
vt 0.51562500 0.75000000
vt 0.75000000 0.75000000
vt 0.75000000 0.82812500
vt 0.51562500 0.82812500
vn 0.49268246 -0.84594153 -0.20407577
vn 0.49268246 -0.84594153 -0.20407577
vn 0.49268246 -0.84594153 -0.20407577
vn 0.49268246 -0.84594153 -0.20407577
f 865/865/865 866/866/866 867/867/867
f 865/865/865 867/867/867 868/868/868
v 0.110309298 0.215937500 0.604417312
v 0.096562500 0.215937500 0.500000000
v 0.221562500 0.294062500 0.500000000
v 0.231050033 0.294062500 0.572064922
vt 0.75000000 0.75000000
vt 0.98437500 0.75000000
vt 0.98437500 0.82812500
vt 0.75000000 0.82812500
vn 0.52871344 -0.84594151 -0.06960643
vn 0.52871344 -0.84594151 -0.06960643
vn 0.52871344 -0.84594151 -0.06960643
vn 0.52871344 -0.84594151 -0.06960643
f 869/869/869 870/870/870 871/871/871
f 869/869/869 871/871/871 872/872/872
v 0.082954640 0.122187500 0.740781250
v 0.034846345 0.122187500 0.624637548
v 0.110309298 0.215937500 0.604417312
v 0.150612875 0.215937500 0.701718750
vt 0.51562500 0.67187500
vt 0.75000000 0.67187500
vt 0.75000000 0.75000000
vt 0.51562500 0.75000000
vn 0.71223484 -0.63693508 -0.29501733
vn 0.71223484 -0.63693508 -0.29501733
vn 0.71223484 -0.63693508 -0.29501733
vn 0.71223484 -0.63693508 -0.29501733
f 873/873/873 874/874/874 875/875/875
f 873/873/873 875/875/875 876/876/876
v 0.034846345 0.122187500 0.624637548
v 0.018437500 0.122187500 0.500000000
v 0.096562500 0.215937500 0.500000000
v 0.110309298 0.215937500 0.604417312
vt 0.75000000 0.67187500
vt 0.98437500 0.67187500
vt 0.98437500 0.75000000
vt 0.75000000 0.75000000
vn 0.76432212 -0.63693510 -0.10062491
vn 0.76432212 -0.63693510 -0.10062491
vn 0.76432212 -0.63693510 -0.10062491
vn 0.76432212 -0.63693510 -0.10062491
f 877/877/877 878/878/878 879/879/879
f 877/877/877 879/879/879 880/880/880
v 0.069423000 0.044062500 0.748593750
v 0.019753750 0.044062500 0.628681592
v 0.034846345 0.122187500 0.624637548
v 0.082954640 0.122187500 0.740781250
vt 0.51562500 0.59375000
vt 0.75000000 0.59375000
vt 0.75000000 0.67187500
vt 0.51562500 0.67187500
vn 0.90623535 -0.19450210 -0.37537504
vn 0.90623535 -0.19450210 -0.37537504
vn 0.90623535 -0.19450210 -0.37537504
vn 0.90623535 -0.19450210 -0.37537504
f 881/881/881 882/882/882 883/883/883
f 881/881/881 883/883/883 884/884/884
v 0.019753750 0.044062500 0.628681592
v 0.002812500 0.044062500 0.500000000
v 0.018437500 0.122187500 0.500000000
v 0.034846345 0.122187500 0.624637548
vt 0.75000000 0.59375000
vt 0.98437500 0.59375000
vt 0.98437500 0.67187500
vt 0.75000000 0.67187500
vn 0.97251036 -0.19450207 -0.12803339
vn 0.97251036 -0.19450207 -0.12803339
vn 0.97251036 -0.19450207 -0.12803339
vn 0.97251036 -0.19450207 -0.12803339
f 885/885/885 886/886/886 887/887/887
f 885/885/885 887/887/887 888/888/888
v 0.096486283 -0.002812500 0.732968750
v 0.049938938 -0.002812500 0.620593500
v 0.019753750 0.044062500 0.628681592
v 0.069423000 0.044062500 0.748593750
vt 0.51562500 0.51562500
vt 0.75000000 0.51562500
vt 0.75000000 0.59375000
vt 0.51562500 0.59375000
vn 0.77073705 0.55140189 -0.31924968
vn 0.77073705 0.55140189 -0.31924968
vn 0.77073705 0.55140189 -0.31924968
vn 0.77073705 0.55140189 -0.31924968
f 889/889/889 890/890/890 891/891/891
f 889/889/889 891/891/891 892/892/892
v 0.049938938 -0.002812500 0.620593500
v 0.034062500 -0.002812500 0.500000000
v 0.002812500 0.044062500 0.500000000
v 0.019753750 0.044062500 0.628681592
vt 0.75000000 0.51562500
vt 0.98437500 0.51562500
vt 0.98437500 0.59375000
vt 0.75000000 0.59375000
vn 0.82710275 0.55140183 -0.10889016
vn 0.82710275 0.55140183 -0.10889016
vn 0.82710275 0.55140183 -0.10889016
vn 0.82710275 0.55140183 -0.10889016
f 893/893/893 894/894/894 895/895/895
f 893/893/893 895/895/895 896/896/896
v 0.472666078 0.356562500 0.515781250
v 0.469512967 0.356562500 0.508168970
v 0.466796298 0.359375000 0.508896908
v 0.470230375 0.359375000 0.517187500
vt 0.51562500 0.51562500
vt 0.98437500 0.51562500
vt 0.98437500 0.98437500
vt 0.51562500 0.98437500
vn 0.65608092 0.70406368 -0.27175755
vn 0.65608092 0.70406368 -0.27175755
vn 0.65608092 0.70406368 -0.27175755
vn 0.65608092 0.70406368 -0.27175755
f 897/897/897 898/898/898 899/899/899
f 897/897/897 899/899/899 900/900/900
v 0.469512967 0.356562500 0.508168970
v 0.468437500 0.356562500 0.500000000
v 0.465625000 0.359375000 0.500000000
v 0.466796298 0.359375000 0.508896908
vt 0.51562500 0.51562500
vt 0.98437500 0.51562500
vt 0.98437500 0.98437500
vt 0.51562500 0.98437500
vn 0.70406257 0.70406257 -0.09269191
vn 0.70406257 0.70406257 -0.09269191
vn 0.70406257 0.70406257 -0.09269191
vn 0.70406257 0.70406257 -0.09269191
f 901/901/901 902/902/902 903/903/903
f 901/901/901 903/903/903 904/904/904
v 0.094050595 0.000000000 0.734375000
v 0.047222265 0.000000000 0.621321422
v 0.049938938 -0.002812500 0.620593500
v 0.096486283 -0.002812500 0.732968750
vt 0.51562500 0.98437500
vt 0.98437500 0.98437500
vt 0.98437500 0.51562500
vt 0.51562500 0.51562500
vn -0.65608159 -0.70406291 0.27175791
vn -0.65608159 -0.70406291 0.27175791
vn -0.65608159 -0.70406291 0.27175791
vn -0.65608159 -0.70406291 0.27175791
f 905/905/905 906/906/906 907/907/907
f 905/905/905 907/907/907 908/908/908
v 0.047222265 0.000000000 0.621321422
v 0.031250000 0.000000000 0.500000000
v 0.034062500 -0.002812500 0.500000000
v 0.049938938 -0.002812500 0.620593500
vt 0.51562500 0.98437500
vt 0.98437500 0.98437500
vt 0.98437500 0.51562500
vt 0.51562500 0.51562500
vn -0.70406259 -0.70406259 0.09269158
vn -0.70406259 -0.70406259 0.09269158
vn -0.70406259 -0.70406259 0.09269158
vn -0.70406259 -0.70406259 0.09269158
f 909/909/909 910/910/910 911/911/911
f 909/909/909 911/911/911 912/912/912
v 0.470230375 0.359375000 0.517187500
v 0.378215173 0.343750000 0.570312500
v 0.380650875 0.340937500 0.568906250
v 0.472666078 0.356562500 0.515781250
vt 0.51562500 0.98437500
vt 0.98437500 0.98437500
vt 0.98437500 0.51562500
vt 0.51562500 0.51562500
vn 0.49999985 0.00000102 0.86602549
vn 0.49999985 0.00000102 0.86602549
vn 0.49999985 0.00000102 0.86602549
vn 0.49999985 0.00000102 0.86602549
f 913/913/913 914/914/914 915/915/915
f 913/913/913 915/915/915 916/916/916
v 0.378215173 0.343750000 0.570312500
v 0.256430360 0.296875000 0.640625000
v 0.258866047 0.294062500 0.639218750
v 0.380650875 0.340937500 0.568906250
vt 0.51562500 0.98437500
vt 0.98437500 0.98437500
vt 0.98437500 0.51562500
vt 0.51562500 0.51562500
vn 0.50000037 -0.00000117 0.86602519
vn 0.50000037 -0.00000117 0.86602519
vn 0.50000037 -0.00000117 0.86602519
vn 0.50000037 -0.00000117 0.86602519
f 917/917/917 918/918/918 919/919/919
f 917/917/917 919/919/919 920/920/920
v 0.256430360 0.296875000 0.640625000
v 0.148177187 0.218750000 0.703125000
v 0.150612875 0.215937500 0.701718750
v 0.258866047 0.294062500 0.639218750
vt 0.51562500 0.98437500
vt 0.98437500 0.98437500
vt 0.98437500 0.51562500
vt 0.51562500 0.51562500
vn 0.50000054 -0.00000097 0.86602509
vn 0.50000054 -0.00000097 0.86602509
vn 0.50000054 -0.00000097 0.86602509
vn 0.50000054 -0.00000097 0.86602509
f 921/921/921 922/922/922 923/923/923
f 921/921/921 923/923/923 924/924/924
v 0.148177187 0.218750000 0.703125000
v 0.080518937 0.125000000 0.742187500
v 0.082954640 0.122187500 0.740781250
v 0.150612875 0.215937500 0.701718750
vt 0.51562500 0.98437500
vt 0.98437500 0.98437500
vt 0.98437500 0.51562500
vt 0.51562500 0.51562500
vn 0.49999940 0.00000049 0.86602575
vn 0.49999940 0.00000049 0.86602575
vn 0.49999940 0.00000049 0.86602575
vn 0.49999940 0.00000049 0.86602575
f 925/925/925 926/926/926 927/927/927
f 925/925/925 927/927/927 928/928/928
v 0.080518937 0.125000000 0.742187500
v 0.066987297 0.046875000 0.750000000
v 0.069423000 0.044062500 0.748593750
v 0.082954640 0.122187500 0.740781250
vt 0.51562500 0.98437500
vt 0.98437500 0.98437500
vt 0.98437500 0.51562500
vt 0.51562500 0.51562500
vn 0.49999917 0.00000023 0.86602588
vn 0.49999917 0.00000023 0.86602588
vn 0.49999917 0.00000023 0.86602588
vn 0.49999917 0.00000023 0.86602588
f 929/929/929 930/930/930 931/931/931
f 929/929/929 931/931/931 932/932/932
v 0.066987297 0.046875000 0.750000000
v 0.094050595 0.000000000 0.734375000
v 0.096486283 -0.002812500 0.732968750
v 0.069423000 0.044062500 0.748593750
vt 0.51562500 0.98437500
vt 0.98437500 0.98437500
vt 0.98437500 0.51562500
vt 0.51562500 0.51562500
vn 0.50000422 0.00000328 0.86602297
vn 0.50000422 0.00000328 0.86602297
vn 0.50000422 0.00000328 0.86602297
vn 0.50000422 0.00000328 0.86602297
f 933/933/933 934/934/934 935/935/935
f 933/933/933 935/935/935 936/936/936
v 0.468437500 0.356562500 0.500000000
v 0.362187500 0.340937500 0.500000000
v 0.359375000 0.343750000 0.500000000
v 0.465625000 0.359375000 0.500000000
vt 0.51562500 0.51562500
vt 0.98437500 0.51562500
vt 0.98437500 0.98437500
vt 0.51562500 0.98437500
vn 0.00000000 0.00000000 -1.00000000
vn 0.00000000 0.00000000 -1.00000000
vn 0.00000000 0.00000000 -1.00000000
vn 0.00000000 0.00000000 -1.00000000
f 937/937/937 938/938/938 939/939/939
f 937/937/937 939/939/939 940/940/940
v 0.362187500 0.340937500 0.500000000
v 0.221562500 0.294062500 0.500000000
v 0.218750000 0.296875000 0.500000000
v 0.359375000 0.343750000 0.500000000
vt 0.51562500 0.51562500
vt 0.98437500 0.51562500
vt 0.98437500 0.98437500
vt 0.51562500 0.98437500
vn 0.00000000 0.00000000 -1.00000000
vn 0.00000000 0.00000000 -1.00000000
vn 0.00000000 0.00000000 -1.00000000
vn 0.00000000 0.00000000 -1.00000000
f 941/941/941 942/942/942 943/943/943
f 941/941/941 943/943/943 944/944/944
v 0.221562500 0.294062500 0.500000000
v 0.096562500 0.215937500 0.500000000
v 0.093750000 0.218750000 0.500000000
v 0.218750000 0.296875000 0.500000000
vt 0.51562500 0.51562500
vt 0.98437500 0.51562500
vt 0.98437500 0.98437500
vt 0.51562500 0.98437500
vn 0.00000000 0.00000000 -1.00000000
vn 0.00000000 0.00000000 -1.00000000
vn 0.00000000 0.00000000 -1.00000000
vn 0.00000000 0.00000000 -1.00000000
f 945/945/945 946/946/946 947/947/947
f 945/945/945 947/947/947 948/948/948
v 0.096562500 0.215937500 0.500000000
v 0.018437500 0.122187500 0.500000000
v 0.015625000 0.125000000 0.500000000
v 0.093750000 0.218750000 0.500000000
vt 0.51562500 0.51562500
vt 0.98437500 0.51562500
vt 0.98437500 0.98437500
vt 0.51562500 0.98437500
vn 0.00000000 0.00000000 -1.00000000
vn 0.00000000 0.00000000 -1.00000000
vn 0.00000000 0.00000000 -1.00000000
vn 0.00000000 0.00000000 -1.00000000
f 949/949/949 950/950/950 951/951/951
f 949/949/949 951/951/951 952/952/952
v 0.018437500 0.122187500 0.500000000
v 0.002812500 0.044062500 0.500000000
v 0.000000000 0.046875000 0.500000000
v 0.015625000 0.125000000 0.500000000
vt 0.51562500 0.51562500
vt 0.98437500 0.51562500
vt 0.98437500 0.98437500
vt 0.51562500 0.98437500
vn 0.00000000 0.00000000 -1.00000000
vn 0.00000000 0.00000000 -1.00000000
vn 0.00000000 0.00000000 -1.00000000
vn 0.00000000 0.00000000 -1.00000000
f 953/953/953 954/954/954 955/955/955
f 953/953/953 955/955/955 956/956/956
v 0.002812500 0.044062500 0.500000000
v 0.034062500 -0.002812500 0.500000000
v 0.031250000 0.000000000 0.500000000
v 0.000000000 0.046875000 0.500000000
vt 0.51562500 0.51562500
vt 0.98437500 0.51562500
vt 0.98437500 0.98437500
vt 0.51562500 0.98437500
vn 0.00000000 0.00000000 -1.00000000
vn 0.00000000 0.00000000 -1.00000000
vn 0.00000000 0.00000000 -1.00000000
vn 0.00000000 0.00000000 -1.00000000
f 957/957/957 958/958/958 959/959/959
f 957/957/957 959/959/959 960/960/960
g canopy_gore_07
usemtl parachute
v 0.465625000 0.359375000 0.500000000
v 0.466796298 0.359375000 0.491103093
v 0.364166688 0.343750000 0.463603578
v 0.359375000 0.343750000 0.500000000
vt 0.01562500 0.98437500
vt 0.25000000 0.98437500
vt 0.25000000 0.90625000
vt 0.01562500 0.90625000
vn -0.14546733 0.98917768 -0.01915109
vn -0.14546733 0.98917768 -0.01915109
vn -0.14546733 0.98917768 -0.01915109
vn -0.14546733 0.98917768 -0.01915109
f 961/961/961 962/962/962 963/963/963
f 961/961/961 963/963/963 964/964/964
v 0.466796298 0.359375000 0.491103093
v 0.470230375 0.359375000 0.482812500
v 0.378215173 0.343750000 0.429687500
v 0.364166688 0.343750000 0.463603578
vt 0.25000000 0.98437500
vt 0.48437500 0.98437500
vt 0.48437500 0.90625000
vt 0.25000000 0.90625000
vn -0.13555393 0.98917769 -0.05614831
vn -0.13555393 0.98917769 -0.05614831
vn -0.13555393 0.98917769 -0.05614831
vn -0.13555393 0.98917769 -0.05614831
f 965/965/965 966/966/966 967/967/967
f 965/965/965 967/967/967 968/968/968
v 0.359375000 0.343750000 0.500000000
v 0.364166688 0.343750000 0.463603578
v 0.228333360 0.296875000 0.427207140
v 0.218750000 0.296875000 0.500000000
vt 0.01562500 0.90625000
vt 0.25000000 0.90625000
vt 0.25000000 0.82812500
vt 0.01562500 0.82812500
vn -0.31595404 0.94786223 -0.04159620
vn -0.31595404 0.94786223 -0.04159620
vn -0.31595404 0.94786223 -0.04159620
vn -0.31595404 0.94786223 -0.04159620
f 969/969/969 970/970/970 971/971/971
f 969/969/969 971/971/971 972/972/972
v 0.364166688 0.343750000 0.463603578
v 0.378215173 0.343750000 0.429687500
v 0.256430360 0.296875000 0.359375000
v 0.228333360 0.296875000 0.427207140
vt 0.25000000 0.90625000
vt 0.48437500 0.90625000
vt 0.48437500 0.82812500
vt 0.25000000 0.82812500
vn -0.29442240 0.94786221 -0.12195362
vn -0.29442240 0.94786221 -0.12195362
vn -0.29442240 0.94786221 -0.12195362
vn -0.29442240 0.94786221 -0.12195362
f 973/973/973 974/974/974 975/975/975
f 973/973/973 975/975/975 976/976/976
v 0.218750000 0.296875000 0.500000000
v 0.228333360 0.296875000 0.427207140
v 0.107592640 0.218750000 0.394854765
v 0.093750000 0.218750000 0.500000000
vt 0.01562500 0.82812500
vt 0.25000000 0.82812500
vt 0.25000000 0.75000000
vt 0.01562500 0.75000000
vn -0.52871348 0.84594149 -0.06960643
vn -0.52871348 0.84594149 -0.06960643
vn -0.52871348 0.84594149 -0.06960643
vn -0.52871348 0.84594149 -0.06960643
f 977/977/977 978/978/978 979/979/979
f 977/977/977 979/979/979 980/980/980
v 0.228333360 0.296875000 0.427207140
v 0.256430360 0.296875000 0.359375000
v 0.148177187 0.218750000 0.296875000
v 0.107592640 0.218750000 0.394854765
vt 0.25000000 0.82812500
vt 0.48437500 0.82812500
vt 0.48437500 0.75000000
vt 0.25000000 0.75000000
vn -0.49268248 0.84594151 -0.20407582
vn -0.49268248 0.84594151 -0.20407582
vn -0.49268248 0.84594151 -0.20407582
vn -0.49268248 0.84594151 -0.20407582
f 981/981/981 982/982/982 983/983/983
f 981/981/981 983/983/983 984/984/984
v 0.093750000 0.218750000 0.500000000
v 0.107592640 0.218750000 0.394854765
v 0.032129672 0.125000000 0.374634533
v 0.015625000 0.125000000 0.500000000
vt 0.01562500 0.75000000
vt 0.25000000 0.75000000
vt 0.25000000 0.67187500
vt 0.01562500 0.67187500
vn -0.76432206 0.63693517 -0.10062497
vn -0.76432206 0.63693517 -0.10062497
vn -0.76432206 0.63693517 -0.10062497
vn -0.76432206 0.63693517 -0.10062497
f 985/985/985 986/986/986 987/987/987
f 985/985/985 987/987/987 988/988/988
v 0.107592640 0.218750000 0.394854765
v 0.148177187 0.218750000 0.296875000
v 0.080518937 0.125000000 0.257812500
v 0.032129672 0.125000000 0.374634533
vt 0.25000000 0.75000000
vt 0.48437500 0.75000000
vt 0.48437500 0.67187500
vt 0.25000000 0.67187500
vn -0.71223478 0.63693517 -0.29501730
vn -0.71223478 0.63693517 -0.29501730
vn -0.71223478 0.63693517 -0.29501730
vn -0.71223478 0.63693517 -0.29501730
f 989/989/989 990/990/990 991/991/991
f 989/989/989 991/991/991 992/992/992
v 0.015625000 0.125000000 0.500000000
v 0.032129672 0.125000000 0.374634533
v 0.017037095 0.046875000 0.370590485
v 0.000000000 0.046875000 0.500000000
vt 0.01562500 0.67187500
vt 0.25000000 0.67187500
vt 0.25000000 0.59375000
vt 0.01562500 0.59375000
vn -0.97251039 0.19450191 -0.12803338
vn -0.97251039 0.19450191 -0.12803338
vn -0.97251039 0.19450191 -0.12803338
vn -0.97251039 0.19450191 -0.12803338
f 993/993/993 994/994/994 995/995/995
f 993/993/993 995/995/995 996/996/996
v 0.032129672 0.125000000 0.374634533
v 0.080518937 0.125000000 0.257812500
v 0.066987297 0.046875000 0.250000000
v 0.017037095 0.046875000 0.370590485
vt 0.25000000 0.67187500
vt 0.48437500 0.67187500
vt 0.48437500 0.59375000
vt 0.25000000 0.59375000
vn -0.90623540 0.19450200 -0.37537496
vn -0.90623540 0.19450200 -0.37537496
vn -0.90623540 0.19450200 -0.37537496
vn -0.90623540 0.19450200 -0.37537496
f 997/997/997 998/998/998 999/999/999
f 997/997/997 999/999/999 1000/1000/1000
v 0.000000000 0.046875000 0.500000000
v 0.017037095 0.046875000 0.370590485
v 0.047222265 0.000000000 0.378678578
v 0.031250000 0.000000000 0.500000000
vt 0.01562500 0.59375000
vt 0.25000000 0.59375000
vt 0.25000000 0.51562500
vt 0.01562500 0.51562500
vn -0.82710282 -0.55140171 -0.10889020
vn -0.82710282 -0.55140171 -0.10889020
vn -0.82710282 -0.55140171 -0.10889020
vn -0.82710282 -0.55140171 -0.10889020
f 1001/1001/1001 1002/1002/1002 1003/1003/1003
f 1001/1001/1001 1003/1003/1003 1004/1004/1004
v 0.017037095 0.046875000 0.370590485
v 0.066987297 0.046875000 0.250000000
v 0.094050595 0.000000000 0.265625000
v 0.047222265 0.000000000 0.378678578
vt 0.25000000 0.59375000
vt 0.48437500 0.59375000
vt 0.48437500 0.51562500
vt 0.25000000 0.51562500
vn -0.77073707 -0.55140186 -0.31924968
vn -0.77073707 -0.55140186 -0.31924968
vn -0.77073707 -0.55140186 -0.31924968
vn -0.77073707 -0.55140186 -0.31924968
f 1005/1005/1005 1006/1006/1006 1007/1007/1007
f 1005/1005/1005 1007/1007/1007 1008/1008/1008
v 0.362187500 0.340937500 0.500000000
v 0.366883345 0.340937500 0.464331500
v 0.469512967 0.356562500 0.491831030
v 0.468437500 0.356562500 0.500000000
vt 0.01562500 0.90625000
vt 0.25000000 0.90625000
vt 0.25000000 0.98437500
vt 0.01562500 0.98437500
vn 0.14546730 -0.98917769 0.01915112
vn 0.14546730 -0.98917769 0.01915112
vn 0.14546730 -0.98917769 0.01915112
vn 0.14546730 -0.98917769 0.01915112
f 1009/1009/1009 1010/1010/1010 1011/1011/1011
f 1009/1009/1009 1011/1011/1011 1012/1012/1012
v 0.366883345 0.340937500 0.464331500
v 0.380650875 0.340937500 0.431093750
v 0.472666078 0.356562500 0.484218750
v 0.469512967 0.356562500 0.491831030
vt 0.25000000 0.90625000
vt 0.48437500 0.90625000
vt 0.48437500 0.98437500
vt 0.25000000 0.98437500
vn 0.13555394 -0.98917769 0.05614830
vn 0.13555394 -0.98917769 0.05614830
vn 0.13555394 -0.98917769 0.05614830
vn 0.13555394 -0.98917769 0.05614830
f 1013/1013/1013 1014/1014/1014 1015/1015/1015
f 1013/1013/1013 1015/1015/1015 1016/1016/1016
v 0.221562500 0.294062500 0.500000000
v 0.231050033 0.294062500 0.427935077
v 0.366883345 0.340937500 0.464331500
v 0.362187500 0.340937500 0.500000000
vt 0.01562500 0.82812500
vt 0.25000000 0.82812500
vt 0.25000000 0.90625000
vt 0.01562500 0.90625000
vn 0.31595408 -0.94786221 0.04159616
vn 0.31595408 -0.94786221 0.04159616
vn 0.31595408 -0.94786221 0.04159616
vn 0.31595408 -0.94786221 0.04159616
f 1017/1017/1017 1018/1018/1018 1019/1019/1019
f 1017/1017/1017 1019/1019/1019 1020/1020/1020
v 0.231050033 0.294062500 0.427935077
v 0.258866047 0.294062500 0.360781250
v 0.380650875 0.340937500 0.431093750
v 0.366883345 0.340937500 0.464331500
vt 0.25000000 0.82812500
vt 0.48437500 0.82812500
vt 0.48437500 0.90625000
vt 0.25000000 0.90625000
vn 0.29442234 -0.94786222 0.12195368
vn 0.29442234 -0.94786222 0.12195368
vn 0.29442234 -0.94786222 0.12195368
vn 0.29442234 -0.94786222 0.12195368
f 1021/1021/1021 1022/1022/1022 1023/1023/1023
f 1021/1021/1021 1023/1023/1023 1024/1024/1024
v 0.096562500 0.215937500 0.500000000
v 0.110309298 0.215937500 0.395582688
v 0.231050033 0.294062500 0.427935077
v 0.221562500 0.294062500 0.500000000
vt 0.01562500 0.75000000
vt 0.25000000 0.75000000
vt 0.25000000 0.82812500
vt 0.01562500 0.82812500
vn 0.52871342 -0.84594152 0.06960643
vn 0.52871342 -0.84594152 0.06960643
vn 0.52871342 -0.84594152 0.06960643
vn 0.52871342 -0.84594152 0.06960643
f 1025/1025/1025 1026/1026/1026 1027/1027/1027
f 1025/1025/1025 1027/1027/1027 1028/1028/1028
v 0.110309298 0.215937500 0.395582688
v 0.150612875 0.215937500 0.298281250
v 0.258866047 0.294062500 0.360781250
v 0.231050033 0.294062500 0.427935077
vt 0.25000000 0.75000000
vt 0.48437500 0.75000000
vt 0.48437500 0.82812500
vt 0.25000000 0.82812500
vn 0.49268250 -0.84594150 0.20407579
vn 0.49268250 -0.84594150 0.20407579
vn 0.49268250 -0.84594150 0.20407579
vn 0.49268250 -0.84594150 0.20407579
f 1029/1029/1029 1030/1030/1030 1031/1031/1031
f 1029/1029/1029 1031/1031/1031 1032/1032/1032
v 0.018437500 0.122187500 0.500000000
v 0.034846345 0.122187500 0.375362452
v 0.110309298 0.215937500 0.395582688
v 0.096562500 0.215937500 0.500000000
vt 0.01562500 0.67187500
vt 0.25000000 0.67187500
vt 0.25000000 0.75000000
vt 0.01562500 0.75000000
vn 0.76432213 -0.63693509 0.10062491
vn 0.76432213 -0.63693509 0.10062491
vn 0.76432213 -0.63693509 0.10062491
vn 0.76432213 -0.63693509 0.10062491
f 1033/1033/1033 1034/1034/1034 1035/1035/1035
f 1033/1033/1033 1035/1035/1035 1036/1036/1036
v 0.034846345 0.122187500 0.375362452
v 0.082954640 0.122187500 0.259218750
v 0.150612875 0.215937500 0.298281250
v 0.110309298 0.215937500 0.395582688
vt 0.25000000 0.67187500
vt 0.48437500 0.67187500
vt 0.48437500 0.75000000
vt 0.25000000 0.75000000
vn 0.71223483 -0.63693510 0.29501733
vn 0.71223483 -0.63693510 0.29501733
vn 0.71223483 -0.63693510 0.29501733
vn 0.71223483 -0.63693510 0.29501733
f 1037/1037/1037 1038/1038/1038 1039/1039/1039
f 1037/1037/1037 1039/1039/1039 1040/1040/1040
v 0.002812500 0.044062500 0.500000000
v 0.019753750 0.044062500 0.371318408
v 0.034846345 0.122187500 0.375362452
v 0.018437500 0.122187500 0.500000000
vt 0.01562500 0.59375000
vt 0.25000000 0.59375000
vt 0.25000000 0.67187500
vt 0.01562500 0.67187500
vn 0.97251035 -0.19450210 0.12803339
vn 0.97251035 -0.19450210 0.12803339
vn 0.97251035 -0.19450210 0.12803339
vn 0.97251035 -0.19450210 0.12803339
f 1041/1041/1041 1042/1042/1042 1043/1043/1043
f 1041/1041/1041 1043/1043/1043 1044/1044/1044
v 0.019753750 0.044062500 0.371318408
v 0.069423000 0.044062500 0.251406250
v 0.082954640 0.122187500 0.259218750
v 0.034846345 0.122187500 0.375362452
vt 0.25000000 0.59375000
vt 0.48437500 0.59375000
vt 0.48437500 0.67187500
vt 0.25000000 0.67187500
vn 0.90623537 -0.19450200 0.37537505
vn 0.90623537 -0.19450200 0.37537505
vn 0.90623537 -0.19450200 0.37537505
vn 0.90623537 -0.19450200 0.37537505
f 1045/1045/1045 1046/1046/1046 1047/1047/1047
f 1045/1045/1045 1047/1047/1047 1048/1048/1048
v 0.034062500 -0.002812500 0.500000000
v 0.049938938 -0.002812500 0.379406500
v 0.019753750 0.044062500 0.371318408
v 0.002812500 0.044062500 0.500000000
vt 0.01562500 0.51562500
vt 0.25000000 0.51562500
vt 0.25000000 0.59375000
vt 0.01562500 0.59375000
vn 0.82710270 0.55140190 0.10889015
vn 0.82710270 0.55140190 0.10889015
vn 0.82710270 0.55140190 0.10889015
vn 0.82710270 0.55140190 0.10889015
f 1049/1049/1049 1050/1050/1050 1051/1051/1051
f 1049/1049/1049 1051/1051/1051 1052/1052/1052
v 0.049938938 -0.002812500 0.379406500
v 0.096486283 -0.002812500 0.267031250
v 0.069423000 0.044062500 0.251406250
v 0.019753750 0.044062500 0.371318408
vt 0.25000000 0.51562500
vt 0.48437500 0.51562500
vt 0.48437500 0.59375000
vt 0.25000000 0.59375000
vn 0.77073717 0.55140168 0.31924973
vn 0.77073717 0.55140168 0.31924973
vn 0.77073717 0.55140168 0.31924973
vn 0.77073717 0.55140168 0.31924973
f 1053/1053/1053 1054/1054/1054 1055/1055/1055
f 1053/1053/1053 1055/1055/1055 1056/1056/1056
v 0.468437500 0.356562500 0.500000000
v 0.469512967 0.356562500 0.491831030
v 0.466796298 0.359375000 0.491103093
v 0.465625000 0.359375000 0.500000000
vt 0.01562500 0.51562500
vt 0.48437500 0.51562500
vt 0.48437500 0.98437500
vt 0.01562500 0.98437500
vn 0.70406170 0.70406345 0.09269179
vn 0.70406170 0.70406345 0.09269179
vn 0.70406170 0.70406345 0.09269179
vn 0.70406170 0.70406345 0.09269179
f 1057/1057/1057 1058/1058/1058 1059/1059/1059
f 1057/1057/1057 1059/1059/1059 1060/1060/1060
v 0.469512967 0.356562500 0.491831030
v 0.472666078 0.356562500 0.484218750
v 0.470230375 0.359375000 0.482812500
v 0.466796298 0.359375000 0.491103093
vt 0.01562500 0.51562500
vt 0.48437500 0.51562500
vt 0.48437500 0.98437500
vt 0.01562500 0.98437500
vn 0.65608120 0.70406337 0.27175766
vn 0.65608120 0.70406337 0.27175766
vn 0.65608120 0.70406337 0.27175766
vn 0.65608120 0.70406337 0.27175766
f 1061/1061/1061 1062/1062/1062 1063/1063/1063
f 1061/1061/1061 1063/1063/1063 1064/1064/1064
v 0.031250000 0.000000000 0.500000000
v 0.047222265 0.000000000 0.378678578
v 0.049938938 -0.002812500 0.379406500
v 0.034062500 -0.002812500 0.500000000
vt 0.01562500 0.98437500
vt 0.48437500 0.98437500
vt 0.48437500 0.51562500
vt 0.01562500 0.51562500
vn -0.70406202 -0.70406317 -0.09269151
vn -0.70406202 -0.70406317 -0.09269151
vn -0.70406202 -0.70406317 -0.09269151
vn -0.70406202 -0.70406317 -0.09269151
f 1065/1065/1065 1066/1066/1066 1067/1067/1067
f 1065/1065/1065 1067/1067/1067 1068/1068/1068
v 0.047222265 0.000000000 0.378678578
v 0.094050595 0.000000000 0.265625000
v 0.096486283 -0.002812500 0.267031250
v 0.049938938 -0.002812500 0.379406500
vt 0.01562500 0.98437500
vt 0.48437500 0.98437500
vt 0.48437500 0.51562500
vt 0.01562500 0.51562500
vn -0.65608285 -0.70406154 -0.27175843
vn -0.65608285 -0.70406154 -0.27175843
vn -0.65608285 -0.70406154 -0.27175843
vn -0.65608285 -0.70406154 -0.27175843
f 1069/1069/1069 1070/1070/1070 1071/1071/1071
f 1069/1069/1069 1071/1071/1071 1072/1072/1072
v 0.465625000 0.359375000 0.500000000
v 0.359375000 0.343750000 0.500000000
v 0.362187500 0.340937500 0.500000000
v 0.468437500 0.356562500 0.500000000
vt 0.01562500 0.98437500
vt 0.48437500 0.98437500
vt 0.48437500 0.51562500
vt 0.01562500 0.51562500
vn 0.00000000 0.00000000 1.00000000
vn 0.00000000 0.00000000 1.00000000
vn 0.00000000 0.00000000 1.00000000
vn 0.00000000 0.00000000 1.00000000
f 1073/1073/1073 1074/1074/1074 1075/1075/1075
f 1073/1073/1073 1075/1075/1075 1076/1076/1076
v 0.359375000 0.343750000 0.500000000
v 0.218750000 0.296875000 0.500000000
v 0.221562500 0.294062500 0.500000000
v 0.362187500 0.340937500 0.500000000
vt 0.01562500 0.98437500
vt 0.48437500 0.98437500
vt 0.48437500 0.51562500
vt 0.01562500 0.51562500
vn 0.00000000 0.00000000 1.00000000
vn 0.00000000 0.00000000 1.00000000
vn 0.00000000 0.00000000 1.00000000
vn 0.00000000 0.00000000 1.00000000
f 1077/1077/1077 1078/1078/1078 1079/1079/1079
f 1077/1077/1077 1079/1079/1079 1080/1080/1080
v 0.218750000 0.296875000 0.500000000
v 0.093750000 0.218750000 0.500000000
v 0.096562500 0.215937500 0.500000000
v 0.221562500 0.294062500 0.500000000
vt 0.01562500 0.98437500
vt 0.48437500 0.98437500
vt 0.48437500 0.51562500
vt 0.01562500 0.51562500
vn 0.00000000 0.00000000 1.00000000
vn 0.00000000 0.00000000 1.00000000
vn 0.00000000 0.00000000 1.00000000
vn 0.00000000 0.00000000 1.00000000
f 1081/1081/1081 1082/1082/1082 1083/1083/1083
f 1081/1081/1081 1083/1083/1083 1084/1084/1084
v 0.093750000 0.218750000 0.500000000
v 0.015625000 0.125000000 0.500000000
v 0.018437500 0.122187500 0.500000000
v 0.096562500 0.215937500 0.500000000
vt 0.01562500 0.98437500
vt 0.48437500 0.98437500
vt 0.48437500 0.51562500
vt 0.01562500 0.51562500
vn 0.00000000 0.00000000 1.00000000
vn 0.00000000 0.00000000 1.00000000
vn 0.00000000 0.00000000 1.00000000
vn 0.00000000 0.00000000 1.00000000
f 1085/1085/1085 1086/1086/1086 1087/1087/1087
f 1085/1085/1085 1087/1087/1087 1088/1088/1088
v 0.015625000 0.125000000 0.500000000
v 0.000000000 0.046875000 0.500000000
v 0.002812500 0.044062500 0.500000000
v 0.018437500 0.122187500 0.500000000
vt 0.01562500 0.98437500
vt 0.48437500 0.98437500
vt 0.48437500 0.51562500
vt 0.01562500 0.51562500
vn 0.00000000 0.00000000 1.00000000
vn 0.00000000 0.00000000 1.00000000
vn 0.00000000 0.00000000 1.00000000
vn 0.00000000 0.00000000 1.00000000
f 1089/1089/1089 1090/1090/1090 1091/1091/1091
f 1089/1089/1089 1091/1091/1091 1092/1092/1092
v 0.000000000 0.046875000 0.500000000
v 0.031250000 0.000000000 0.500000000
v 0.034062500 -0.002812500 0.500000000
v 0.002812500 0.044062500 0.500000000
vt 0.01562500 0.98437500
vt 0.48437500 0.98437500
vt 0.48437500 0.51562500
vt 0.01562500 0.51562500
vn 0.00000000 0.00000000 1.00000000
vn 0.00000000 0.00000000 1.00000000
vn 0.00000000 0.00000000 1.00000000
vn 0.00000000 0.00000000 1.00000000
f 1093/1093/1093 1094/1094/1094 1095/1095/1095
f 1093/1093/1093 1095/1095/1095 1096/1096/1096
v 0.472666078 0.356562500 0.484218750
v 0.380650875 0.340937500 0.431093750
v 0.378215173 0.343750000 0.429687500
v 0.470230375 0.359375000 0.482812500
vt 0.01562500 0.51562500
vt 0.48437500 0.51562500
vt 0.48437500 0.98437500
vt 0.01562500 0.98437500
vn 0.49999985 0.00000102 -0.86602549
vn 0.49999985 0.00000102 -0.86602549
vn 0.49999985 0.00000102 -0.86602549
vn 0.49999985 0.00000102 -0.86602549
f 1097/1097/1097 1098/1098/1098 1099/1099/1099
f 1097/1097/1097 1099/1099/1099 1100/1100/1100
v 0.380650875 0.340937500 0.431093750
v 0.258866047 0.294062500 0.360781250
v 0.256430360 0.296875000 0.359375000
v 0.378215173 0.343750000 0.429687500
vt 0.01562500 0.51562500
vt 0.48437500 0.51562500
vt 0.48437500 0.98437500
vt 0.01562500 0.98437500
vn 0.50000033 -0.00000121 -0.86602521
vn 0.50000033 -0.00000121 -0.86602521
vn 0.50000033 -0.00000121 -0.86602521
vn 0.50000033 -0.00000121 -0.86602521
f 1101/1101/1101 1102/1102/1102 1103/1103/1103
f 1101/1101/1101 1103/1103/1103 1104/1104/1104
v 0.258866047 0.294062500 0.360781250
v 0.150612875 0.215937500 0.298281250
v 0.148177187 0.218750000 0.296875000
v 0.256430360 0.296875000 0.359375000
vt 0.01562500 0.51562500
vt 0.48437500 0.51562500
vt 0.48437500 0.98437500
vt 0.01562500 0.98437500
vn 0.50000054 -0.00000097 -0.86602509
vn 0.50000054 -0.00000097 -0.86602509
vn 0.50000054 -0.00000097 -0.86602509
vn 0.50000054 -0.00000097 -0.86602509
f 1105/1105/1105 1106/1106/1106 1107/1107/1107
f 1105/1105/1105 1107/1107/1107 1108/1108/1108
v 0.150612875 0.215937500 0.298281250
v 0.082954640 0.122187500 0.259218750
v 0.080518937 0.125000000 0.257812500
v 0.148177187 0.218750000 0.296875000
vt 0.01562500 0.51562500
vt 0.48437500 0.51562500
vt 0.48437500 0.98437500
vt 0.01562500 0.98437500
vn 0.49999944 0.00000054 -0.86602573
vn 0.49999944 0.00000054 -0.86602573
vn 0.49999944 0.00000054 -0.86602573
vn 0.49999944 0.00000054 -0.86602573
f 1109/1109/1109 1110/1110/1110 1111/1111/1111
f 1109/1109/1109 1111/1111/1111 1112/1112/1112
v 0.082954640 0.122187500 0.259218750
v 0.069423000 0.044062500 0.251406250
v 0.066987297 0.046875000 0.250000000
v 0.080518937 0.125000000 0.257812500
vt 0.01562500 0.51562500
vt 0.48437500 0.51562500
vt 0.48437500 0.98437500
vt 0.01562500 0.98437500
vn 0.49999917 0.00000023 -0.86602588
vn 0.49999917 0.00000023 -0.86602588
vn 0.49999917 0.00000023 -0.86602588
vn 0.49999917 0.00000023 -0.86602588
f 1113/1113/1113 1114/1114/1114 1115/1115/1115
f 1113/1113/1113 1115/1115/1115 1116/1116/1116
v 0.069423000 0.044062500 0.251406250
v 0.096486283 -0.002812500 0.267031250
v 0.094050595 0.000000000 0.265625000
v 0.066987297 0.046875000 0.250000000
vt 0.01562500 0.51562500
vt 0.48437500 0.51562500
vt 0.48437500 0.98437500
vt 0.01562500 0.98437500
vn 0.50000378 0.00000278 -0.86602322
vn 0.50000378 0.00000278 -0.86602322
vn 0.50000378 0.00000278 -0.86602322
vn 0.50000378 0.00000278 -0.86602322
f 1117/1117/1117 1118/1118/1118 1119/1119/1119
f 1117/1117/1117 1119/1119/1119 1120/1120/1120
g canopy_gore_08
usemtl parachute
v 0.470230375 0.359375000 0.482812500
v 0.475693203 0.359375000 0.475693203
v 0.400563110 0.343750000 0.400563110
v 0.378215173 0.343750000 0.429687500
vt 0.51562500 0.98437500
vt 0.75000000 0.98437500
vt 0.75000000 0.90625000
vt 0.51562500 0.90625000
vn -0.11640282 0.98917769 -0.08931902
vn -0.11640282 0.98917769 -0.08931902
vn -0.11640282 0.98917769 -0.08931902
vn -0.11640282 0.98917769 -0.08931902
f 1121/1121/1121 1122/1122/1122 1123/1123/1123
f 1121/1121/1121 1123/1123/1123 1124/1124/1124
v 0.475693203 0.359375000 0.475693203
v 0.482812500 0.359375000 0.470230375
v 0.429687500 0.343750000 0.378215173
v 0.400563110 0.343750000 0.400563110
vt 0.75000000 0.98437500
vt 0.98437500 0.98437500
vt 0.98437500 0.90625000
vt 0.75000000 0.90625000
vn -0.08931901 0.98917769 -0.11640282
vn -0.08931901 0.98917769 -0.11640282
vn -0.08931901 0.98917769 -0.11640282
vn -0.08931901 0.98917769 -0.11640282
f 1125/1125/1125 1126/1126/1126 1127/1127/1127
f 1125/1125/1125 1127/1127/1127 1128/1128/1128
v 0.378215173 0.343750000 0.429687500
v 0.400563110 0.343750000 0.400563110
v 0.301126220 0.296875000 0.301126220
v 0.256430360 0.296875000 0.359375000
vt 0.51562500 0.90625000
vt 0.75000000 0.90625000
vt 0.75000000 0.82812500
vt 0.51562500 0.82812500
vn -0.25282615 0.94786222 -0.19400039
vn -0.25282615 0.94786222 -0.19400039
vn -0.25282615 0.94786222 -0.19400039
vn -0.25282615 0.94786222 -0.19400039
f 1129/1129/1129 1130/1130/1130 1131/1131/1131
f 1129/1129/1129 1131/1131/1131 1132/1132/1132
v 0.400563110 0.343750000 0.400563110
v 0.429687500 0.343750000 0.378215173
v 0.359375000 0.296875000 0.256430360
v 0.301126220 0.296875000 0.301126220
vt 0.75000000 0.90625000
vt 0.98437500 0.90625000
vt 0.98437500 0.82812500
vt 0.75000000 0.82812500
vn -0.19400040 0.94786221 -0.25282617
vn -0.19400040 0.94786221 -0.25282617
vn -0.19400040 0.94786221 -0.25282617
vn -0.19400040 0.94786221 -0.25282617
f 1133/1133/1133 1134/1134/1134 1135/1135/1135
f 1133/1133/1133 1135/1135/1135 1136/1136/1136
v 0.256430360 0.296875000 0.359375000
v 0.301126220 0.296875000 0.301126220
v 0.212737875 0.218750000 0.212737875
v 0.148177187 0.218750000 0.296875000
vt 0.51562500 0.82812500
vt 0.75000000 0.82812500
vt 0.75000000 0.75000000
vt 0.51562500 0.75000000
vn -0.42307607 0.84594150 -0.32463767
vn -0.42307607 0.84594150 -0.32463767
vn -0.42307607 0.84594150 -0.32463767
vn -0.42307607 0.84594150 -0.32463767
f 1137/1137/1137 1138/1138/1138 1139/1139/1139
f 1137/1137/1137 1139/1139/1139 1140/1140/1140
v 0.301126220 0.296875000 0.301126220
v 0.359375000 0.296875000 0.256430360
v 0.296875000 0.218750000 0.148177187
v 0.212737875 0.218750000 0.212737875
vt 0.75000000 0.82812500
vt 0.98437500 0.82812500
vt 0.98437500 0.75000000
vt 0.75000000 0.75000000
vn -0.32463766 0.84594150 -0.42307607
vn -0.32463766 0.84594150 -0.42307607
vn -0.32463766 0.84594150 -0.42307607
vn -0.32463766 0.84594150 -0.42307607
f 1141/1141/1141 1142/1142/1142 1143/1143/1143
f 1141/1141/1141 1143/1143/1143 1144/1144/1144
v 0.148177187 0.218750000 0.296875000
v 0.212737875 0.218750000 0.212737875
v 0.157495155 0.125000000 0.157495155
v 0.080518937 0.125000000 0.257812500
vt 0.51562500 0.75000000
vt 0.75000000 0.75000000
vt 0.75000000 0.67187500
vt 0.51562500 0.67187500
vn -0.61160991 0.63693511 -0.46930479
vn -0.61160991 0.63693511 -0.46930479
vn -0.61160991 0.63693511 -0.46930479
vn -0.61160991 0.63693511 -0.46930479
f 1145/1145/1145 1146/1146/1146 1147/1147/1147
f 1145/1145/1145 1147/1147/1147 1148/1148/1148
v 0.212737875 0.218750000 0.212737875
v 0.296875000 0.218750000 0.148177187
v 0.257812500 0.125000000 0.080518937
v 0.157495155 0.125000000 0.157495155
vt 0.75000000 0.75000000
vt 0.98437500 0.75000000
vt 0.98437500 0.67187500
vt 0.75000000 0.67187500
vn -0.46930477 0.63693516 -0.61160987
vn -0.46930477 0.63693516 -0.61160987
vn -0.46930477 0.63693516 -0.61160987
vn -0.46930477 0.63693516 -0.61160987
f 1149/1149/1149 1150/1150/1150 1151/1151/1151
f 1149/1149/1149 1151/1151/1151 1152/1152/1152
v 0.080518937 0.125000000 0.257812500
v 0.157495155 0.125000000 0.157495155
v 0.146446610 0.046875000 0.146446610
v 0.066987297 0.046875000 0.250000000
vt 0.51562500 0.67187500
vt 0.75000000 0.67187500
vt 0.75000000 0.59375000
vt 0.51562500 0.59375000
vn -0.77820190 0.19450213 -0.59713543
vn -0.77820190 0.19450213 -0.59713543
vn -0.77820190 0.19450213 -0.59713543
vn -0.77820190 0.19450213 -0.59713543
f 1153/1153/1153 1154/1154/1154 1155/1155/1155
f 1153/1153/1153 1155/1155/1155 1156/1156/1156
v 0.157495155 0.125000000 0.157495155
v 0.257812500 0.125000000 0.080518937
v 0.250000000 0.046875000 0.066987297
v 0.146446610 0.046875000 0.146446610
vt 0.75000000 0.67187500
vt 0.98437500 0.67187500
vt 0.98437500 0.59375000
vt 0.75000000 0.59375000
vn -0.59713544 0.19450201 -0.77820192
vn -0.59713544 0.19450201 -0.77820192
vn -0.59713544 0.19450201 -0.77820192
vn -0.59713544 0.19450201 -0.77820192
f 1157/1157/1157 1158/1158/1158 1159/1159/1159
f 1157/1157/1157 1159/1159/1159 1160/1160/1160
v 0.066987297 0.046875000 0.250000000
v 0.146446610 0.046875000 0.146446610
v 0.168543703 0.000000000 0.168543703
v 0.094050595 0.000000000 0.265625000
vt 0.51562500 0.59375000
vt 0.75000000 0.59375000
vt 0.75000000 0.51562500
vt 0.51562500 0.51562500
vn -0.66184685 -0.55140195 -0.50785296
vn -0.66184685 -0.55140195 -0.50785296
vn -0.66184685 -0.55140195 -0.50785296
vn -0.66184685 -0.55140195 -0.50785296
f 1161/1161/1161 1162/1162/1162 1163/1163/1163
f 1161/1161/1161 1163/1163/1163 1164/1164/1164
v 0.146446610 0.046875000 0.146446610
v 0.250000000 0.046875000 0.066987297
v 0.265625000 0.000000000 0.094050595
v 0.168543703 0.000000000 0.168543703
vt 0.75000000 0.59375000
vt 0.98437500 0.59375000
vt 0.98437500 0.51562500
vt 0.75000000 0.51562500
vn -0.50785300 -0.55140186 -0.66184690
vn -0.50785300 -0.55140186 -0.66184690
vn -0.50785300 -0.55140186 -0.66184690
vn -0.50785300 -0.55140186 -0.66184690
f 1165/1165/1165 1166/1166/1166 1167/1167/1167
f 1165/1165/1165 1167/1167/1167 1168/1168/1168
v 0.380650875 0.340937500 0.431093750
v 0.402551842 0.340937500 0.402551842
v 0.477681937 0.356562500 0.477681937
v 0.472666078 0.356562500 0.484218750
vt 0.51562500 0.90625000
vt 0.75000000 0.90625000
vt 0.75000000 0.98437500
vt 0.51562500 0.98437500
vn 0.11640283 -0.98917769 0.08931901
vn 0.11640283 -0.98917769 0.08931901
vn 0.11640283 -0.98917769 0.08931901
vn 0.11640283 -0.98917769 0.08931901
f 1169/1169/1169 1170/1170/1170 1171/1171/1171
f 1169/1169/1169 1171/1171/1171 1172/1172/1172
v 0.402551842 0.340937500 0.402551842
v 0.431093750 0.340937500 0.380650875
v 0.484218750 0.356562500 0.472666078
v 0.477681937 0.356562500 0.477681937
vt 0.75000000 0.90625000
vt 0.98437500 0.90625000
vt 0.98437500 0.98437500
vt 0.75000000 0.98437500
vn 0.08931900 -0.98917769 0.11640282
vn 0.08931900 -0.98917769 0.11640282
vn 0.08931900 -0.98917769 0.11640282
vn 0.08931900 -0.98917769 0.11640282
f 1173/1173/1173 1174/1174/1174 1175/1175/1175
f 1173/1173/1173 1175/1175/1175 1176/1176/1176
v 0.258866047 0.294062500 0.360781250
v 0.303114952 0.294062500 0.303114952
v 0.402551842 0.340937500 0.402551842
v 0.380650875 0.340937500 0.431093750
vt 0.51562500 0.82812500
vt 0.75000000 0.82812500
vt 0.75000000 0.90625000
vt 0.51562500 0.90625000
vn 0.25282618 -0.94786222 0.19400035
vn 0.25282618 -0.94786222 0.19400035
vn 0.25282618 -0.94786222 0.19400035
vn 0.25282618 -0.94786222 0.19400035
f 1177/1177/1177 1178/1178/1178 1179/1179/1179
f 1177/1177/1177 1179/1179/1179 1180/1180/1180
v 0.303114952 0.294062500 0.303114952
v 0.360781250 0.294062500 0.258866047
v 0.431093750 0.340937500 0.380650875
v 0.402551842 0.340937500 0.402551842
vt 0.75000000 0.82812500
vt 0.98437500 0.82812500
vt 0.98437500 0.90625000
vt 0.75000000 0.90625000
vn 0.19400035 -0.94786222 0.25282617
vn 0.19400035 -0.94786222 0.25282617
vn 0.19400035 -0.94786222 0.25282617
vn 0.19400035 -0.94786222 0.25282617
f 1181/1181/1181 1182/1182/1182 1183/1183/1183
f 1181/1181/1181 1183/1183/1183 1184/1184/1184
v 0.150612875 0.215937500 0.298281250
v 0.214726610 0.215937500 0.214726610
v 0.303114952 0.294062500 0.303114952
v 0.258866047 0.294062500 0.360781250
vt 0.51562500 0.75000000
vt 0.75000000 0.75000000
vt 0.75000000 0.82812500
vt 0.51562500 0.82812500
vn 0.42307605 -0.84594150 0.32463769
vn 0.42307605 -0.84594150 0.32463769
vn 0.42307605 -0.84594150 0.32463769
vn 0.42307605 -0.84594150 0.32463769
f 1185/1185/1185 1186/1186/1186 1187/1187/1187
f 1185/1185/1185 1187/1187/1187 1188/1188/1188
v 0.214726610 0.215937500 0.214726610
v 0.298281250 0.215937500 0.150612875
v 0.360781250 0.294062500 0.258866047
v 0.303114952 0.294062500 0.303114952
vt 0.75000000 0.75000000
vt 0.98437500 0.75000000
vt 0.98437500 0.82812500
vt 0.75000000 0.82812500
vn 0.32463769 -0.84594150 0.42307605
vn 0.32463769 -0.84594150 0.42307605
vn 0.32463769 -0.84594150 0.42307605
vn 0.32463769 -0.84594150 0.42307605
f 1189/1189/1189 1190/1190/1190 1191/1191/1191
f 1189/1189/1189 1191/1191/1191 1192/1192/1192
v 0.082954640 0.122187500 0.259218750
v 0.159483890 0.122187500 0.159483890
v 0.214726610 0.215937500 0.214726610
v 0.150612875 0.215937500 0.298281250
vt 0.51562500 0.67187500
vt 0.75000000 0.67187500
vt 0.75000000 0.75000000
vt 0.51562500 0.75000000
vn 0.61160991 -0.63693511 0.46930479
vn 0.61160991 -0.63693511 0.46930479
vn 0.61160991 -0.63693511 0.46930479
vn 0.61160991 -0.63693511 0.46930479
f 1193/1193/1193 1194/1194/1194 1195/1195/1195
f 1193/1193/1193 1195/1195/1195 1196/1196/1196
v 0.159483890 0.122187500 0.159483890
v 0.259218750 0.122187500 0.082954640
v 0.298281250 0.215937500 0.150612875
v 0.214726610 0.215937500 0.214726610
vt 0.75000000 0.67187500
vt 0.98437500 0.67187500
vt 0.98437500 0.75000000
vt 0.75000000 0.75000000
vn 0.46930480 -0.63693510 0.61160991
vn 0.46930480 -0.63693510 0.61160991
vn 0.46930480 -0.63693510 0.61160991
vn 0.46930480 -0.63693510 0.61160991
f 1197/1197/1197 1198/1198/1198 1199/1199/1199
f 1197/1197/1197 1199/1199/1199 1200/1200/1200
v 0.069423000 0.044062500 0.251406250
v 0.148435345 0.044062500 0.148435345
v 0.159483890 0.122187500 0.159483890
v 0.082954640 0.122187500 0.259218750
vt 0.51562500 0.59375000
vt 0.75000000 0.59375000
vt 0.75000000 0.67187500
vt 0.51562500 0.67187500
vn 0.77820200 -0.19450213 0.59713531
vn 0.77820200 -0.19450213 0.59713531
vn 0.77820200 -0.19450213 0.59713531
vn 0.77820200 -0.19450213 0.59713531
f 1201/1201/1201 1202/1202/1202 1203/1203/1203
f 1201/1201/1201 1203/1203/1203 1204/1204/1204
v 0.148435345 0.044062500 0.148435345
v 0.251406250 0.044062500 0.069423000
v 0.259218750 0.122187500 0.082954640
v 0.159483890 0.122187500 0.159483890
vt 0.75000000 0.59375000
vt 0.98437500 0.59375000
vt 0.98437500 0.67187500
vt 0.75000000 0.67187500
vn 0.59713532 -0.19450201 0.77820202
vn 0.59713532 -0.19450201 0.77820202
vn 0.59713532 -0.19450201 0.77820202
vn 0.59713532 -0.19450201 0.77820202
f 1205/1205/1205 1206/1206/1206 1207/1207/1207
f 1205/1205/1205 1207/1207/1207 1208/1208/1208
v 0.096486283 -0.002812500 0.267031250
v 0.170532438 -0.002812500 0.170532438
v 0.148435345 0.044062500 0.148435345
v 0.069423000 0.044062500 0.251406250
vt 0.51562500 0.51562500
vt 0.75000000 0.51562500
vt 0.75000000 0.59375000
vt 0.51562500 0.59375000
vn 0.66184681 0.55140196 0.50785301
vn 0.66184681 0.55140196 0.50785301
vn 0.66184681 0.55140196 0.50785301
vn 0.66184681 0.55140196 0.50785301
f 1209/1209/1209 1210/1210/1210 1211/1211/1211
f 1209/1209/1209 1211/1211/1211 1212/1212/1212
v 0.170532438 -0.002812500 0.170532438
v 0.267031250 -0.002812500 0.096486283
v 0.251406250 0.044062500 0.069423000
v 0.148435345 0.044062500 0.148435345
vt 0.75000000 0.51562500
vt 0.98437500 0.51562500
vt 0.98437500 0.59375000
vt 0.75000000 0.59375000
vn 0.50785311 0.55140170 0.66184694
vn 0.50785311 0.55140170 0.66184694
vn 0.50785311 0.55140170 0.66184694
vn 0.50785311 0.55140170 0.66184694
f 1213/1213/1213 1214/1214/1214 1215/1215/1215
f 1213/1213/1213 1215/1215/1215 1216/1216/1216
v 0.472666078 0.356562500 0.484218750
v 0.477681937 0.356562500 0.477681937
v 0.475693203 0.359375000 0.475693203
v 0.470230375 0.359375000 0.482812500
vt 0.51562500 0.51562500
vt 0.98437500 0.51562500
vt 0.98437500 0.98437500
vt 0.51562500 0.98437500
vn 0.56339137 0.70406192 0.43230426
vn 0.56339137 0.70406192 0.43230426
vn 0.56339137 0.70406192 0.43230426
vn 0.56339137 0.70406192 0.43230426
f 1217/1217/1217 1218/1218/1218 1219/1219/1219
f 1217/1217/1217 1219/1219/1219 1220/1220/1220
v 0.477681937 0.356562500 0.477681937
v 0.484218750 0.356562500 0.472666078
v 0.482812500 0.359375000 0.470230375
v 0.475693203 0.359375000 0.475693203
vt 0.51562500 0.51562500
vt 0.98437500 0.51562500
vt 0.98437500 0.98437500
vt 0.51562500 0.98437500
vn 0.43230341 0.70406333 0.56339027
vn 0.43230341 0.70406333 0.56339027
vn 0.43230341 0.70406333 0.56339027
vn 0.43230341 0.70406333 0.56339027
f 1221/1221/1221 1222/1222/1222 1223/1223/1223
f 1221/1221/1221 1223/1223/1223 1224/1224/1224
v 0.094050595 0.000000000 0.265625000
v 0.168543703 0.000000000 0.168543703
v 0.170532438 -0.002812500 0.170532438
v 0.096486283 -0.002812500 0.267031250
vt 0.51562500 0.98437500
vt 0.98437500 0.98437500
vt 0.98437500 0.51562500
vt 0.51562500 0.51562500
vn -0.56339074 -0.70406198 -0.43230498
vn -0.56339074 -0.70406198 -0.43230498
vn -0.56339074 -0.70406198 -0.43230498
vn -0.56339074 -0.70406198 -0.43230498
f 1225/1225/1225 1226/1226/1226 1227/1227/1227
f 1225/1225/1225 1227/1227/1227 1228/1228/1228
v 0.168543703 0.000000000 0.168543703
v 0.265625000 0.000000000 0.094050595
v 0.267031250 -0.002812500 0.096486283
v 0.170532438 -0.002812500 0.170532438
vt 0.51562500 0.98437500
vt 0.98437500 0.98437500
vt 0.98437500 0.51562500
vt 0.51562500 0.51562500
vn -0.43230516 -0.70406169 -0.56339098
vn -0.43230516 -0.70406169 -0.56339098
vn -0.43230516 -0.70406169 -0.56339098
vn -0.43230516 -0.70406169 -0.56339098
f 1229/1229/1229 1230/1230/1230 1231/1231/1231
f 1229/1229/1229 1231/1231/1231 1232/1232/1232
v 0.470230375 0.359375000 0.482812500
v 0.378215173 0.343750000 0.429687500
v 0.380650875 0.340937500 0.431093750
v 0.472666078 0.356562500 0.484218750
vt 0.51562500 0.98437500
vt 0.98437500 0.98437500
vt 0.98437500 0.51562500
vt 0.51562500 0.51562500
vn -0.49999985 -0.00000102 0.86602549
vn -0.49999985 -0.00000102 0.86602549
vn -0.49999985 -0.00000102 0.86602549
vn -0.49999985 -0.00000102 0.86602549
f 1233/1233/1233 1234/1234/1234 1235/1235/1235
f 1233/1233/1233 1235/1235/1235 1236/1236/1236
v 0.378215173 0.343750000 0.429687500
v 0.256430360 0.296875000 0.359375000
v 0.258866047 0.294062500 0.360781250
v 0.380650875 0.340937500 0.431093750
vt 0.51562500 0.98437500
vt 0.98437500 0.98437500
vt 0.98437500 0.51562500
vt 0.51562500 0.51562500
vn -0.50000037 0.00000117 0.86602519
vn -0.50000037 0.00000117 0.86602519
vn -0.50000037 0.00000117 0.86602519
vn -0.50000037 0.00000117 0.86602519
f 1237/1237/1237 1238/1238/1238 1239/1239/1239
f 1237/1237/1237 1239/1239/1239 1240/1240/1240
v 0.256430360 0.296875000 0.359375000
v 0.148177187 0.218750000 0.296875000
v 0.150612875 0.215937500 0.298281250
v 0.258866047 0.294062500 0.360781250
vt 0.51562500 0.98437500
vt 0.98437500 0.98437500
vt 0.98437500 0.51562500
vt 0.51562500 0.51562500
vn -0.50000054 0.00000097 0.86602509
vn -0.50000054 0.00000097 0.86602509
vn -0.50000054 0.00000097 0.86602509
vn -0.50000054 0.00000097 0.86602509
f 1241/1241/1241 1242/1242/1242 1243/1243/1243
f 1241/1241/1241 1243/1243/1243 1244/1244/1244
v 0.148177187 0.218750000 0.296875000
v 0.080518937 0.125000000 0.257812500
v 0.082954640 0.122187500 0.259218750
v 0.150612875 0.215937500 0.298281250
vt 0.51562500 0.98437500
vt 0.98437500 0.98437500
vt 0.98437500 0.51562500
vt 0.51562500 0.51562500
vn -0.49999940 -0.00000049 0.86602575
vn -0.49999940 -0.00000049 0.86602575
vn -0.49999940 -0.00000049 0.86602575
vn -0.49999940 -0.00000049 0.86602575
f 1245/1245/1245 1246/1246/1246 1247/1247/1247
f 1245/1245/1245 1247/1247/1247 1248/1248/1248
v 0.080518937 0.125000000 0.257812500
v 0.066987297 0.046875000 0.250000000
v 0.069423000 0.044062500 0.251406250
v 0.082954640 0.122187500 0.259218750
vt 0.51562500 0.98437500
vt 0.98437500 0.98437500
vt 0.98437500 0.51562500
vt 0.51562500 0.51562500
vn -0.49999917 -0.00000023 0.86602588
vn -0.49999917 -0.00000023 0.86602588
vn -0.49999917 -0.00000023 0.86602588
vn -0.49999917 -0.00000023 0.86602588
f 1249/1249/1249 1250/1250/1250 1251/1251/1251
f 1249/1249/1249 1251/1251/1251 1252/1252/1252
v 0.066987297 0.046875000 0.250000000
v 0.094050595 0.000000000 0.265625000
v 0.096486283 -0.002812500 0.267031250
v 0.069423000 0.044062500 0.251406250
vt 0.51562500 0.98437500
vt 0.98437500 0.98437500
vt 0.98437500 0.51562500
vt 0.51562500 0.51562500
vn -0.50000422 -0.00000328 0.86602297
vn -0.50000422 -0.00000328 0.86602297
vn -0.50000422 -0.00000328 0.86602297
vn -0.50000422 -0.00000328 0.86602297
f 1253/1253/1253 1254/1254/1254 1255/1255/1255
f 1253/1253/1253 1255/1255/1255 1256/1256/1256
v 0.484218750 0.356562500 0.472666078
v 0.431093750 0.340937500 0.380650875
v 0.429687500 0.343750000 0.378215173
v 0.482812500 0.359375000 0.470230375
vt 0.51562500 0.51562500
vt 0.98437500 0.51562500
vt 0.98437500 0.98437500
vt 0.51562500 0.98437500
vn 0.86602549 -0.00000102 -0.49999985
vn 0.86602549 -0.00000102 -0.49999985
vn 0.86602549 -0.00000102 -0.49999985
vn 0.86602549 -0.00000102 -0.49999985
f 1257/1257/1257 1258/1258/1258 1259/1259/1259
f 1257/1257/1257 1259/1259/1259 1260/1260/1260
v 0.431093750 0.340937500 0.380650875
v 0.360781250 0.294062500 0.258866047
v 0.359375000 0.296875000 0.256430360
v 0.429687500 0.343750000 0.378215173
vt 0.51562500 0.51562500
vt 0.98437500 0.51562500
vt 0.98437500 0.98437500
vt 0.51562500 0.98437500
vn 0.86602521 0.00000121 -0.50000033
vn 0.86602521 0.00000121 -0.50000033
vn 0.86602521 0.00000121 -0.50000033
vn 0.86602521 0.00000121 -0.50000033
f 1261/1261/1261 1262/1262/1262 1263/1263/1263
f 1261/1261/1261 1263/1263/1263 1264/1264/1264
v 0.360781250 0.294062500 0.258866047
v 0.298281250 0.215937500 0.150612875
v 0.296875000 0.218750000 0.148177187
v 0.359375000 0.296875000 0.256430360
vt 0.51562500 0.51562500
vt 0.98437500 0.51562500
vt 0.98437500 0.98437500
vt 0.51562500 0.98437500
vn 0.86602509 0.00000097 -0.50000054
vn 0.86602509 0.00000097 -0.50000054
vn 0.86602509 0.00000097 -0.50000054
vn 0.86602509 0.00000097 -0.50000054
f 1265/1265/1265 1266/1266/1266 1267/1267/1267
f 1265/1265/1265 1267/1267/1267 1268/1268/1268
v 0.298281250 0.215937500 0.150612875
v 0.259218750 0.122187500 0.082954640
v 0.257812500 0.125000000 0.080518937
v 0.296875000 0.218750000 0.148177187
vt 0.51562500 0.51562500
vt 0.98437500 0.51562500
vt 0.98437500 0.98437500
vt 0.51562500 0.98437500
vn 0.86602573 -0.00000054 -0.49999944
vn 0.86602573 -0.00000054 -0.49999944
vn 0.86602573 -0.00000054 -0.49999944
vn 0.86602573 -0.00000054 -0.49999944
f 1269/1269/1269 1270/1270/1270 1271/1271/1271
f 1269/1269/1269 1271/1271/1271 1272/1272/1272
v 0.259218750 0.122187500 0.082954640
v 0.251406250 0.044062500 0.069423000
v 0.250000000 0.046875000 0.066987297
v 0.257812500 0.125000000 0.080518937
vt 0.51562500 0.51562500
vt 0.98437500 0.51562500
vt 0.98437500 0.98437500
vt 0.51562500 0.98437500
vn 0.86602588 -0.00000023 -0.49999917
vn 0.86602588 -0.00000023 -0.49999917
vn 0.86602588 -0.00000023 -0.49999917
vn 0.86602588 -0.00000023 -0.49999917
f 1273/1273/1273 1274/1274/1274 1275/1275/1275
f 1273/1273/1273 1275/1275/1275 1276/1276/1276
v 0.251406250 0.044062500 0.069423000
v 0.267031250 -0.002812500 0.096486283
v 0.265625000 0.000000000 0.094050595
v 0.250000000 0.046875000 0.066987297
vt 0.51562500 0.51562500
vt 0.98437500 0.51562500
vt 0.98437500 0.98437500
vt 0.51562500 0.98437500
vn 0.86602322 -0.00000278 -0.50000378
vn 0.86602322 -0.00000278 -0.50000378
vn 0.86602322 -0.00000278 -0.50000378
vn 0.86602322 -0.00000278 -0.50000378
f 1277/1277/1277 1278/1278/1278 1279/1279/1279
f 1277/1277/1277 1279/1279/1279 1280/1280/1280
g canopy_gore_09
usemtl parachute
v 0.482812500 0.359375000 0.470230375
v 0.491103093 0.359375000 0.466796298
v 0.463603578 0.343750000 0.364166688
v 0.429687500 0.343750000 0.378215173
vt 0.01562500 0.98437500
vt 0.25000000 0.98437500
vt 0.25000000 0.90625000
vt 0.01562500 0.90625000
vn -0.05614832 0.98917768 -0.13555396
vn -0.05614832 0.98917768 -0.13555396
vn -0.05614832 0.98917768 -0.13555396
vn -0.05614832 0.98917768 -0.13555396
f 1281/1281/1281 1282/1282/1282 1283/1283/1283
f 1281/1281/1281 1283/1283/1283 1284/1284/1284
v 0.491103093 0.359375000 0.466796298
v 0.500000000 0.359375000 0.465625000
v 0.500000000 0.343750000 0.359375000
v 0.463603578 0.343750000 0.364166688
vt 0.25000000 0.98437500
vt 0.48437500 0.98437500
vt 0.48437500 0.90625000
vt 0.25000000 0.90625000
vn -0.01915108 0.98917769 -0.14546731
vn -0.01915108 0.98917769 -0.14546731
vn -0.01915108 0.98917769 -0.14546731
vn -0.01915108 0.98917769 -0.14546731
f 1285/1285/1285 1286/1286/1286 1287/1287/1287
f 1285/1285/1285 1287/1287/1287 1288/1288/1288
v 0.429687500 0.343750000 0.378215173
v 0.463603578 0.343750000 0.364166688
v 0.427207140 0.296875000 0.228333360
v 0.359375000 0.296875000 0.256430360
vt 0.01562500 0.90625000
vt 0.25000000 0.90625000
vt 0.25000000 0.82812500
vt 0.01562500 0.82812500
vn -0.12195359 0.94786223 -0.29442234
vn -0.12195359 0.94786223 -0.29442234
vn -0.12195359 0.94786223 -0.29442234
vn -0.12195359 0.94786223 -0.29442234
f 1289/1289/1289 1290/1290/1290 1291/1291/1291
f 1289/1289/1289 1291/1291/1291 1292/1292/1292
v 0.463603578 0.343750000 0.364166688
v 0.500000000 0.343750000 0.359375000
v 0.500000000 0.296875000 0.218750000
v 0.427207140 0.296875000 0.228333360
vt 0.25000000 0.90625000
vt 0.48437500 0.90625000
vt 0.48437500 0.82812500
vt 0.25000000 0.82812500
vn -0.04159621 0.94786222 -0.31595407
vn -0.04159621 0.94786222 -0.31595407
vn -0.04159621 0.94786222 -0.31595407
vn -0.04159621 0.94786222 -0.31595407
f 1293/1293/1293 1294/1294/1294 1295/1295/1295
f 1293/1293/1293 1295/1295/1295 1296/1296/1296
v 0.359375000 0.296875000 0.256430360
v 0.427207140 0.296875000 0.228333360
v 0.394854765 0.218750000 0.107592640
v 0.296875000 0.218750000 0.148177187
vt 0.01562500 0.82812500
vt 0.25000000 0.82812500
vt 0.25000000 0.75000000
vt 0.01562500 0.75000000
vn -0.20407583 0.84594149 -0.49268251
vn -0.20407583 0.84594149 -0.49268251
vn -0.20407583 0.84594149 -0.49268251
vn -0.20407583 0.84594149 -0.49268251
f 1297/1297/1297 1298/1298/1298 1299/1299/1299
f 1297/1297/1297 1299/1299/1299 1300/1300/1300
v 0.427207140 0.296875000 0.228333360
v 0.500000000 0.296875000 0.218750000
v 0.500000000 0.218750000 0.093750000
v 0.394854765 0.218750000 0.107592640
vt 0.25000000 0.82812500
vt 0.48437500 0.82812500
vt 0.48437500 0.75000000
vt 0.25000000 0.75000000
vn -0.06960643 0.84594151 -0.52871344
vn -0.06960643 0.84594151 -0.52871344
vn -0.06960643 0.84594151 -0.52871344
vn -0.06960643 0.84594151 -0.52871344
f 1301/1301/1301 1302/1302/1302 1303/1303/1303
f 1301/1301/1301 1303/1303/1303 1304/1304/1304
v 0.296875000 0.218750000 0.148177187
v 0.394854765 0.218750000 0.107592640
v 0.374634533 0.125000000 0.032129672
v 0.257812500 0.125000000 0.080518937
vt 0.01562500 0.75000000
vt 0.25000000 0.75000000
vt 0.25000000 0.67187500
vt 0.01562500 0.67187500
vn -0.29501730 0.63693516 -0.71223479
vn -0.29501730 0.63693516 -0.71223479
vn -0.29501730 0.63693516 -0.71223479
vn -0.29501730 0.63693516 -0.71223479
f 1305/1305/1305 1306/1306/1306 1307/1307/1307
f 1305/1305/1305 1307/1307/1307 1308/1308/1308
v 0.394854765 0.218750000 0.107592640
v 0.500000000 0.218750000 0.093750000
v 0.500000000 0.125000000 0.015625000
v 0.374634533 0.125000000 0.032129672
vt 0.25000000 0.75000000
vt 0.48437500 0.75000000
vt 0.48437500 0.67187500
vt 0.25000000 0.67187500
vn -0.10062497 0.63693510 -0.76432212
vn -0.10062497 0.63693510 -0.76432212
vn -0.10062497 0.63693510 -0.76432212
vn -0.10062497 0.63693510 -0.76432212
f 1309/1309/1309 1310/1310/1310 1311/1311/1311
f 1309/1309/1309 1311/1311/1311 1312/1312/1312
v 0.257812500 0.125000000 0.080518937
v 0.374634533 0.125000000 0.032129672
v 0.370590485 0.046875000 0.017037095
v 0.250000000 0.046875000 0.066987297
vt 0.01562500 0.67187500
vt 0.25000000 0.67187500
vt 0.25000000 0.59375000
vt 0.01562500 0.59375000
vn -0.37537497 0.19450192 -0.90623542
vn -0.37537497 0.19450192 -0.90623542
vn -0.37537497 0.19450192 -0.90623542
vn -0.37537497 0.19450192 -0.90623542
f 1313/1313/1313 1314/1314/1314 1315/1315/1315
f 1313/1313/1313 1315/1315/1315 1316/1316/1316
v 0.374634533 0.125000000 0.032129672
v 0.500000000 0.125000000 0.015625000
v 0.500000000 0.046875000 0.000000000
v 0.370590485 0.046875000 0.017037095
vt 0.25000000 0.67187500
vt 0.48437500 0.67187500
vt 0.48437500 0.59375000
vt 0.25000000 0.59375000
vn -0.12803338 0.19450207 -0.97251036
vn -0.12803338 0.19450207 -0.97251036
vn -0.12803338 0.19450207 -0.97251036
vn -0.12803338 0.19450207 -0.97251036
f 1317/1317/1317 1318/1318/1318 1319/1319/1319
f 1317/1317/1317 1319/1319/1319 1320/1320/1320
v 0.250000000 0.046875000 0.066987297
v 0.370590485 0.046875000 0.017037095
v 0.378678578 0.000000000 0.047222265
v 0.265625000 0.000000000 0.094050595
vt 0.01562500 0.59375000
vt 0.25000000 0.59375000
vt 0.25000000 0.51562500
vt 0.01562500 0.51562500
vn -0.31924971 -0.55140171 -0.77073716
vn -0.31924971 -0.55140171 -0.77073716
vn -0.31924971 -0.55140171 -0.77073716
vn -0.31924971 -0.55140171 -0.77073716
f 1321/1321/1321 1322/1322/1322 1323/1323/1323
f 1321/1321/1321 1323/1323/1323 1324/1324/1324
v 0.370590485 0.046875000 0.017037095
v 0.500000000 0.046875000 0.000000000
v 0.500000000 0.000000000 0.031250000
v 0.378678578 0.000000000 0.047222265
vt 0.25000000 0.59375000
vt 0.48437500 0.59375000
vt 0.48437500 0.51562500
vt 0.25000000 0.51562500
vn -0.10889019 -0.55140183 -0.82710274
vn -0.10889019 -0.55140183 -0.82710274
vn -0.10889019 -0.55140183 -0.82710274
vn -0.10889019 -0.55140183 -0.82710274
f 1325/1325/1325 1326/1326/1326 1327/1327/1327
f 1325/1325/1325 1327/1327/1327 1328/1328/1328
v 0.431093750 0.340937500 0.380650875
v 0.464331500 0.340937500 0.366883345
v 0.491831030 0.356562500 0.469512967
v 0.484218750 0.356562500 0.472666078
vt 0.01562500 0.90625000
vt 0.25000000 0.90625000
vt 0.25000000 0.98437500
vt 0.01562500 0.98437500
vn 0.05614830 -0.98917769 0.13555394
vn 0.05614830 -0.98917769 0.13555394
vn 0.05614830 -0.98917769 0.13555394
vn 0.05614830 -0.98917769 0.13555394
f 1329/1329/1329 1330/1330/1330 1331/1331/1331
f 1329/1329/1329 1331/1331/1331 1332/1332/1332
v 0.464331500 0.340937500 0.366883345
v 0.500000000 0.340937500 0.362187500
v 0.500000000 0.356562500 0.468437500
v 0.491831030 0.356562500 0.469512967
vt 0.25000000 0.90625000
vt 0.48437500 0.90625000
vt 0.48437500 0.98437500
vt 0.25000000 0.98437500
vn 0.01915112 -0.98917769 0.14546731
vn 0.01915112 -0.98917769 0.14546731
vn 0.01915112 -0.98917769 0.14546731
vn 0.01915112 -0.98917769 0.14546731
f 1333/1333/1333 1334/1334/1334 1335/1335/1335
f 1333/1333/1333 1335/1335/1335 1336/1336/1336
v 0.360781250 0.294062500 0.258866047
v 0.427935077 0.294062500 0.231050033
v 0.464331500 0.340937500 0.366883345
v 0.431093750 0.340937500 0.380650875
vt 0.01562500 0.82812500
vt 0.25000000 0.82812500
vt 0.25000000 0.90625000
vt 0.01562500 0.90625000
vn 0.12195368 -0.94786221 0.29442235
vn 0.12195368 -0.94786221 0.29442235
vn 0.12195368 -0.94786221 0.29442235
vn 0.12195368 -0.94786221 0.29442235
f 1337/1337/1337 1338/1338/1338 1339/1339/1339
f 1337/1337/1337 1339/1339/1339 1340/1340/1340
v 0.427935077 0.294062500 0.231050033
v 0.500000000 0.294062500 0.221562500
v 0.500000000 0.340937500 0.362187500
v 0.464331500 0.340937500 0.366883345
vt 0.25000000 0.82812500
vt 0.48437500 0.82812500
vt 0.48437500 0.90625000
vt 0.25000000 0.90625000
vn 0.04159616 -0.94786222 0.31595407
vn 0.04159616 -0.94786222 0.31595407
vn 0.04159616 -0.94786222 0.31595407
vn 0.04159616 -0.94786222 0.31595407
f 1341/1341/1341 1342/1342/1342 1343/1343/1343
f 1341/1341/1341 1343/1343/1343 1344/1344/1344
v 0.298281250 0.215937500 0.150612875
v 0.395582688 0.215937500 0.110309298
v 0.427935077 0.294062500 0.231050033
v 0.360781250 0.294062500 0.258866047
vt 0.01562500 0.75000000
vt 0.25000000 0.75000000
vt 0.25000000 0.82812500
vt 0.01562500 0.82812500
vn 0.20407577 -0.84594153 0.49268246
vn 0.20407577 -0.84594153 0.49268246
vn 0.20407577 -0.84594153 0.49268246
vn 0.20407577 -0.84594153 0.49268246
f 1345/1345/1345 1346/1346/1346 1347/1347/1347
f 1345/1345/1345 1347/1347/1347 1348/1348/1348
v 0.395582688 0.215937500 0.110309298
v 0.500000000 0.215937500 0.096562500
v 0.500000000 0.294062500 0.221562500
v 0.427935077 0.294062500 0.231050033
vt 0.25000000 0.75000000
vt 0.48437500 0.75000000
vt 0.48437500 0.82812500
vt 0.25000000 0.82812500
vn 0.06960643 -0.84594151 0.52871344
vn 0.06960643 -0.84594151 0.52871344
vn 0.06960643 -0.84594151 0.52871344
vn 0.06960643 -0.84594151 0.52871344
f 1349/1349/1349 1350/1350/1350 1351/1351/1351
f 1349/1349/1349 1351/1351/1351 1352/1352/1352
v 0.259218750 0.122187500 0.082954640
v 0.375362452 0.122187500 0.034846345
v 0.395582688 0.215937500 0.110309298
v 0.298281250 0.215937500 0.150612875
vt 0.01562500 0.67187500
vt 0.25000000 0.67187500
vt 0.25000000 0.75000000
vt 0.01562500 0.75000000
vn 0.29501733 -0.63693508 0.71223484
vn 0.29501733 -0.63693508 0.71223484
vn 0.29501733 -0.63693508 0.71223484
vn 0.29501733 -0.63693508 0.71223484
f 1353/1353/1353 1354/1354/1354 1355/1355/1355
f 1353/1353/1353 1355/1355/1355 1356/1356/1356
v 0.375362452 0.122187500 0.034846345
v 0.500000000 0.122187500 0.018437500
v 0.500000000 0.215937500 0.096562500
v 0.395582688 0.215937500 0.110309298
vt 0.25000000 0.67187500
vt 0.48437500 0.67187500
vt 0.48437500 0.75000000
vt 0.25000000 0.75000000
vn 0.10062491 -0.63693510 0.76432212
vn 0.10062491 -0.63693510 0.76432212
vn 0.10062491 -0.63693510 0.76432212
vn 0.10062491 -0.63693510 0.76432212
f 1357/1357/1357 1358/1358/1358 1359/1359/1359
f 1357/1357/1357 1359/1359/1359 1360/1360/1360
v 0.251406250 0.044062500 0.069423000
v 0.371318408 0.044062500 0.019753750
v 0.375362452 0.122187500 0.034846345
v 0.259218750 0.122187500 0.082954640
vt 0.01562500 0.59375000
vt 0.25000000 0.59375000
vt 0.25000000 0.67187500
vt 0.01562500 0.67187500
vn 0.37537504 -0.19450210 0.90623535
vn 0.37537504 -0.19450210 0.90623535
vn 0.37537504 -0.19450210 0.90623535
vn 0.37537504 -0.19450210 0.90623535
f 1361/1361/1361 1362/1362/1362 1363/1363/1363
f 1361/1361/1361 1363/1363/1363 1364/1364/1364
v 0.371318408 0.044062500 0.019753750
v 0.500000000 0.044062500 0.002812500
v 0.500000000 0.122187500 0.018437500
v 0.375362452 0.122187500 0.034846345
vt 0.25000000 0.59375000
vt 0.48437500 0.59375000
vt 0.48437500 0.67187500
vt 0.25000000 0.67187500
vn 0.12803339 -0.19450207 0.97251036
vn 0.12803339 -0.19450207 0.97251036
vn 0.12803339 -0.19450207 0.97251036
vn 0.12803339 -0.19450207 0.97251036
f 1365/1365/1365 1366/1366/1366 1367/1367/1367
f 1365/1365/1365 1367/1367/1367 1368/1368/1368
v 0.267031250 -0.002812500 0.096486283
v 0.379406500 -0.002812500 0.049938938
v 0.371318408 0.044062500 0.019753750
v 0.251406250 0.044062500 0.069423000
vt 0.01562500 0.51562500
vt 0.25000000 0.51562500
vt 0.25000000 0.59375000
vt 0.01562500 0.59375000
vn 0.31924968 0.55140189 0.77073705
vn 0.31924968 0.55140189 0.77073705
vn 0.31924968 0.55140189 0.77073705
vn 0.31924968 0.55140189 0.77073705
f 1369/1369/1369 1370/1370/1370 1371/1371/1371
f 1369/1369/1369 1371/1371/1371 1372/1372/1372
v 0.379406500 -0.002812500 0.049938938
v 0.500000000 -0.002812500 0.034062500
v 0.500000000 0.044062500 0.002812500
v 0.371318408 0.044062500 0.019753750
vt 0.25000000 0.51562500
vt 0.48437500 0.51562500
vt 0.48437500 0.59375000
vt 0.25000000 0.59375000
vn 0.10889016 0.55140183 0.82710275
vn 0.10889016 0.55140183 0.82710275
vn 0.10889016 0.55140183 0.82710275
vn 0.10889016 0.55140183 0.82710275
f 1373/1373/1373 1374/1374/1374 1375/1375/1375
f 1373/1373/1373 1375/1375/1375 1376/1376/1376
v 0.484218750 0.356562500 0.472666078
v 0.491831030 0.356562500 0.469512967
v 0.491103093 0.359375000 0.466796298
v 0.482812500 0.359375000 0.470230375
vt 0.01562500 0.51562500
vt 0.48437500 0.51562500
vt 0.48437500 0.98437500
vt 0.01562500 0.98437500
vn 0.27175755 0.70406368 0.65608092
vn 0.27175755 0.70406368 0.65608092
vn 0.27175755 0.70406368 0.65608092
vn 0.27175755 0.70406368 0.65608092
f 1377/1377/1377 1378/1378/1378 1379/1379/1379
f 1377/1377/1377 1379/1379/1379 1380/1380/1380
v 0.491831030 0.356562500 0.469512967
v 0.500000000 0.356562500 0.468437500
v 0.500000000 0.359375000 0.465625000
v 0.491103093 0.359375000 0.466796298
vt 0.01562500 0.51562500
vt 0.48437500 0.51562500
vt 0.48437500 0.98437500
vt 0.01562500 0.98437500
vn 0.09269191 0.70406257 0.70406257
vn 0.09269191 0.70406257 0.70406257
vn 0.09269191 0.70406257 0.70406257
vn 0.09269191 0.70406257 0.70406257
f 1381/1381/1381 1382/1382/1382 1383/1383/1383
f 1381/1381/1381 1383/1383/1383 1384/1384/1384
v 0.265625000 0.000000000 0.094050595
v 0.378678578 0.000000000 0.047222265
v 0.379406500 -0.002812500 0.049938938
v 0.267031250 -0.002812500 0.096486283
vt 0.01562500 0.98437500
vt 0.48437500 0.98437500
vt 0.48437500 0.51562500
vt 0.01562500 0.51562500
vn -0.27175791 -0.70406291 -0.65608159
vn -0.27175791 -0.70406291 -0.65608159
vn -0.27175791 -0.70406291 -0.65608159
vn -0.27175791 -0.70406291 -0.65608159
f 1385/1385/1385 1386/1386/1386 1387/1387/1387
f 1385/1385/1385 1387/1387/1387 1388/1388/1388
v 0.378678578 0.000000000 0.047222265
v 0.500000000 0.000000000 0.031250000
v 0.500000000 -0.002812500 0.034062500
v 0.379406500 -0.002812500 0.049938938
vt 0.01562500 0.98437500
vt 0.48437500 0.98437500
vt 0.48437500 0.51562500
vt 0.01562500 0.51562500
vn -0.09269158 -0.70406259 -0.70406259
vn -0.09269158 -0.70406259 -0.70406259
vn -0.09269158 -0.70406259 -0.70406259
vn -0.09269158 -0.70406259 -0.70406259
f 1389/1389/1389 1390/1390/1390 1391/1391/1391
f 1389/1389/1389 1391/1391/1391 1392/1392/1392
v 0.482812500 0.359375000 0.470230375
v 0.429687500 0.343750000 0.378215173
v 0.431093750 0.340937500 0.380650875
v 0.484218750 0.356562500 0.472666078
vt 0.01562500 0.98437500
vt 0.48437500 0.98437500
vt 0.48437500 0.51562500
vt 0.01562500 0.51562500
vn -0.86602549 0.00000102 0.49999985
vn -0.86602549 0.00000102 0.49999985
vn -0.86602549 0.00000102 0.49999985
vn -0.86602549 0.00000102 0.49999985
f 1393/1393/1393 1394/1394/1394 1395/1395/1395
f 1393/1393/1393 1395/1395/1395 1396/1396/1396
v 0.429687500 0.343750000 0.378215173
v 0.359375000 0.296875000 0.256430360
v 0.360781250 0.294062500 0.258866047
v 0.431093750 0.340937500 0.380650875
vt 0.01562500 0.98437500
vt 0.48437500 0.98437500
vt 0.48437500 0.51562500
vt 0.01562500 0.51562500
vn -0.86602519 -0.00000117 0.50000037
vn -0.86602519 -0.00000117 0.50000037
vn -0.86602519 -0.00000117 0.50000037
vn -0.86602519 -0.00000117 0.50000037
f 1397/1397/1397 1398/1398/1398 1399/1399/1399
f 1397/1397/1397 1399/1399/1399 1400/1400/1400
v 0.359375000 0.296875000 0.256430360
v 0.296875000 0.218750000 0.148177187
v 0.298281250 0.215937500 0.150612875
v 0.360781250 0.294062500 0.258866047
vt 0.01562500 0.98437500
vt 0.48437500 0.98437500
vt 0.48437500 0.51562500
vt 0.01562500 0.51562500
vn -0.86602509 -0.00000097 0.50000054
vn -0.86602509 -0.00000097 0.50000054
vn -0.86602509 -0.00000097 0.50000054
vn -0.86602509 -0.00000097 0.50000054
f 1401/1401/1401 1402/1402/1402 1403/1403/1403
f 1401/1401/1401 1403/1403/1403 1404/1404/1404
v 0.296875000 0.218750000 0.148177187
v 0.257812500 0.125000000 0.080518937
v 0.259218750 0.122187500 0.082954640
v 0.298281250 0.215937500 0.150612875
vt 0.01562500 0.98437500
vt 0.48437500 0.98437500
vt 0.48437500 0.51562500
vt 0.01562500 0.51562500
vn -0.86602575 0.00000049 0.49999940
vn -0.86602575 0.00000049 0.49999940
vn -0.86602575 0.00000049 0.49999940
vn -0.86602575 0.00000049 0.49999940
f 1405/1405/1405 1406/1406/1406 1407/1407/1407
f 1405/1405/1405 1407/1407/1407 1408/1408/1408
v 0.257812500 0.125000000 0.080518937
v 0.250000000 0.046875000 0.066987297
v 0.251406250 0.044062500 0.069423000
v 0.259218750 0.122187500 0.082954640
vt 0.01562500 0.98437500
vt 0.48437500 0.98437500
vt 0.48437500 0.51562500
vt 0.01562500 0.51562500
vn -0.86602588 0.00000023 0.49999917
vn -0.86602588 0.00000023 0.49999917
vn -0.86602588 0.00000023 0.49999917
vn -0.86602588 0.00000023 0.49999917
f 1409/1409/1409 1410/1410/1410 1411/1411/1411
f 1409/1409/1409 1411/1411/1411 1412/1412/1412
v 0.250000000 0.046875000 0.066987297
v 0.265625000 0.000000000 0.094050595
v 0.267031250 -0.002812500 0.096486283
v 0.251406250 0.044062500 0.069423000
vt 0.01562500 0.98437500
vt 0.48437500 0.98437500
vt 0.48437500 0.51562500
vt 0.01562500 0.51562500
vn -0.86602297 0.00000328 0.50000422
vn -0.86602297 0.00000328 0.50000422
vn -0.86602297 0.00000328 0.50000422
vn -0.86602297 0.00000328 0.50000422
f 1413/1413/1413 1414/1414/1414 1415/1415/1415
f 1413/1413/1413 1415/1415/1415 1416/1416/1416
v 0.500000000 0.356562500 0.468437500
v 0.500000000 0.340937500 0.362187500
v 0.500000000 0.343750000 0.359375000
v 0.500000000 0.359375000 0.465625000
vt 0.01562500 0.51562500
vt 0.48437500 0.51562500
vt 0.48437500 0.98437500
vt 0.01562500 0.98437500
vn 1.00000000 0.00000000 0.00000000
vn 1.00000000 0.00000000 0.00000000
vn 1.00000000 0.00000000 0.00000000
vn 1.00000000 0.00000000 0.00000000
f 1417/1417/1417 1418/1418/1418 1419/1419/1419
f 1417/1417/1417 1419/1419/1419 1420/1420/1420
v 0.500000000 0.340937500 0.362187500
v 0.500000000 0.294062500 0.221562500
v 0.500000000 0.296875000 0.218750000
v 0.500000000 0.343750000 0.359375000
vt 0.01562500 0.51562500
vt 0.48437500 0.51562500
vt 0.48437500 0.98437500
vt 0.01562500 0.98437500
vn 1.00000000 0.00000000 0.00000000
vn 1.00000000 0.00000000 0.00000000
vn 1.00000000 0.00000000 0.00000000
vn 1.00000000 0.00000000 0.00000000
f 1421/1421/1421 1422/1422/1422 1423/1423/1423
f 1421/1421/1421 1423/1423/1423 1424/1424/1424
v 0.500000000 0.294062500 0.221562500
v 0.500000000 0.215937500 0.096562500
v 0.500000000 0.218750000 0.093750000
v 0.500000000 0.296875000 0.218750000
vt 0.01562500 0.51562500
vt 0.48437500 0.51562500
vt 0.48437500 0.98437500
vt 0.01562500 0.98437500
vn 1.00000000 0.00000000 0.00000000
vn 1.00000000 0.00000000 0.00000000
vn 1.00000000 0.00000000 0.00000000
vn 1.00000000 0.00000000 0.00000000
f 1425/1425/1425 1426/1426/1426 1427/1427/1427
f 1425/1425/1425 1427/1427/1427 1428/1428/1428
v 0.500000000 0.215937500 0.096562500
v 0.500000000 0.122187500 0.018437500
v 0.500000000 0.125000000 0.015625000
v 0.500000000 0.218750000 0.093750000
vt 0.01562500 0.51562500
vt 0.48437500 0.51562500
vt 0.48437500 0.98437500
vt 0.01562500 0.98437500
vn 1.00000000 0.00000000 0.00000000
vn 1.00000000 0.00000000 0.00000000
vn 1.00000000 0.00000000 0.00000000
vn 1.00000000 0.00000000 0.00000000
f 1429/1429/1429 1430/1430/1430 1431/1431/1431
f 1429/1429/1429 1431/1431/1431 1432/1432/1432
v 0.500000000 0.122187500 0.018437500
v 0.500000000 0.044062500 0.002812500
v 0.500000000 0.046875000 0.000000000
v 0.500000000 0.125000000 0.015625000
vt 0.01562500 0.51562500
vt 0.48437500 0.51562500
vt 0.48437500 0.98437500
vt 0.01562500 0.98437500
vn 1.00000000 0.00000000 0.00000000
vn 1.00000000 0.00000000 0.00000000
vn 1.00000000 0.00000000 0.00000000
vn 1.00000000 0.00000000 0.00000000
f 1433/1433/1433 1434/1434/1434 1435/1435/1435
f 1433/1433/1433 1435/1435/1435 1436/1436/1436
v 0.500000000 0.044062500 0.002812500
v 0.500000000 -0.002812500 0.034062500
v 0.500000000 0.000000000 0.031250000
v 0.500000000 0.046875000 0.000000000
vt 0.01562500 0.51562500
vt 0.48437500 0.51562500
vt 0.48437500 0.98437500
vt 0.01562500 0.98437500
vn 1.00000000 0.00000000 0.00000000
vn 1.00000000 0.00000000 0.00000000
vn 1.00000000 0.00000000 0.00000000
vn 1.00000000 0.00000000 0.00000000
f 1437/1437/1437 1438/1438/1438 1439/1439/1439
f 1437/1437/1437 1439/1439/1439 1440/1440/1440
g canopy_gore_10
usemtl parachute
v 0.500000000 0.359375000 0.465625000
v 0.508896908 0.359375000 0.466796298
v 0.536396422 0.343750000 0.364166688
v 0.500000000 0.343750000 0.359375000
vt 0.51562500 0.98437500
vt 0.75000000 0.98437500
vt 0.75000000 0.90625000
vt 0.51562500 0.90625000
vn 0.01915109 0.98917768 -0.14546733
vn 0.01915109 0.98917768 -0.14546733
vn 0.01915109 0.98917768 -0.14546733
vn 0.01915109 0.98917768 -0.14546733
f 1441/1441/1441 1442/1442/1442 1443/1443/1443
f 1441/1441/1441 1443/1443/1443 1444/1444/1444
v 0.508896908 0.359375000 0.466796298
v 0.517187500 0.359375000 0.470230375
v 0.570312500 0.343750000 0.378215173
v 0.536396422 0.343750000 0.364166688
vt 0.75000000 0.98437500
vt 0.98437500 0.98437500
vt 0.98437500 0.90625000
vt 0.75000000 0.90625000
vn 0.05614831 0.98917769 -0.13555393
vn 0.05614831 0.98917769 -0.13555393
vn 0.05614831 0.98917769 -0.13555393
vn 0.05614831 0.98917769 -0.13555393
f 1445/1445/1445 1446/1446/1446 1447/1447/1447
f 1445/1445/1445 1447/1447/1447 1448/1448/1448
v 0.500000000 0.343750000 0.359375000
v 0.536396422 0.343750000 0.364166688
v 0.572792860 0.296875000 0.228333360
v 0.500000000 0.296875000 0.218750000
vt 0.51562500 0.90625000
vt 0.75000000 0.90625000
vt 0.75000000 0.82812500
vt 0.51562500 0.82812500
vn 0.04159620 0.94786223 -0.31595404
vn 0.04159620 0.94786223 -0.31595404
vn 0.04159620 0.94786223 -0.31595404
vn 0.04159620 0.94786223 -0.31595404
f 1449/1449/1449 1450/1450/1450 1451/1451/1451
f 1449/1449/1449 1451/1451/1451 1452/1452/1452
v 0.536396422 0.343750000 0.364166688
v 0.570312500 0.343750000 0.378215173
v 0.640625000 0.296875000 0.256430360
v 0.572792860 0.296875000 0.228333360
vt 0.75000000 0.90625000
vt 0.98437500 0.90625000
vt 0.98437500 0.82812500
vt 0.75000000 0.82812500
vn 0.12195362 0.94786221 -0.29442240
vn 0.12195362 0.94786221 -0.29442240
vn 0.12195362 0.94786221 -0.29442240
vn 0.12195362 0.94786221 -0.29442240
f 1453/1453/1453 1454/1454/1454 1455/1455/1455
f 1453/1453/1453 1455/1455/1455 1456/1456/1456
v 0.500000000 0.296875000 0.218750000
v 0.572792860 0.296875000 0.228333360
v 0.605145235 0.218750000 0.107592640
v 0.500000000 0.218750000 0.093750000
vt 0.51562500 0.82812500
vt 0.75000000 0.82812500
vt 0.75000000 0.75000000
vt 0.51562500 0.75000000
vn 0.06960643 0.84594149 -0.52871348
vn 0.06960643 0.84594149 -0.52871348
vn 0.06960643 0.84594149 -0.52871348
vn 0.06960643 0.84594149 -0.52871348
f 1457/1457/1457 1458/1458/1458 1459/1459/1459
f 1457/1457/1457 1459/1459/1459 1460/1460/1460
v 0.572792860 0.296875000 0.228333360
v 0.640625000 0.296875000 0.256430360
v 0.703125000 0.218750000 0.148177187
v 0.605145235 0.218750000 0.107592640
vt 0.75000000 0.82812500
vt 0.98437500 0.82812500
vt 0.98437500 0.75000000
vt 0.75000000 0.75000000
vn 0.20407582 0.84594151 -0.49268248
vn 0.20407582 0.84594151 -0.49268248
vn 0.20407582 0.84594151 -0.49268248
vn 0.20407582 0.84594151 -0.49268248
f 1461/1461/1461 1462/1462/1462 1463/1463/1463
f 1461/1461/1461 1463/1463/1463 1464/1464/1464
v 0.500000000 0.218750000 0.093750000
v 0.605145235 0.218750000 0.107592640
v 0.625365467 0.125000000 0.032129672
v 0.500000000 0.125000000 0.015625000
vt 0.51562500 0.75000000
vt 0.75000000 0.75000000
vt 0.75000000 0.67187500
vt 0.51562500 0.67187500
vn 0.10062497 0.63693517 -0.76432206
vn 0.10062497 0.63693517 -0.76432206
vn 0.10062497 0.63693517 -0.76432206
vn 0.10062497 0.63693517 -0.76432206
f 1465/1465/1465 1466/1466/1466 1467/1467/1467
f 1465/1465/1465 1467/1467/1467 1468/1468/1468
v 0.605145235 0.218750000 0.107592640
v 0.703125000 0.218750000 0.148177187
v 0.742187500 0.125000000 0.080518937
v 0.625365467 0.125000000 0.032129672
vt 0.75000000 0.75000000
vt 0.98437500 0.75000000
vt 0.98437500 0.67187500
vt 0.75000000 0.67187500
vn 0.29501730 0.63693517 -0.71223478
vn 0.29501730 0.63693517 -0.71223478
vn 0.29501730 0.63693517 -0.71223478
vn 0.29501730 0.63693517 -0.71223478
f 1469/1469/1469 1470/1470/1470 1471/1471/1471
f 1469/1469/1469 1471/1471/1471 1472/1472/1472
v 0.500000000 0.125000000 0.015625000
v 0.625365467 0.125000000 0.032129672
v 0.629409515 0.046875000 0.017037095
v 0.500000000 0.046875000 0.000000000
vt 0.51562500 0.67187500
vt 0.75000000 0.67187500
vt 0.75000000 0.59375000
vt 0.51562500 0.59375000
vn 0.12803338 0.19450191 -0.97251039
vn 0.12803338 0.19450191 -0.97251039
vn 0.12803338 0.19450191 -0.97251039
vn 0.12803338 0.19450191 -0.97251039
f 1473/1473/1473 1474/1474/1474 1475/1475/1475
f 1473/1473/1473 1475/1475/1475 1476/1476/1476
v 0.625365467 0.125000000 0.032129672
v 0.742187500 0.125000000 0.080518937
v 0.750000000 0.046875000 0.066987297
v 0.629409515 0.046875000 0.017037095
vt 0.75000000 0.67187500
vt 0.98437500 0.67187500
vt 0.98437500 0.59375000
vt 0.75000000 0.59375000
vn 0.37537496 0.19450200 -0.90623540
vn 0.37537496 0.19450200 -0.90623540
vn 0.37537496 0.19450200 -0.90623540
vn 0.37537496 0.19450200 -0.90623540
f 1477/1477/1477 1478/1478/1478 1479/1479/1479
f 1477/1477/1477 1479/1479/1479 1480/1480/1480
v 0.500000000 0.046875000 0.000000000
v 0.629409515 0.046875000 0.017037095
v 0.621321422 0.000000000 0.047222265
v 0.500000000 0.000000000 0.031250000
vt 0.51562500 0.59375000
vt 0.75000000 0.59375000
vt 0.75000000 0.51562500
vt 0.51562500 0.51562500
vn 0.10889020 -0.55140171 -0.82710282
vn 0.10889020 -0.55140171 -0.82710282
vn 0.10889020 -0.55140171 -0.82710282
vn 0.10889020 -0.55140171 -0.82710282
f 1481/1481/1481 1482/1482/1482 1483/1483/1483
f 1481/1481/1481 1483/1483/1483 1484/1484/1484
v 0.629409515 0.046875000 0.017037095
v 0.750000000 0.046875000 0.066987297
v 0.734375000 0.000000000 0.094050595
v 0.621321422 0.000000000 0.047222265
vt 0.75000000 0.59375000
vt 0.98437500 0.59375000
vt 0.98437500 0.51562500
vt 0.75000000 0.51562500
vn 0.31924968 -0.55140186 -0.77073707
vn 0.31924968 -0.55140186 -0.77073707
vn 0.31924968 -0.55140186 -0.77073707
vn 0.31924968 -0.55140186 -0.77073707
f 1485/1485/1485 1486/1486/1486 1487/1487/1487
f 1485/1485/1485 1487/1487/1487 1488/1488/1488
v 0.500000000 0.340937500 0.362187500
v 0.535668500 0.340937500 0.366883345
v 0.508168970 0.356562500 0.469512967
v 0.500000000 0.356562500 0.468437500
vt 0.51562500 0.90625000
vt 0.75000000 0.90625000
vt 0.75000000 0.98437500
vt 0.51562500 0.98437500
vn -0.01915112 -0.98917769 0.14546730
vn -0.01915112 -0.98917769 0.14546730
vn -0.01915112 -0.98917769 0.14546730
vn -0.01915112 -0.98917769 0.14546730
f 1489/1489/1489 1490/1490/1490 1491/1491/1491
f 1489/1489/1489 1491/1491/1491 1492/1492/1492
v 0.535668500 0.340937500 0.366883345
v 0.568906250 0.340937500 0.380650875
v 0.515781250 0.356562500 0.472666078
v 0.508168970 0.356562500 0.469512967
vt 0.75000000 0.90625000
vt 0.98437500 0.90625000
vt 0.98437500 0.98437500
vt 0.75000000 0.98437500
vn -0.05614830 -0.98917769 0.13555394
vn -0.05614830 -0.98917769 0.13555394
vn -0.05614830 -0.98917769 0.13555394
vn -0.05614830 -0.98917769 0.13555394
f 1493/1493/1493 1494/1494/1494 1495/1495/1495
f 1493/1493/1493 1495/1495/1495 1496/1496/1496
v 0.500000000 0.294062500 0.221562500
v 0.572064922 0.294062500 0.231050033
v 0.535668500 0.340937500 0.366883345
v 0.500000000 0.340937500 0.362187500
vt 0.51562500 0.82812500
vt 0.75000000 0.82812500
vt 0.75000000 0.90625000
vt 0.51562500 0.90625000
vn -0.04159616 -0.94786221 0.31595408
vn -0.04159616 -0.94786221 0.31595408
vn -0.04159616 -0.94786221 0.31595408
vn -0.04159616 -0.94786221 0.31595408
f 1497/1497/1497 1498/1498/1498 1499/1499/1499
f 1497/1497/1497 1499/1499/1499 1500/1500/1500
v 0.572064922 0.294062500 0.231050033
v 0.639218750 0.294062500 0.258866047
v 0.568906250 0.340937500 0.380650875
v 0.535668500 0.340937500 0.366883345
vt 0.75000000 0.82812500
vt 0.98437500 0.82812500
vt 0.98437500 0.90625000
vt 0.75000000 0.90625000
vn -0.12195368 -0.94786222 0.29442234
vn -0.12195368 -0.94786222 0.29442234
vn -0.12195368 -0.94786222 0.29442234
vn -0.12195368 -0.94786222 0.29442234
f 1501/1501/1501 1502/1502/1502 1503/1503/1503
f 1501/1501/1501 1503/1503/1503 1504/1504/1504
v 0.500000000 0.215937500 0.096562500
v 0.604417312 0.215937500 0.110309298
v 0.572064922 0.294062500 0.231050033
v 0.500000000 0.294062500 0.221562500
vt 0.51562500 0.75000000
vt 0.75000000 0.75000000
vt 0.75000000 0.82812500
vt 0.51562500 0.82812500
vn -0.06960643 -0.84594152 0.52871342
vn -0.06960643 -0.84594152 0.52871342
vn -0.06960643 -0.84594152 0.52871342
vn -0.06960643 -0.84594152 0.52871342
f 1505/1505/1505 1506/1506/1506 1507/1507/1507
f 1505/1505/1505 1507/1507/1507 1508/1508/1508
v 0.604417312 0.215937500 0.110309298
v 0.701718750 0.215937500 0.150612875
v 0.639218750 0.294062500 0.258866047
v 0.572064922 0.294062500 0.231050033
vt 0.75000000 0.75000000
vt 0.98437500 0.75000000
vt 0.98437500 0.82812500
vt 0.75000000 0.82812500
vn -0.20407579 -0.84594150 0.49268250
vn -0.20407579 -0.84594150 0.49268250
vn -0.20407579 -0.84594150 0.49268250
vn -0.20407579 -0.84594150 0.49268250
f 1509/1509/1509 1510/1510/1510 1511/1511/1511
f 1509/1509/1509 1511/1511/1511 1512/1512/1512
v 0.500000000 0.122187500 0.018437500
v 0.624637548 0.122187500 0.034846345
v 0.604417312 0.215937500 0.110309298
v 0.500000000 0.215937500 0.096562500
vt 0.51562500 0.67187500
vt 0.75000000 0.67187500
vt 0.75000000 0.75000000
vt 0.51562500 0.75000000
vn -0.10062491 -0.63693509 0.76432213
vn -0.10062491 -0.63693509 0.76432213
vn -0.10062491 -0.63693509 0.76432213
vn -0.10062491 -0.63693509 0.76432213
f 1513/1513/1513 1514/1514/1514 1515/1515/1515
f 1513/1513/1513 1515/1515/1515 1516/1516/1516
v 0.624637548 0.122187500 0.034846345
v 0.740781250 0.122187500 0.082954640
v 0.701718750 0.215937500 0.150612875
v 0.604417312 0.215937500 0.110309298
vt 0.75000000 0.67187500
vt 0.98437500 0.67187500
vt 0.98437500 0.75000000
vt 0.75000000 0.75000000
vn -0.29501733 -0.63693510 0.71223483
vn -0.29501733 -0.63693510 0.71223483
vn -0.29501733 -0.63693510 0.71223483
vn -0.29501733 -0.63693510 0.71223483
f 1517/1517/1517 1518/1518/1518 1519/1519/1519
f 1517/1517/1517 1519/1519/1519 1520/1520/1520
v 0.500000000 0.044062500 0.002812500
v 0.628681592 0.044062500 0.019753750
v 0.624637548 0.122187500 0.034846345
v 0.500000000 0.122187500 0.018437500
vt 0.51562500 0.59375000
vt 0.75000000 0.59375000
vt 0.75000000 0.67187500
vt 0.51562500 0.67187500
vn -0.12803339 -0.19450210 0.97251035
vn -0.12803339 -0.19450210 0.97251035
vn -0.12803339 -0.19450210 0.97251035
vn -0.12803339 -0.19450210 0.97251035
f 1521/1521/1521 1522/1522/1522 1523/1523/1523
f 1521/1521/1521 1523/1523/1523 1524/1524/1524
v 0.628681592 0.044062500 0.019753750
v 0.748593750 0.044062500 0.069423000
v 0.740781250 0.122187500 0.082954640
v 0.624637548 0.122187500 0.034846345
vt 0.75000000 0.59375000
vt 0.98437500 0.59375000
vt 0.98437500 0.67187500
vt 0.75000000 0.67187500
vn -0.37537505 -0.19450200 0.90623537
vn -0.37537505 -0.19450200 0.90623537
vn -0.37537505 -0.19450200 0.90623537
vn -0.37537505 -0.19450200 0.90623537
f 1525/1525/1525 1526/1526/1526 1527/1527/1527
f 1525/1525/1525 1527/1527/1527 1528/1528/1528
v 0.500000000 -0.002812500 0.034062500
v 0.620593500 -0.002812500 0.049938938
v 0.628681592 0.044062500 0.019753750
v 0.500000000 0.044062500 0.002812500
vt 0.51562500 0.51562500
vt 0.75000000 0.51562500
vt 0.75000000 0.59375000
vt 0.51562500 0.59375000
vn -0.10889015 0.55140190 0.82710270
vn -0.10889015 0.55140190 0.82710270
vn -0.10889015 0.55140190 0.82710270
vn -0.10889015 0.55140190 0.82710270
f 1529/1529/1529 1530/1530/1530 1531/1531/1531
f 1529/1529/1529 1531/1531/1531 1532/1532/1532
v 0.620593500 -0.002812500 0.049938938
v 0.732968750 -0.002812500 0.096486283
v 0.748593750 0.044062500 0.069423000
v 0.628681592 0.044062500 0.019753750
vt 0.75000000 0.51562500
vt 0.98437500 0.51562500
vt 0.98437500 0.59375000
vt 0.75000000 0.59375000
vn -0.31924973 0.55140168 0.77073717
vn -0.31924973 0.55140168 0.77073717
vn -0.31924973 0.55140168 0.77073717
vn -0.31924973 0.55140168 0.77073717
f 1533/1533/1533 1534/1534/1534 1535/1535/1535
f 1533/1533/1533 1535/1535/1535 1536/1536/1536
v 0.500000000 0.356562500 0.468437500
v 0.508168970 0.356562500 0.469512967
v 0.508896908 0.359375000 0.466796298
v 0.500000000 0.359375000 0.465625000
vt 0.51562500 0.51562500
vt 0.98437500 0.51562500
vt 0.98437500 0.98437500
vt 0.51562500 0.98437500
vn -0.09269179 0.70406345 0.70406170
vn -0.09269179 0.70406345 0.70406170
vn -0.09269179 0.70406345 0.70406170
vn -0.09269179 0.70406345 0.70406170
f 1537/1537/1537 1538/1538/1538 1539/1539/1539
f 1537/1537/1537 1539/1539/1539 1540/1540/1540
v 0.508168970 0.356562500 0.469512967
v 0.515781250 0.356562500 0.472666078
v 0.517187500 0.359375000 0.470230375
v 0.508896908 0.359375000 0.466796298
vt 0.51562500 0.51562500
vt 0.98437500 0.51562500
vt 0.98437500 0.98437500
vt 0.51562500 0.98437500
vn -0.27175766 0.70406337 0.65608120
vn -0.27175766 0.70406337 0.65608120
vn -0.27175766 0.70406337 0.65608120
vn -0.27175766 0.70406337 0.65608120
f 1541/1541/1541 1542/1542/1542 1543/1543/1543
f 1541/1541/1541 1543/1543/1543 1544/1544/1544
v 0.500000000 0.000000000 0.031250000
v 0.621321422 0.000000000 0.047222265
v 0.620593500 -0.002812500 0.049938938
v 0.500000000 -0.002812500 0.034062500
vt 0.51562500 0.98437500
vt 0.98437500 0.98437500
vt 0.98437500 0.51562500
vt 0.51562500 0.51562500
vn 0.09269151 -0.70406317 -0.70406202
vn 0.09269151 -0.70406317 -0.70406202
vn 0.09269151 -0.70406317 -0.70406202
vn 0.09269151 -0.70406317 -0.70406202
f 1545/1545/1545 1546/1546/1546 1547/1547/1547
f 1545/1545/1545 1547/1547/1547 1548/1548/1548
v 0.621321422 0.000000000 0.047222265
v 0.734375000 0.000000000 0.094050595
v 0.732968750 -0.002812500 0.096486283
v 0.620593500 -0.002812500 0.049938938
vt 0.51562500 0.98437500
vt 0.98437500 0.98437500
vt 0.98437500 0.51562500
vt 0.51562500 0.51562500
vn 0.27175843 -0.70406154 -0.65608285
vn 0.27175843 -0.70406154 -0.65608285
vn 0.27175843 -0.70406154 -0.65608285
vn 0.27175843 -0.70406154 -0.65608285
f 1549/1549/1549 1550/1550/1550 1551/1551/1551
f 1549/1549/1549 1551/1551/1551 1552/1552/1552
v 0.500000000 0.359375000 0.465625000
v 0.500000000 0.343750000 0.359375000
v 0.500000000 0.340937500 0.362187500
v 0.500000000 0.356562500 0.468437500
vt 0.51562500 0.98437500
vt 0.98437500 0.98437500
vt 0.98437500 0.51562500
vt 0.51562500 0.51562500
vn -1.00000000 0.00000000 0.00000000
vn -1.00000000 0.00000000 0.00000000
vn -1.00000000 0.00000000 0.00000000
vn -1.00000000 0.00000000 0.00000000
f 1553/1553/1553 1554/1554/1554 1555/1555/1555
f 1553/1553/1553 1555/1555/1555 1556/1556/1556
v 0.500000000 0.343750000 0.359375000
v 0.500000000 0.296875000 0.218750000
v 0.500000000 0.294062500 0.221562500
v 0.500000000 0.340937500 0.362187500
vt 0.51562500 0.98437500
vt 0.98437500 0.98437500
vt 0.98437500 0.51562500
vt 0.51562500 0.51562500
vn -1.00000000 0.00000000 0.00000000
vn -1.00000000 0.00000000 0.00000000
vn -1.00000000 0.00000000 0.00000000
vn -1.00000000 0.00000000 0.00000000
f 1557/1557/1557 1558/1558/1558 1559/1559/1559
f 1557/1557/1557 1559/1559/1559 1560/1560/1560
v 0.500000000 0.296875000 0.218750000
v 0.500000000 0.218750000 0.093750000
v 0.500000000 0.215937500 0.096562500
v 0.500000000 0.294062500 0.221562500
vt 0.51562500 0.98437500
vt 0.98437500 0.98437500
vt 0.98437500 0.51562500
vt 0.51562500 0.51562500
vn -1.00000000 0.00000000 0.00000000
vn -1.00000000 0.00000000 0.00000000
vn -1.00000000 0.00000000 0.00000000
vn -1.00000000 0.00000000 0.00000000
f 1561/1561/1561 1562/1562/1562 1563/1563/1563
f 1561/1561/1561 1563/1563/1563 1564/1564/1564
v 0.500000000 0.218750000 0.093750000
v 0.500000000 0.125000000 0.015625000
v 0.500000000 0.122187500 0.018437500
v 0.500000000 0.215937500 0.096562500
vt 0.51562500 0.98437500
vt 0.98437500 0.98437500
vt 0.98437500 0.51562500
vt 0.51562500 0.51562500
vn -1.00000000 0.00000000 0.00000000
vn -1.00000000 0.00000000 0.00000000
vn -1.00000000 0.00000000 0.00000000
vn -1.00000000 0.00000000 0.00000000
f 1565/1565/1565 1566/1566/1566 1567/1567/1567
f 1565/1565/1565 1567/1567/1567 1568/1568/1568
v 0.500000000 0.125000000 0.015625000
v 0.500000000 0.046875000 0.000000000
v 0.500000000 0.044062500 0.002812500
v 0.500000000 0.122187500 0.018437500
vt 0.51562500 0.98437500
vt 0.98437500 0.98437500
vt 0.98437500 0.51562500
vt 0.51562500 0.51562500
vn -1.00000000 0.00000000 0.00000000
vn -1.00000000 0.00000000 0.00000000
vn -1.00000000 0.00000000 0.00000000
vn -1.00000000 0.00000000 0.00000000
f 1569/1569/1569 1570/1570/1570 1571/1571/1571
f 1569/1569/1569 1571/1571/1571 1572/1572/1572
v 0.500000000 0.046875000 0.000000000
v 0.500000000 0.000000000 0.031250000
v 0.500000000 -0.002812500 0.034062500
v 0.500000000 0.044062500 0.002812500
vt 0.51562500 0.98437500
vt 0.98437500 0.98437500
vt 0.98437500 0.51562500
vt 0.51562500 0.51562500
vn -1.00000000 0.00000000 0.00000000
vn -1.00000000 0.00000000 0.00000000
vn -1.00000000 0.00000000 0.00000000
vn -1.00000000 0.00000000 0.00000000
f 1573/1573/1573 1574/1574/1574 1575/1575/1575
f 1573/1573/1573 1575/1575/1575 1576/1576/1576
v 0.515781250 0.356562500 0.472666078
v 0.568906250 0.340937500 0.380650875
v 0.570312500 0.343750000 0.378215173
v 0.517187500 0.359375000 0.470230375
vt 0.51562500 0.51562500
vt 0.98437500 0.51562500
vt 0.98437500 0.98437500
vt 0.51562500 0.98437500
vn 0.86602549 0.00000102 0.49999985
vn 0.86602549 0.00000102 0.49999985
vn 0.86602549 0.00000102 0.49999985
vn 0.86602549 0.00000102 0.49999985
f 1577/1577/1577 1578/1578/1578 1579/1579/1579
f 1577/1577/1577 1579/1579/1579 1580/1580/1580
v 0.568906250 0.340937500 0.380650875
v 0.639218750 0.294062500 0.258866047
v 0.640625000 0.296875000 0.256430360
v 0.570312500 0.343750000 0.378215173
vt 0.51562500 0.51562500
vt 0.98437500 0.51562500
vt 0.98437500 0.98437500
vt 0.51562500 0.98437500
vn 0.86602521 -0.00000121 0.50000033
vn 0.86602521 -0.00000121 0.50000033
vn 0.86602521 -0.00000121 0.50000033
vn 0.86602521 -0.00000121 0.50000033
f 1581/1581/1581 1582/1582/1582 1583/1583/1583
f 1581/1581/1581 1583/1583/1583 1584/1584/1584
v 0.639218750 0.294062500 0.258866047
v 0.701718750 0.215937500 0.150612875
v 0.703125000 0.218750000 0.148177187
v 0.640625000 0.296875000 0.256430360
vt 0.51562500 0.51562500
vt 0.98437500 0.51562500
vt 0.98437500 0.98437500
vt 0.51562500 0.98437500
vn 0.86602509 -0.00000097 0.50000054
vn 0.86602509 -0.00000097 0.50000054
vn 0.86602509 -0.00000097 0.50000054
vn 0.86602509 -0.00000097 0.50000054
f 1585/1585/1585 1586/1586/1586 1587/1587/1587
f 1585/1585/1585 1587/1587/1587 1588/1588/1588
v 0.701718750 0.215937500 0.150612875
v 0.740781250 0.122187500 0.082954640
v 0.742187500 0.125000000 0.080518937
v 0.703125000 0.218750000 0.148177187
vt 0.51562500 0.51562500
vt 0.98437500 0.51562500
vt 0.98437500 0.98437500
vt 0.51562500 0.98437500
vn 0.86602573 0.00000054 0.49999944
vn 0.86602573 0.00000054 0.49999944
vn 0.86602573 0.00000054 0.49999944
vn 0.86602573 0.00000054 0.49999944
f 1589/1589/1589 1590/1590/1590 1591/1591/1591
f 1589/1589/1589 1591/1591/1591 1592/1592/1592
v 0.740781250 0.122187500 0.082954640
v 0.748593750 0.044062500 0.069423000
v 0.750000000 0.046875000 0.066987297
v 0.742187500 0.125000000 0.080518937
vt 0.51562500 0.51562500
vt 0.98437500 0.51562500
vt 0.98437500 0.98437500
vt 0.51562500 0.98437500
vn 0.86602588 0.00000023 0.49999917
vn 0.86602588 0.00000023 0.49999917
vn 0.86602588 0.00000023 0.49999917
vn 0.86602588 0.00000023 0.49999917
f 1593/1593/1593 1594/1594/1594 1595/1595/1595
f 1593/1593/1593 1595/1595/1595 1596/1596/1596
v 0.748593750 0.044062500 0.069423000
v 0.732968750 -0.002812500 0.096486283
v 0.734375000 0.000000000 0.094050595
v 0.750000000 0.046875000 0.066987297
vt 0.51562500 0.51562500
vt 0.98437500 0.51562500
vt 0.98437500 0.98437500
vt 0.51562500 0.98437500
vn 0.86602322 0.00000278 0.50000378
vn 0.86602322 0.00000278 0.50000378
vn 0.86602322 0.00000278 0.50000378
vn 0.86602322 0.00000278 0.50000378
f 1597/1597/1597 1598/1598/1598 1599/1599/1599
f 1597/1597/1597 1599/1599/1599 1600/1600/1600
g canopy_gore_11
usemtl parachute
v 0.517187500 0.359375000 0.470230375
v 0.524306797 0.359375000 0.475693203
v 0.599436890 0.343750000 0.400563110
v 0.570312500 0.343750000 0.378215173
vt 0.01562500 0.98437500
vt 0.25000000 0.98437500
vt 0.25000000 0.90625000
vt 0.01562500 0.90625000
vn 0.08931902 0.98917769 -0.11640282
vn 0.08931902 0.98917769 -0.11640282
vn 0.08931902 0.98917769 -0.11640282
vn 0.08931902 0.98917769 -0.11640282
f 1601/1601/1601 1602/1602/1602 1603/1603/1603
f 1601/1601/1601 1603/1603/1603 1604/1604/1604
v 0.524306797 0.359375000 0.475693203
v 0.529769625 0.359375000 0.482812500
v 0.621784827 0.343750000 0.429687500
v 0.599436890 0.343750000 0.400563110
vt 0.25000000 0.98437500
vt 0.48437500 0.98437500
vt 0.48437500 0.90625000
vt 0.25000000 0.90625000
vn 0.11640282 0.98917769 -0.08931901
vn 0.11640282 0.98917769 -0.08931901
vn 0.11640282 0.98917769 -0.08931901
vn 0.11640282 0.98917769 -0.08931901
f 1605/1605/1605 1606/1606/1606 1607/1607/1607
f 1605/1605/1605 1607/1607/1607 1608/1608/1608
v 0.570312500 0.343750000 0.378215173
v 0.599436890 0.343750000 0.400563110
v 0.698873780 0.296875000 0.301126220
v 0.640625000 0.296875000 0.256430360
vt 0.01562500 0.90625000
vt 0.25000000 0.90625000
vt 0.25000000 0.82812500
vt 0.01562500 0.82812500
vn 0.19400039 0.94786222 -0.25282615
vn 0.19400039 0.94786222 -0.25282615
vn 0.19400039 0.94786222 -0.25282615
vn 0.19400039 0.94786222 -0.25282615
f 1609/1609/1609 1610/1610/1610 1611/1611/1611
f 1609/1609/1609 1611/1611/1611 1612/1612/1612
v 0.599436890 0.343750000 0.400563110
v 0.621784827 0.343750000 0.429687500
v 0.743569640 0.296875000 0.359375000
v 0.698873780 0.296875000 0.301126220
vt 0.25000000 0.90625000
vt 0.48437500 0.90625000
vt 0.48437500 0.82812500
vt 0.25000000 0.82812500
vn 0.25282617 0.94786221 -0.19400040
vn 0.25282617 0.94786221 -0.19400040
vn 0.25282617 0.94786221 -0.19400040
vn 0.25282617 0.94786221 -0.19400040
f 1613/1613/1613 1614/1614/1614 1615/1615/1615
f 1613/1613/1613 1615/1615/1615 1616/1616/1616
v 0.640625000 0.296875000 0.256430360
v 0.698873780 0.296875000 0.301126220
v 0.787262125 0.218750000 0.212737875
v 0.703125000 0.218750000 0.148177187
vt 0.01562500 0.82812500
vt 0.25000000 0.82812500
vt 0.25000000 0.75000000
vt 0.01562500 0.75000000
vn 0.32463767 0.84594150 -0.42307607
vn 0.32463767 0.84594150 -0.42307607
vn 0.32463767 0.84594150 -0.42307607
vn 0.32463767 0.84594150 -0.42307607
f 1617/1617/1617 1618/1618/1618 1619/1619/1619
f 1617/1617/1617 1619/1619/1619 1620/1620/1620
v 0.698873780 0.296875000 0.301126220
v 0.743569640 0.296875000 0.359375000
v 0.851822813 0.218750000 0.296875000
v 0.787262125 0.218750000 0.212737875
vt 0.25000000 0.82812500
vt 0.48437500 0.82812500
vt 0.48437500 0.75000000
vt 0.25000000 0.75000000
vn 0.42307607 0.84594150 -0.32463766
vn 0.42307607 0.84594150 -0.32463766
vn 0.42307607 0.84594150 -0.32463766
vn 0.42307607 0.84594150 -0.32463766
f 1621/1621/1621 1622/1622/1622 1623/1623/1623
f 1621/1621/1621 1623/1623/1623 1624/1624/1624
v 0.703125000 0.218750000 0.148177187
v 0.787262125 0.218750000 0.212737875
v 0.842504845 0.125000000 0.157495155
v 0.742187500 0.125000000 0.080518937
vt 0.01562500 0.75000000
vt 0.25000000 0.75000000
vt 0.25000000 0.67187500
vt 0.01562500 0.67187500
vn 0.46930479 0.63693511 -0.61160991
vn 0.46930479 0.63693511 -0.61160991
vn 0.46930479 0.63693511 -0.61160991
vn 0.46930479 0.63693511 -0.61160991
f 1625/1625/1625 1626/1626/1626 1627/1627/1627
f 1625/1625/1625 1627/1627/1627 1628/1628/1628
v 0.787262125 0.218750000 0.212737875
v 0.851822813 0.218750000 0.296875000
v 0.919481063 0.125000000 0.257812500
v 0.842504845 0.125000000 0.157495155
vt 0.25000000 0.75000000
vt 0.48437500 0.75000000
vt 0.48437500 0.67187500
vt 0.25000000 0.67187500
vn 0.61160987 0.63693516 -0.46930477
vn 0.61160987 0.63693516 -0.46930477
vn 0.61160987 0.63693516 -0.46930477
vn 0.61160987 0.63693516 -0.46930477
f 1629/1629/1629 1630/1630/1630 1631/1631/1631
f 1629/1629/1629 1631/1631/1631 1632/1632/1632
v 0.742187500 0.125000000 0.080518937
v 0.842504845 0.125000000 0.157495155
v 0.853553390 0.046875000 0.146446610
v 0.750000000 0.046875000 0.066987297
vt 0.01562500 0.67187500
vt 0.25000000 0.67187500
vt 0.25000000 0.59375000
vt 0.01562500 0.59375000
vn 0.59713543 0.19450213 -0.77820190
vn 0.59713543 0.19450213 -0.77820190
vn 0.59713543 0.19450213 -0.77820190
vn 0.59713543 0.19450213 -0.77820190
f 1633/1633/1633 1634/1634/1634 1635/1635/1635
f 1633/1633/1633 1635/1635/1635 1636/1636/1636
v 0.842504845 0.125000000 0.157495155
v 0.919481063 0.125000000 0.257812500
v 0.933012703 0.046875000 0.250000000
v 0.853553390 0.046875000 0.146446610
vt 0.25000000 0.67187500
vt 0.48437500 0.67187500
vt 0.48437500 0.59375000
vt 0.25000000 0.59375000
vn 0.77820192 0.19450201 -0.59713544
vn 0.77820192 0.19450201 -0.59713544
vn 0.77820192 0.19450201 -0.59713544
vn 0.77820192 0.19450201 -0.59713544
f 1637/1637/1637 1638/1638/1638 1639/1639/1639
f 1637/1637/1637 1639/1639/1639 1640/1640/1640
v 0.750000000 0.046875000 0.066987297
v 0.853553390 0.046875000 0.146446610
v 0.831456297 0.000000000 0.168543703
v 0.734375000 0.000000000 0.094050595
vt 0.01562500 0.59375000
vt 0.25000000 0.59375000
vt 0.25000000 0.51562500
vt 0.01562500 0.51562500
vn 0.50785296 -0.55140195 -0.66184685
vn 0.50785296 -0.55140195 -0.66184685
vn 0.50785296 -0.55140195 -0.66184685
vn 0.50785296 -0.55140195 -0.66184685
f 1641/1641/1641 1642/1642/1642 1643/1643/1643
f 1641/1641/1641 1643/1643/1643 1644/1644/1644
v 0.853553390 0.046875000 0.146446610
v 0.933012703 0.046875000 0.250000000
v 0.905949405 0.000000000 0.265625000
v 0.831456297 0.000000000 0.168543703
vt 0.25000000 0.59375000
vt 0.48437500 0.59375000
vt 0.48437500 0.51562500
vt 0.25000000 0.51562500
vn 0.66184690 -0.55140186 -0.50785300
vn 0.66184690 -0.55140186 -0.50785300
vn 0.66184690 -0.55140186 -0.50785300
vn 0.66184690 -0.55140186 -0.50785300
f 1645/1645/1645 1646/1646/1646 1647/1647/1647
f 1645/1645/1645 1647/1647/1647 1648/1648/1648
v 0.568906250 0.340937500 0.380650875
v 0.597448158 0.340937500 0.402551842
v 0.522318063 0.356562500 0.477681937
v 0.515781250 0.356562500 0.472666078
vt 0.01562500 0.90625000
vt 0.25000000 0.90625000
vt 0.25000000 0.98437500
vt 0.01562500 0.98437500
vn -0.08931901 -0.98917769 0.11640283
vn -0.08931901 -0.98917769 0.11640283
vn -0.08931901 -0.98917769 0.11640283
vn -0.08931901 -0.98917769 0.11640283
f 1649/1649/1649 1650/1650/1650 1651/1651/1651
f 1649/1649/1649 1651/1651/1651 1652/1652/1652
v 0.597448158 0.340937500 0.402551842
v 0.619349125 0.340937500 0.431093750
v 0.527333922 0.356562500 0.484218750
v 0.522318063 0.356562500 0.477681937
vt 0.25000000 0.90625000
vt 0.48437500 0.90625000
vt 0.48437500 0.98437500
vt 0.25000000 0.98437500
vn -0.11640282 -0.98917769 0.08931900
vn -0.11640282 -0.98917769 0.08931900
vn -0.11640282 -0.98917769 0.08931900
vn -0.11640282 -0.98917769 0.08931900
f 1653/1653/1653 1654/1654/1654 1655/1655/1655
f 1653/1653/1653 1655/1655/1655 1656/1656/1656
v 0.639218750 0.294062500 0.258866047
v 0.696885048 0.294062500 0.303114952
v 0.597448158 0.340937500 0.402551842
v 0.568906250 0.340937500 0.380650875
vt 0.01562500 0.82812500
vt 0.25000000 0.82812500
vt 0.25000000 0.90625000
vt 0.01562500 0.90625000
vn -0.19400035 -0.94786222 0.25282618
vn -0.19400035 -0.94786222 0.25282618
vn -0.19400035 -0.94786222 0.25282618
vn -0.19400035 -0.94786222 0.25282618
f 1657/1657/1657 1658/1658/1658 1659/1659/1659
f 1657/1657/1657 1659/1659/1659 1660/1660/1660
v 0.696885048 0.294062500 0.303114952
v 0.741133953 0.294062500 0.360781250
v 0.619349125 0.340937500 0.431093750
v 0.597448158 0.340937500 0.402551842
vt 0.25000000 0.82812500
vt 0.48437500 0.82812500
vt 0.48437500 0.90625000
vt 0.25000000 0.90625000
vn -0.25282617 -0.94786222 0.19400035
vn -0.25282617 -0.94786222 0.19400035
vn -0.25282617 -0.94786222 0.19400035
vn -0.25282617 -0.94786222 0.19400035
f 1661/1661/1661 1662/1662/1662 1663/1663/1663
f 1661/1661/1661 1663/1663/1663 1664/1664/1664
v 0.701718750 0.215937500 0.150612875
v 0.785273390 0.215937500 0.214726610
v 0.696885048 0.294062500 0.303114952
v 0.639218750 0.294062500 0.258866047
vt 0.01562500 0.75000000
vt 0.25000000 0.75000000
vt 0.25000000 0.82812500
vt 0.01562500 0.82812500
vn -0.32463769 -0.84594150 0.42307605
vn -0.32463769 -0.84594150 0.42307605
vn -0.32463769 -0.84594150 0.42307605
vn -0.32463769 -0.84594150 0.42307605
f 1665/1665/1665 1666/1666/1666 1667/1667/1667
f 1665/1665/1665 1667/1667/1667 1668/1668/1668
v 0.785273390 0.215937500 0.214726610
v 0.849387125 0.215937500 0.298281250
v 0.741133953 0.294062500 0.360781250
v 0.696885048 0.294062500 0.303114952
vt 0.25000000 0.75000000
vt 0.48437500 0.75000000
vt 0.48437500 0.82812500
vt 0.25000000 0.82812500
vn -0.42307605 -0.84594150 0.32463769
vn -0.42307605 -0.84594150 0.32463769
vn -0.42307605 -0.84594150 0.32463769
vn -0.42307605 -0.84594150 0.32463769
f 1669/1669/1669 1670/1670/1670 1671/1671/1671
f 1669/1669/1669 1671/1671/1671 1672/1672/1672
v 0.740781250 0.122187500 0.082954640
v 0.840516110 0.122187500 0.159483890
v 0.785273390 0.215937500 0.214726610
v 0.701718750 0.215937500 0.150612875
vt 0.01562500 0.67187500
vt 0.25000000 0.67187500
vt 0.25000000 0.75000000
vt 0.01562500 0.75000000
vn -0.46930479 -0.63693511 0.61160991
vn -0.46930479 -0.63693511 0.61160991
vn -0.46930479 -0.63693511 0.61160991
vn -0.46930479 -0.63693511 0.61160991
f 1673/1673/1673 1674/1674/1674 1675/1675/1675
f 1673/1673/1673 1675/1675/1675 1676/1676/1676
v 0.840516110 0.122187500 0.159483890
v 0.917045360 0.122187500 0.259218750
v 0.849387125 0.215937500 0.298281250
v 0.785273390 0.215937500 0.214726610
vt 0.25000000 0.67187500
vt 0.48437500 0.67187500
vt 0.48437500 0.75000000
vt 0.25000000 0.75000000
vn -0.61160991 -0.63693510 0.46930480
vn -0.61160991 -0.63693510 0.46930480
vn -0.61160991 -0.63693510 0.46930480
vn -0.61160991 -0.63693510 0.46930480
f 1677/1677/1677 1678/1678/1678 1679/1679/1679
f 1677/1677/1677 1679/1679/1679 1680/1680/1680
v 0.748593750 0.044062500 0.069423000
v 0.851564655 0.044062500 0.148435345
v 0.840516110 0.122187500 0.159483890
v 0.740781250 0.122187500 0.082954640
vt 0.01562500 0.59375000
vt 0.25000000 0.59375000
vt 0.25000000 0.67187500
vt 0.01562500 0.67187500
vn -0.59713531 -0.19450213 0.77820200
vn -0.59713531 -0.19450213 0.77820200
vn -0.59713531 -0.19450213 0.77820200
vn -0.59713531 -0.19450213 0.77820200
f 1681/1681/1681 1682/1682/1682 1683/1683/1683
f 1681/1681/1681 1683/1683/1683 1684/1684/1684
v 0.851564655 0.044062500 0.148435345
v 0.930577000 0.044062500 0.251406250
v 0.917045360 0.122187500 0.259218750
v 0.840516110 0.122187500 0.159483890
vt 0.25000000 0.59375000
vt 0.48437500 0.59375000
vt 0.48437500 0.67187500
vt 0.25000000 0.67187500
vn -0.77820202 -0.19450201 0.59713532
vn -0.77820202 -0.19450201 0.59713532
vn -0.77820202 -0.19450201 0.59713532
vn -0.77820202 -0.19450201 0.59713532
f 1685/1685/1685 1686/1686/1686 1687/1687/1687
f 1685/1685/1685 1687/1687/1687 1688/1688/1688
v 0.732968750 -0.002812500 0.096486283
v 0.829467562 -0.002812500 0.170532438
v 0.851564655 0.044062500 0.148435345
v 0.748593750 0.044062500 0.069423000
vt 0.01562500 0.51562500
vt 0.25000000 0.51562500
vt 0.25000000 0.59375000
vt 0.01562500 0.59375000
vn -0.50785301 0.55140196 0.66184681
vn -0.50785301 0.55140196 0.66184681
vn -0.50785301 0.55140196 0.66184681
vn -0.50785301 0.55140196 0.66184681
f 1689/1689/1689 1690/1690/1690 1691/1691/1691
f 1689/1689/1689 1691/1691/1691 1692/1692/1692
v 0.829467562 -0.002812500 0.170532438
v 0.903513717 -0.002812500 0.267031250
v 0.930577000 0.044062500 0.251406250
v 0.851564655 0.044062500 0.148435345
vt 0.25000000 0.51562500
vt 0.48437500 0.51562500
vt 0.48437500 0.59375000
vt 0.25000000 0.59375000
vn -0.66184694 0.55140170 0.50785311
vn -0.66184694 0.55140170 0.50785311
vn -0.66184694 0.55140170 0.50785311
vn -0.66184694 0.55140170 0.50785311
f 1693/1693/1693 1694/1694/1694 1695/1695/1695
f 1693/1693/1693 1695/1695/1695 1696/1696/1696
v 0.515781250 0.356562500 0.472666078
v 0.522318063 0.356562500 0.477681937
v 0.524306797 0.359375000 0.475693203
v 0.517187500 0.359375000 0.470230375
vt 0.01562500 0.51562500
vt 0.48437500 0.51562500
vt 0.48437500 0.98437500
vt 0.01562500 0.98437500
vn -0.43230426 0.70406192 0.56339137
vn -0.43230426 0.70406192 0.56339137
vn -0.43230426 0.70406192 0.56339137
vn -0.43230426 0.70406192 0.56339137
f 1697/1697/1697 1698/1698/1698 1699/1699/1699
f 1697/1697/1697 1699/1699/1699 1700/1700/1700
v 0.522318063 0.356562500 0.477681937
v 0.527333922 0.356562500 0.484218750
v 0.529769625 0.359375000 0.482812500
v 0.524306797 0.359375000 0.475693203
vt 0.01562500 0.51562500
vt 0.48437500 0.51562500
vt 0.48437500 0.98437500
vt 0.01562500 0.98437500
vn -0.56339027 0.70406333 0.43230341
vn -0.56339027 0.70406333 0.43230341
vn -0.56339027 0.70406333 0.43230341
vn -0.56339027 0.70406333 0.43230341
f 1701/1701/1701 1702/1702/1702 1703/1703/1703
f 1701/1701/1701 1703/1703/1703 1704/1704/1704
v 0.734375000 0.000000000 0.094050595
v 0.831456297 0.000000000 0.168543703
v 0.829467562 -0.002812500 0.170532438
v 0.732968750 -0.002812500 0.096486283
vt 0.01562500 0.98437500
vt 0.48437500 0.98437500
vt 0.48437500 0.51562500
vt 0.01562500 0.51562500
vn 0.43230498 -0.70406198 -0.56339074
vn 0.43230498 -0.70406198 -0.56339074
vn 0.43230498 -0.70406198 -0.56339074
vn 0.43230498 -0.70406198 -0.56339074
f 1705/1705/1705 1706/1706/1706 1707/1707/1707
f 1705/1705/1705 1707/1707/1707 1708/1708/1708
v 0.831456297 0.000000000 0.168543703
v 0.905949405 0.000000000 0.265625000
v 0.903513717 -0.002812500 0.267031250
v 0.829467562 -0.002812500 0.170532438
vt 0.01562500 0.98437500
vt 0.48437500 0.98437500
vt 0.48437500 0.51562500
vt 0.01562500 0.51562500
vn 0.56339098 -0.70406169 -0.43230516
vn 0.56339098 -0.70406169 -0.43230516
vn 0.56339098 -0.70406169 -0.43230516
vn 0.56339098 -0.70406169 -0.43230516
f 1709/1709/1709 1710/1710/1710 1711/1711/1711
f 1709/1709/1709 1711/1711/1711 1712/1712/1712
v 0.517187500 0.359375000 0.470230375
v 0.570312500 0.343750000 0.378215173
v 0.568906250 0.340937500 0.380650875
v 0.515781250 0.356562500 0.472666078
vt 0.01562500 0.98437500
vt 0.48437500 0.98437500
vt 0.48437500 0.51562500
vt 0.01562500 0.51562500
vn -0.86602549 -0.00000102 -0.49999985
vn -0.86602549 -0.00000102 -0.49999985
vn -0.86602549 -0.00000102 -0.49999985
vn -0.86602549 -0.00000102 -0.49999985
f 1713/1713/1713 1714/1714/1714 1715/1715/1715
f 1713/1713/1713 1715/1715/1715 1716/1716/1716
v 0.570312500 0.343750000 0.378215173
v 0.640625000 0.296875000 0.256430360
v 0.639218750 0.294062500 0.258866047
v 0.568906250 0.340937500 0.380650875
vt 0.01562500 0.98437500
vt 0.48437500 0.98437500
vt 0.48437500 0.51562500
vt 0.01562500 0.51562500
vn -0.86602519 0.00000117 -0.50000037
vn -0.86602519 0.00000117 -0.50000037
vn -0.86602519 0.00000117 -0.50000037
vn -0.86602519 0.00000117 -0.50000037
f 1717/1717/1717 1718/1718/1718 1719/1719/1719
f 1717/1717/1717 1719/1719/1719 1720/1720/1720
v 0.640625000 0.296875000 0.256430360
v 0.703125000 0.218750000 0.148177187
v 0.701718750 0.215937500 0.150612875
v 0.639218750 0.294062500 0.258866047
vt 0.01562500 0.98437500
vt 0.48437500 0.98437500
vt 0.48437500 0.51562500
vt 0.01562500 0.51562500
vn -0.86602509 0.00000097 -0.50000054
vn -0.86602509 0.00000097 -0.50000054
vn -0.86602509 0.00000097 -0.50000054
vn -0.86602509 0.00000097 -0.50000054
f 1721/1721/1721 1722/1722/1722 1723/1723/1723
f 1721/1721/1721 1723/1723/1723 1724/1724/1724
v 0.703125000 0.218750000 0.148177187
v 0.742187500 0.125000000 0.080518937
v 0.740781250 0.122187500 0.082954640
v 0.701718750 0.215937500 0.150612875
vt 0.01562500 0.98437500
vt 0.48437500 0.98437500
vt 0.48437500 0.51562500
vt 0.01562500 0.51562500
vn -0.86602575 -0.00000049 -0.49999940
vn -0.86602575 -0.00000049 -0.49999940
vn -0.86602575 -0.00000049 -0.49999940
vn -0.86602575 -0.00000049 -0.49999940
f 1725/1725/1725 1726/1726/1726 1727/1727/1727
f 1725/1725/1725 1727/1727/1727 1728/1728/1728
v 0.742187500 0.125000000 0.080518937
v 0.750000000 0.046875000 0.066987297
v 0.748593750 0.044062500 0.069423000
v 0.740781250 0.122187500 0.082954640
vt 0.01562500 0.98437500
vt 0.48437500 0.98437500
vt 0.48437500 0.51562500
vt 0.01562500 0.51562500
vn -0.86602588 -0.00000023 -0.49999917
vn -0.86602588 -0.00000023 -0.49999917
vn -0.86602588 -0.00000023 -0.49999917
vn -0.86602588 -0.00000023 -0.49999917
f 1729/1729/1729 1730/1730/1730 1731/1731/1731
f 1729/1729/1729 1731/1731/1731 1732/1732/1732
v 0.750000000 0.046875000 0.066987297
v 0.734375000 0.000000000 0.094050595
v 0.732968750 -0.002812500 0.096486283
v 0.748593750 0.044062500 0.069423000
vt 0.01562500 0.98437500
vt 0.48437500 0.98437500
vt 0.48437500 0.51562500
vt 0.01562500 0.51562500
vn -0.86602297 -0.00000328 -0.50000422
vn -0.86602297 -0.00000328 -0.50000422
vn -0.86602297 -0.00000328 -0.50000422
vn -0.86602297 -0.00000328 -0.50000422
f 1733/1733/1733 1734/1734/1734 1735/1735/1735
f 1733/1733/1733 1735/1735/1735 1736/1736/1736
v 0.527333922 0.356562500 0.484218750
v 0.619349125 0.340937500 0.431093750
v 0.621784827 0.343750000 0.429687500
v 0.529769625 0.359375000 0.482812500
vt 0.01562500 0.51562500
vt 0.48437500 0.51562500
vt 0.48437500 0.98437500
vt 0.01562500 0.98437500
vn 0.49999985 -0.00000102 0.86602549
vn 0.49999985 -0.00000102 0.86602549
vn 0.49999985 -0.00000102 0.86602549
vn 0.49999985 -0.00000102 0.86602549
f 1737/1737/1737 1738/1738/1738 1739/1739/1739
f 1737/1737/1737 1739/1739/1739 1740/1740/1740
v 0.619349125 0.340937500 0.431093750
v 0.741133953 0.294062500 0.360781250
v 0.743569640 0.296875000 0.359375000
v 0.621784827 0.343750000 0.429687500
vt 0.01562500 0.51562500
vt 0.48437500 0.51562500
vt 0.48437500 0.98437500
vt 0.01562500 0.98437500
vn 0.50000033 0.00000121 0.86602521
vn 0.50000033 0.00000121 0.86602521
vn 0.50000033 0.00000121 0.86602521
vn 0.50000033 0.00000121 0.86602521
f 1741/1741/1741 1742/1742/1742 1743/1743/1743
f 1741/1741/1741 1743/1743/1743 1744/1744/1744
v 0.741133953 0.294062500 0.360781250
v 0.849387125 0.215937500 0.298281250
v 0.851822813 0.218750000 0.296875000
v 0.743569640 0.296875000 0.359375000
vt 0.01562500 0.51562500
vt 0.48437500 0.51562500
vt 0.48437500 0.98437500
vt 0.01562500 0.98437500
vn 0.50000054 0.00000097 0.86602509
vn 0.50000054 0.00000097 0.86602509
vn 0.50000054 0.00000097 0.86602509
vn 0.50000054 0.00000097 0.86602509
f 1745/1745/1745 1746/1746/1746 1747/1747/1747
f 1745/1745/1745 1747/1747/1747 1748/1748/1748
v 0.849387125 0.215937500 0.298281250
v 0.917045360 0.122187500 0.259218750
v 0.919481063 0.125000000 0.257812500
v 0.851822813 0.218750000 0.296875000
vt 0.01562500 0.51562500
vt 0.48437500 0.51562500
vt 0.48437500 0.98437500
vt 0.01562500 0.98437500
vn 0.49999944 -0.00000054 0.86602573
vn 0.49999944 -0.00000054 0.86602573
vn 0.49999944 -0.00000054 0.86602573
vn 0.49999944 -0.00000054 0.86602573
f 1749/1749/1749 1750/1750/1750 1751/1751/1751
f 1749/1749/1749 1751/1751/1751 1752/1752/1752
v 0.917045360 0.122187500 0.259218750
v 0.930577000 0.044062500 0.251406250
v 0.933012703 0.046875000 0.250000000
v 0.919481063 0.125000000 0.257812500
vt 0.01562500 0.51562500
vt 0.48437500 0.51562500
vt 0.48437500 0.98437500
vt 0.01562500 0.98437500
vn 0.49999917 -0.00000023 0.86602588
vn 0.49999917 -0.00000023 0.86602588
vn 0.49999917 -0.00000023 0.86602588
vn 0.49999917 -0.00000023 0.86602588
f 1753/1753/1753 1754/1754/1754 1755/1755/1755
f 1753/1753/1753 1755/1755/1755 1756/1756/1756
v 0.930577000 0.044062500 0.251406250
v 0.903513717 -0.002812500 0.267031250
v 0.905949405 0.000000000 0.265625000
v 0.933012703 0.046875000 0.250000000
vt 0.01562500 0.51562500
vt 0.48437500 0.51562500
vt 0.48437500 0.98437500
vt 0.01562500 0.98437500
vn 0.50000378 -0.00000278 0.86602322
vn 0.50000378 -0.00000278 0.86602322
vn 0.50000378 -0.00000278 0.86602322
vn 0.50000378 -0.00000278 0.86602322
f 1757/1757/1757 1758/1758/1758 1759/1759/1759
f 1757/1757/1757 1759/1759/1759 1760/1760/1760
g canopy_gore_12
usemtl parachute
v 0.529769625 0.359375000 0.482812500
v 0.533203703 0.359375000 0.491103093
v 0.635833312 0.343750000 0.463603578
v 0.621784827 0.343750000 0.429687500
vt 0.51562500 0.98437500
vt 0.75000000 0.98437500
vt 0.75000000 0.90625000
vt 0.51562500 0.90625000
vn 0.13555396 0.98917768 -0.05614832
vn 0.13555396 0.98917768 -0.05614832
vn 0.13555396 0.98917768 -0.05614832
vn 0.13555396 0.98917768 -0.05614832
f 1761/1761/1761 1762/1762/1762 1763/1763/1763
f 1761/1761/1761 1763/1763/1763 1764/1764/1764
v 0.533203703 0.359375000 0.491103093
v 0.534375000 0.359375000 0.500000000
v 0.640625000 0.343750000 0.500000000
v 0.635833312 0.343750000 0.463603578
vt 0.75000000 0.98437500
vt 0.98437500 0.98437500
vt 0.98437500 0.90625000
vt 0.75000000 0.90625000
vn 0.14546731 0.98917769 -0.01915108
vn 0.14546731 0.98917769 -0.01915108
vn 0.14546731 0.98917769 -0.01915108
vn 0.14546731 0.98917769 -0.01915108
f 1765/1765/1765 1766/1766/1766 1767/1767/1767
f 1765/1765/1765 1767/1767/1767 1768/1768/1768
v 0.621784827 0.343750000 0.429687500
v 0.635833312 0.343750000 0.463603578
v 0.771666640 0.296875000 0.427207140
v 0.743569640 0.296875000 0.359375000
vt 0.51562500 0.90625000
vt 0.75000000 0.90625000
vt 0.75000000 0.82812500
vt 0.51562500 0.82812500
vn 0.29442234 0.94786223 -0.12195359
vn 0.29442234 0.94786223 -0.12195359
vn 0.29442234 0.94786223 -0.12195359
vn 0.29442234 0.94786223 -0.12195359
f 1769/1769/1769 1770/1770/1770 1771/1771/1771
f 1769/1769/1769 1771/1771/1771 1772/1772/1772
v 0.635833312 0.343750000 0.463603578
v 0.640625000 0.343750000 0.500000000
v 0.781250000 0.296875000 0.500000000
v 0.771666640 0.296875000 0.427207140
vt 0.75000000 0.90625000
vt 0.98437500 0.90625000
vt 0.98437500 0.82812500
vt 0.75000000 0.82812500
vn 0.31595407 0.94786222 -0.04159621
vn 0.31595407 0.94786222 -0.04159621
vn 0.31595407 0.94786222 -0.04159621
vn 0.31595407 0.94786222 -0.04159621
f 1773/1773/1773 1774/1774/1774 1775/1775/1775
f 1773/1773/1773 1775/1775/1775 1776/1776/1776
v 0.743569640 0.296875000 0.359375000
v 0.771666640 0.296875000 0.427207140
v 0.892407360 0.218750000 0.394854765
v 0.851822813 0.218750000 0.296875000
vt 0.51562500 0.82812500
vt 0.75000000 0.82812500
vt 0.75000000 0.75000000
vt 0.51562500 0.75000000
vn 0.49268251 0.84594149 -0.20407583
vn 0.49268251 0.84594149 -0.20407583
vn 0.49268251 0.84594149 -0.20407583
vn 0.49268251 0.84594149 -0.20407583
f 1777/1777/1777 1778/1778/1778 1779/1779/1779
f 1777/1777/1777 1779/1779/1779 1780/1780/1780
v 0.771666640 0.296875000 0.427207140
v 0.781250000 0.296875000 0.500000000
v 0.906250000 0.218750000 0.500000000
v 0.892407360 0.218750000 0.394854765
vt 0.75000000 0.82812500
vt 0.98437500 0.82812500
vt 0.98437500 0.75000000
vt 0.75000000 0.75000000
vn 0.52871344 0.84594151 -0.06960643
vn 0.52871344 0.84594151 -0.06960643
vn 0.52871344 0.84594151 -0.06960643
vn 0.52871344 0.84594151 -0.06960643
f 1781/1781/1781 1782/1782/1782 1783/1783/1783
f 1781/1781/1781 1783/1783/1783 1784/1784/1784
v 0.851822813 0.218750000 0.296875000
v 0.892407360 0.218750000 0.394854765
v 0.967870328 0.125000000 0.374634533
v 0.919481063 0.125000000 0.257812500
vt 0.51562500 0.75000000
vt 0.75000000 0.75000000
vt 0.75000000 0.67187500
vt 0.51562500 0.67187500
vn 0.71223479 0.63693516 -0.29501730
vn 0.71223479 0.63693516 -0.29501730
vn 0.71223479 0.63693516 -0.29501730
vn 0.71223479 0.63693516 -0.29501730
f 1785/1785/1785 1786/1786/1786 1787/1787/1787
f 1785/1785/1785 1787/1787/1787 1788/1788/1788
v 0.892407360 0.218750000 0.394854765
v 0.906250000 0.218750000 0.500000000
v 0.984375000 0.125000000 0.500000000
v 0.967870328 0.125000000 0.374634533
vt 0.75000000 0.75000000
vt 0.98437500 0.75000000
vt 0.98437500 0.67187500
vt 0.75000000 0.67187500
vn 0.76432212 0.63693510 -0.10062497
vn 0.76432212 0.63693510 -0.10062497
vn 0.76432212 0.63693510 -0.10062497
vn 0.76432212 0.63693510 -0.10062497
f 1789/1789/1789 1790/1790/1790 1791/1791/1791
f 1789/1789/1789 1791/1791/1791 1792/1792/1792
v 0.919481063 0.125000000 0.257812500
v 0.967870328 0.125000000 0.374634533
v 0.982962907 0.046875000 0.370590485
v 0.933012703 0.046875000 0.250000000
vt 0.51562500 0.67187500
vt 0.75000000 0.67187500
vt 0.75000000 0.59375000
vt 0.51562500 0.59375000
vn 0.90623542 0.19450192 -0.37537497
vn 0.90623542 0.19450192 -0.37537497
vn 0.90623542 0.19450192 -0.37537497
vn 0.90623542 0.19450192 -0.37537497
f 1793/1793/1793 1794/1794/1794 1795/1795/1795
f 1793/1793/1793 1795/1795/1795 1796/1796/1796
v 0.967870328 0.125000000 0.374634533
v 0.984375000 0.125000000 0.500000000
v 1.000000000 0.046875000 0.500000000
v 0.982962907 0.046875000 0.370590485
vt 0.75000000 0.67187500
vt 0.98437500 0.67187500
vt 0.98437500 0.59375000
vt 0.75000000 0.59375000
vn 0.97251036 0.19450207 -0.12803338
vn 0.97251036 0.19450207 -0.12803338
vn 0.97251036 0.19450207 -0.12803338
vn 0.97251036 0.19450207 -0.12803338
f 1797/1797/1797 1798/1798/1798 1799/1799/1799
f 1797/1797/1797 1799/1799/1799 1800/1800/1800
v 0.933012703 0.046875000 0.250000000
v 0.982962907 0.046875000 0.370590485
v 0.952777735 0.000000000 0.378678578
v 0.905949405 0.000000000 0.265625000
vt 0.51562500 0.59375000
vt 0.75000000 0.59375000
vt 0.75000000 0.51562500
vt 0.51562500 0.51562500
vn 0.77073716 -0.55140171 -0.31924971
vn 0.77073716 -0.55140171 -0.31924971
vn 0.77073716 -0.55140171 -0.31924971
vn 0.77073716 -0.55140171 -0.31924971
f 1801/1801/1801 1802/1802/1802 1803/1803/1803
f 1801/1801/1801 1803/1803/1803 1804/1804/1804
v 0.982962907 0.046875000 0.370590485
v 1.000000000 0.046875000 0.500000000
v 0.968750000 0.000000000 0.500000000
v 0.952777735 0.000000000 0.378678578
vt 0.75000000 0.59375000
vt 0.98437500 0.59375000
vt 0.98437500 0.51562500
vt 0.75000000 0.51562500
vn 0.82710274 -0.55140183 -0.10889019
vn 0.82710274 -0.55140183 -0.10889019
vn 0.82710274 -0.55140183 -0.10889019
vn 0.82710274 -0.55140183 -0.10889019
f 1805/1805/1805 1806/1806/1806 1807/1807/1807
f 1805/1805/1805 1807/1807/1807 1808/1808/1808
v 0.619349125 0.340937500 0.431093750
v 0.633116658 0.340937500 0.464331500
v 0.530487030 0.356562500 0.491831030
v 0.527333922 0.356562500 0.484218750
vt 0.51562500 0.90625000
vt 0.75000000 0.90625000
vt 0.75000000 0.98437500
vt 0.51562500 0.98437500
vn -0.13555394 -0.98917769 0.05614830
vn -0.13555394 -0.98917769 0.05614830
vn -0.13555394 -0.98917769 0.05614830
vn -0.13555394 -0.98917769 0.05614830
f 1809/1809/1809 1810/1810/1810 1811/1811/1811
f 1809/1809/1809 1811/1811/1811 1812/1812/1812
v 0.633116658 0.340937500 0.464331500
v 0.637812500 0.340937500 0.500000000
v 0.531562500 0.356562500 0.500000000
v 0.530487030 0.356562500 0.491831030
vt 0.75000000 0.90625000
vt 0.98437500 0.90625000
vt 0.98437500 0.98437500
vt 0.75000000 0.98437500
vn -0.14546731 -0.98917769 0.01915112
vn -0.14546731 -0.98917769 0.01915112
vn -0.14546731 -0.98917769 0.01915112
vn -0.14546731 -0.98917769 0.01915112
f 1813/1813/1813 1814/1814/1814 1815/1815/1815
f 1813/1813/1813 1815/1815/1815 1816/1816/1816
v 0.741133953 0.294062500 0.360781250
v 0.768949967 0.294062500 0.427935077
v 0.633116658 0.340937500 0.464331500
v 0.619349125 0.340937500 0.431093750
vt 0.51562500 0.82812500
vt 0.75000000 0.82812500
vt 0.75000000 0.90625000
vt 0.51562500 0.90625000
vn -0.29442235 -0.94786221 0.12195368
vn -0.29442235 -0.94786221 0.12195368
vn -0.29442235 -0.94786221 0.12195368
vn -0.29442235 -0.94786221 0.12195368
f 1817/1817/1817 1818/1818/1818 1819/1819/1819
f 1817/1817/1817 1819/1819/1819 1820/1820/1820
v 0.768949967 0.294062500 0.427935077
v 0.778437500 0.294062500 0.500000000
v 0.637812500 0.340937500 0.500000000
v 0.633116658 0.340937500 0.464331500
vt 0.75000000 0.82812500
vt 0.98437500 0.82812500
vt 0.98437500 0.90625000
vt 0.75000000 0.90625000
vn -0.31595407 -0.94786222 0.04159616
vn -0.31595407 -0.94786222 0.04159616
vn -0.31595407 -0.94786222 0.04159616
vn -0.31595407 -0.94786222 0.04159616
f 1821/1821/1821 1822/1822/1822 1823/1823/1823
f 1821/1821/1821 1823/1823/1823 1824/1824/1824
v 0.849387125 0.215937500 0.298281250
v 0.889690703 0.215937500 0.395582688
v 0.768949967 0.294062500 0.427935077
v 0.741133953 0.294062500 0.360781250
vt 0.51562500 0.75000000
vt 0.75000000 0.75000000
vt 0.75000000 0.82812500
vt 0.51562500 0.82812500
vn -0.49268246 -0.84594153 0.20407577
vn -0.49268246 -0.84594153 0.20407577
vn -0.49268246 -0.84594153 0.20407577
vn -0.49268246 -0.84594153 0.20407577
f 1825/1825/1825 1826/1826/1826 1827/1827/1827
f 1825/1825/1825 1827/1827/1827 1828/1828/1828
v 0.889690703 0.215937500 0.395582688
v 0.903437500 0.215937500 0.500000000
v 0.778437500 0.294062500 0.500000000
v 0.768949967 0.294062500 0.427935077
vt 0.75000000 0.75000000
vt 0.98437500 0.75000000
vt 0.98437500 0.82812500
vt 0.75000000 0.82812500
vn -0.52871344 -0.84594151 0.06960643
vn -0.52871344 -0.84594151 0.06960643
vn -0.52871344 -0.84594151 0.06960643
vn -0.52871344 -0.84594151 0.06960643
f 1829/1829/1829 1830/1830/1830 1831/1831/1831
f 1829/1829/1829 1831/1831/1831 1832/1832/1832
v 0.917045360 0.122187500 0.259218750
v 0.965153657 0.122187500 0.375362452
v 0.889690703 0.215937500 0.395582688
v 0.849387125 0.215937500 0.298281250
vt 0.51562500 0.67187500
vt 0.75000000 0.67187500
vt 0.75000000 0.75000000
vt 0.51562500 0.75000000
vn -0.71223484 -0.63693508 0.29501733
vn -0.71223484 -0.63693508 0.29501733
vn -0.71223484 -0.63693508 0.29501733
vn -0.71223484 -0.63693508 0.29501733
f 1833/1833/1833 1834/1834/1834 1835/1835/1835
f 1833/1833/1833 1835/1835/1835 1836/1836/1836
v 0.965153657 0.122187500 0.375362452
v 0.981562500 0.122187500 0.500000000
v 0.903437500 0.215937500 0.500000000
v 0.889690703 0.215937500 0.395582688
vt 0.75000000 0.67187500
vt 0.98437500 0.67187500
vt 0.98437500 0.75000000
vt 0.75000000 0.75000000
vn -0.76432212 -0.63693510 0.10062491
vn -0.76432212 -0.63693510 0.10062491
vn -0.76432212 -0.63693510 0.10062491
vn -0.76432212 -0.63693510 0.10062491
f 1837/1837/1837 1838/1838/1838 1839/1839/1839
f 1837/1837/1837 1839/1839/1839 1840/1840/1840
v 0.930577000 0.044062500 0.251406250
v 0.980246250 0.044062500 0.371318408
v 0.965153657 0.122187500 0.375362452
v 0.917045360 0.122187500 0.259218750
vt 0.51562500 0.59375000
vt 0.75000000 0.59375000
vt 0.75000000 0.67187500
vt 0.51562500 0.67187500
vn -0.90623535 -0.19450210 0.37537504
vn -0.90623535 -0.19450210 0.37537504
vn -0.90623535 -0.19450210 0.37537504
vn -0.90623535 -0.19450210 0.37537504
f 1841/1841/1841 1842/1842/1842 1843/1843/1843
f 1841/1841/1841 1843/1843/1843 1844/1844/1844
v 0.980246250 0.044062500 0.371318408
v 0.997187500 0.044062500 0.500000000
v 0.981562500 0.122187500 0.500000000
v 0.965153657 0.122187500 0.375362452
vt 0.75000000 0.59375000
vt 0.98437500 0.59375000
vt 0.98437500 0.67187500
vt 0.75000000 0.67187500
vn -0.97251036 -0.19450207 0.12803339
vn -0.97251036 -0.19450207 0.12803339
vn -0.97251036 -0.19450207 0.12803339
vn -0.97251036 -0.19450207 0.12803339
f 1845/1845/1845 1846/1846/1846 1847/1847/1847
f 1845/1845/1845 1847/1847/1847 1848/1848/1848
v 0.903513717 -0.002812500 0.267031250
v 0.950061062 -0.002812500 0.379406500
v 0.980246250 0.044062500 0.371318408
v 0.930577000 0.044062500 0.251406250
vt 0.51562500 0.51562500
vt 0.75000000 0.51562500
vt 0.75000000 0.59375000
vt 0.51562500 0.59375000
vn -0.77073705 0.55140189 0.31924968
vn -0.77073705 0.55140189 0.31924968
vn -0.77073705 0.55140189 0.31924968
vn -0.77073705 0.55140189 0.31924968
f 1849/1849/1849 1850/1850/1850 1851/1851/1851
f 1849/1849/1849 1851/1851/1851 1852/1852/1852
v 0.950061062 -0.002812500 0.379406500
v 0.965937500 -0.002812500 0.500000000
v 0.997187500 0.044062500 0.500000000
v 0.980246250 0.044062500 0.371318408
vt 0.75000000 0.51562500
vt 0.98437500 0.51562500
vt 0.98437500 0.59375000
vt 0.75000000 0.59375000
vn -0.82710275 0.55140183 0.10889016
vn -0.82710275 0.55140183 0.10889016
vn -0.82710275 0.55140183 0.10889016
vn -0.82710275 0.55140183 0.10889016
f 1853/1853/1853 1854/1854/1854 1855/1855/1855
f 1853/1853/1853 1855/1855/1855 1856/1856/1856
v 0.527333922 0.356562500 0.484218750
v 0.530487030 0.356562500 0.491831030
v 0.533203703 0.359375000 0.491103093
v 0.529769625 0.359375000 0.482812500
vt 0.51562500 0.51562500
vt 0.98437500 0.51562500
vt 0.98437500 0.98437500
vt 0.51562500 0.98437500
vn -0.65608092 0.70406368 0.27175755
vn -0.65608092 0.70406368 0.27175755
vn -0.65608092 0.70406368 0.27175755
vn -0.65608092 0.70406368 0.27175755
f 1857/1857/1857 1858/1858/1858 1859/1859/1859
f 1857/1857/1857 1859/1859/1859 1860/1860/1860
v 0.530487030 0.356562500 0.491831030
v 0.531562500 0.356562500 0.500000000
v 0.534375000 0.359375000 0.500000000
v 0.533203703 0.359375000 0.491103093
vt 0.51562500 0.51562500
vt 0.98437500 0.51562500
vt 0.98437500 0.98437500
vt 0.51562500 0.98437500
vn -0.70406257 0.70406257 0.09269191
vn -0.70406257 0.70406257 0.09269191
vn -0.70406257 0.70406257 0.09269191
vn -0.70406257 0.70406257 0.09269191
f 1861/1861/1861 1862/1862/1862 1863/1863/1863
f 1861/1861/1861 1863/1863/1863 1864/1864/1864
v 0.905949405 0.000000000 0.265625000
v 0.952777735 0.000000000 0.378678578
v 0.950061062 -0.002812500 0.379406500
v 0.903513717 -0.002812500 0.267031250
vt 0.51562500 0.98437500
vt 0.98437500 0.98437500
vt 0.98437500 0.51562500
vt 0.51562500 0.51562500
vn 0.65608159 -0.70406291 -0.27175791
vn 0.65608159 -0.70406291 -0.27175791
vn 0.65608159 -0.70406291 -0.27175791
vn 0.65608159 -0.70406291 -0.27175791
f 1865/1865/1865 1866/1866/1866 1867/1867/1867
f 1865/1865/1865 1867/1867/1867 1868/1868/1868
v 0.952777735 0.000000000 0.378678578
v 0.968750000 0.000000000 0.500000000
v 0.965937500 -0.002812500 0.500000000
v 0.950061062 -0.002812500 0.379406500
vt 0.51562500 0.98437500
vt 0.98437500 0.98437500
vt 0.98437500 0.51562500
vt 0.51562500 0.51562500
vn 0.70406259 -0.70406259 -0.09269158
vn 0.70406259 -0.70406259 -0.09269158
vn 0.70406259 -0.70406259 -0.09269158
vn 0.70406259 -0.70406259 -0.09269158
f 1869/1869/1869 1870/1870/1870 1871/1871/1871
f 1869/1869/1869 1871/1871/1871 1872/1872/1872
v 0.529769625 0.359375000 0.482812500
v 0.621784827 0.343750000 0.429687500
v 0.619349125 0.340937500 0.431093750
v 0.527333922 0.356562500 0.484218750
vt 0.51562500 0.98437500
vt 0.98437500 0.98437500
vt 0.98437500 0.51562500
vt 0.51562500 0.51562500
vn -0.49999985 0.00000102 -0.86602549
vn -0.49999985 0.00000102 -0.86602549
vn -0.49999985 0.00000102 -0.86602549
vn -0.49999985 0.00000102 -0.86602549
f 1873/1873/1873 1874/1874/1874 1875/1875/1875
f 1873/1873/1873 1875/1875/1875 1876/1876/1876
v 0.621784827 0.343750000 0.429687500
v 0.743569640 0.296875000 0.359375000
v 0.741133953 0.294062500 0.360781250
v 0.619349125 0.340937500 0.431093750
vt 0.51562500 0.98437500
vt 0.98437500 0.98437500
vt 0.98437500 0.51562500
vt 0.51562500 0.51562500
vn -0.50000037 -0.00000117 -0.86602519
vn -0.50000037 -0.00000117 -0.86602519
vn -0.50000037 -0.00000117 -0.86602519
vn -0.50000037 -0.00000117 -0.86602519
f 1877/1877/1877 1878/1878/1878 1879/1879/1879
f 1877/1877/1877 1879/1879/1879 1880/1880/1880
v 0.743569640 0.296875000 0.359375000
v 0.851822813 0.218750000 0.296875000
v 0.849387125 0.215937500 0.298281250
v 0.741133953 0.294062500 0.360781250
vt 0.51562500 0.98437500
vt 0.98437500 0.98437500
vt 0.98437500 0.51562500
vt 0.51562500 0.51562500
vn -0.50000054 -0.00000097 -0.86602509
vn -0.50000054 -0.00000097 -0.86602509
vn -0.50000054 -0.00000097 -0.86602509
vn -0.50000054 -0.00000097 -0.86602509
f 1881/1881/1881 1882/1882/1882 1883/1883/1883
f 1881/1881/1881 1883/1883/1883 1884/1884/1884
v 0.851822813 0.218750000 0.296875000
v 0.919481063 0.125000000 0.257812500
v 0.917045360 0.122187500 0.259218750
v 0.849387125 0.215937500 0.298281250
vt 0.51562500 0.98437500
vt 0.98437500 0.98437500
vt 0.98437500 0.51562500
vt 0.51562500 0.51562500
vn -0.49999940 0.00000049 -0.86602575
vn -0.49999940 0.00000049 -0.86602575
vn -0.49999940 0.00000049 -0.86602575
vn -0.49999940 0.00000049 -0.86602575
f 1885/1885/1885 1886/1886/1886 1887/1887/1887
f 1885/1885/1885 1887/1887/1887 1888/1888/1888
v 0.919481063 0.125000000 0.257812500
v 0.933012703 0.046875000 0.250000000
v 0.930577000 0.044062500 0.251406250
v 0.917045360 0.122187500 0.259218750
vt 0.51562500 0.98437500
vt 0.98437500 0.98437500
vt 0.98437500 0.51562500
vt 0.51562500 0.51562500
vn -0.49999917 0.00000023 -0.86602588
vn -0.49999917 0.00000023 -0.86602588
vn -0.49999917 0.00000023 -0.86602588
vn -0.49999917 0.00000023 -0.86602588
f 1889/1889/1889 1890/1890/1890 1891/1891/1891
f 1889/1889/1889 1891/1891/1891 1892/1892/1892
v 0.933012703 0.046875000 0.250000000
v 0.905949405 0.000000000 0.265625000
v 0.903513717 -0.002812500 0.267031250
v 0.930577000 0.044062500 0.251406250
vt 0.51562500 0.98437500
vt 0.98437500 0.98437500
vt 0.98437500 0.51562500
vt 0.51562500 0.51562500
vn -0.50000422 0.00000328 -0.86602297
vn -0.50000422 0.00000328 -0.86602297
vn -0.50000422 0.00000328 -0.86602297
vn -0.50000422 0.00000328 -0.86602297
f 1893/1893/1893 1894/1894/1894 1895/1895/1895
f 1893/1893/1893 1895/1895/1895 1896/1896/1896
v 0.531562500 0.356562500 0.500000000
v 0.637812500 0.340937500 0.500000000
v 0.640625000 0.343750000 0.500000000
v 0.534375000 0.359375000 0.500000000
vt 0.51562500 0.51562500
vt 0.98437500 0.51562500
vt 0.98437500 0.98437500
vt 0.51562500 0.98437500
vn 0.00000000 0.00000000 1.00000000
vn 0.00000000 0.00000000 1.00000000
vn 0.00000000 0.00000000 1.00000000
vn 0.00000000 0.00000000 1.00000000
f 1897/1897/1897 1898/1898/1898 1899/1899/1899
f 1897/1897/1897 1899/1899/1899 1900/1900/1900
v 0.637812500 0.340937500 0.500000000
v 0.778437500 0.294062500 0.500000000
v 0.781250000 0.296875000 0.500000000
v 0.640625000 0.343750000 0.500000000
vt 0.51562500 0.51562500
vt 0.98437500 0.51562500
vt 0.98437500 0.98437500
vt 0.51562500 0.98437500
vn 0.00000000 0.00000000 1.00000000
vn 0.00000000 0.00000000 1.00000000
vn 0.00000000 0.00000000 1.00000000
vn 0.00000000 0.00000000 1.00000000
f 1901/1901/1901 1902/1902/1902 1903/1903/1903
f 1901/1901/1901 1903/1903/1903 1904/1904/1904
v 0.778437500 0.294062500 0.500000000
v 0.903437500 0.215937500 0.500000000
v 0.906250000 0.218750000 0.500000000
v 0.781250000 0.296875000 0.500000000
vt 0.51562500 0.51562500
vt 0.98437500 0.51562500
vt 0.98437500 0.98437500
vt 0.51562500 0.98437500
vn 0.00000000 0.00000000 1.00000000
vn 0.00000000 0.00000000 1.00000000
vn 0.00000000 0.00000000 1.00000000
vn 0.00000000 0.00000000 1.00000000
f 1905/1905/1905 1906/1906/1906 1907/1907/1907
f 1905/1905/1905 1907/1907/1907 1908/1908/1908
v 0.903437500 0.215937500 0.500000000
v 0.981562500 0.122187500 0.500000000
v 0.984375000 0.125000000 0.500000000
v 0.906250000 0.218750000 0.500000000
vt 0.51562500 0.51562500
vt 0.98437500 0.51562500
vt 0.98437500 0.98437500
vt 0.51562500 0.98437500
vn 0.00000000 0.00000000 1.00000000
vn 0.00000000 0.00000000 1.00000000
vn 0.00000000 0.00000000 1.00000000
vn 0.00000000 0.00000000 1.00000000
f 1909/1909/1909 1910/1910/1910 1911/1911/1911
f 1909/1909/1909 1911/1911/1911 1912/1912/1912
v 0.981562500 0.122187500 0.500000000
v 0.997187500 0.044062500 0.500000000
v 1.000000000 0.046875000 0.500000000
v 0.984375000 0.125000000 0.500000000
vt 0.51562500 0.51562500
vt 0.98437500 0.51562500
vt 0.98437500 0.98437500
vt 0.51562500 0.98437500
vn 0.00000000 0.00000000 1.00000000
vn 0.00000000 0.00000000 1.00000000
vn 0.00000000 0.00000000 1.00000000
vn 0.00000000 0.00000000 1.00000000
f 1913/1913/1913 1914/1914/1914 1915/1915/1915
f 1913/1913/1913 1915/1915/1915 1916/1916/1916
v 0.997187500 0.044062500 0.500000000
v 0.965937500 -0.002812500 0.500000000
v 0.968750000 0.000000000 0.500000000
v 1.000000000 0.046875000 0.500000000
vt 0.51562500 0.51562500
vt 0.98437500 0.51562500
vt 0.98437500 0.98437500
vt 0.51562500 0.98437500
vn 0.00000000 0.00000000 1.00000000
vn 0.00000000 0.00000000 1.00000000
vn 0.00000000 0.00000000 1.00000000
vn 0.00000000 0.00000000 1.00000000
f 1917/1917/1917 1918/1918/1918 1919/1919/1919
f 1917/1917/1917 1919/1919/1919 1920/1920/1920
g gore_seam_01_0
usemtl parachute
v 0.535937500 0.361250000 0.501562500
v 0.535710172 0.359704125 0.500000000
v 0.641960173 0.344079125 0.500000000
v 0.642187500 0.345625000 0.501562500
vt 0.01562500 0.98437500
vt 0.48437500 0.98437500
vt 0.48437500 0.51562500
vt 0.01562500 0.51562500
vn -0.10287977 -0.69958246 0.70710688
vn -0.10287977 -0.69958246 0.70710688
vn -0.10287977 -0.69958246 0.70710688
vn -0.10287977 -0.69958246 0.70710688
f 1921/1921/1921 1922/1922/1922 1923/1923/1923
f 1921/1921/1921 1923/1923/1923 1924/1924/1924
v 0.535710172 0.359704125 0.500000000
v 0.535937500 0.361250000 0.498437500
v 0.642187500 0.345625000 0.498437500
v 0.641960173 0.344079125 0.500000000
vt 0.01562500 0.98437500
vt 0.48437500 0.98437500
vt 0.48437500 0.51562500
vt 0.01562500 0.51562500
vn -0.10287977 -0.69958246 -0.70710688
vn -0.10287977 -0.69958246 -0.70710688
vn -0.10287977 -0.69958246 -0.70710688
vn -0.10287977 -0.69958246 -0.70710688
f 1925/1925/1925 1926/1926/1926 1927/1927/1927
f 1925/1925/1925 1927/1927/1927 1928/1928/1928
v 0.535937500 0.361250000 0.498437500
v 0.536164828 0.362795875 0.500000000
v 0.642414828 0.347170875 0.500000000
v 0.642187500 0.345625000 0.498437500
vt 0.01562500 0.98437500
vt 0.48437500 0.98437500
vt 0.48437500 0.51562500
vt 0.01562500 0.51562500
vn 0.10287977 0.69958246 -0.70710688
vn 0.10287977 0.69958246 -0.70710688
vn 0.10287977 0.69958246 -0.70710688
vn 0.10287977 0.69958246 -0.70710688
f 1929/1929/1929 1930/1930/1930 1931/1931/1931
f 1929/1929/1929 1931/1931/1931 1932/1932/1932
v 0.536164828 0.362795875 0.500000000
v 0.535937500 0.361250000 0.501562500
v 0.642187500 0.345625000 0.501562500
v 0.642414828 0.347170875 0.500000000
vt 0.01562500 0.98437500
vt 0.48437500 0.98437500
vt 0.48437500 0.51562500
vt 0.01562500 0.51562500
vn 0.10287977 0.69958246 0.70710688
vn 0.10287977 0.69958246 0.70710688
vn 0.10287977 0.69958246 0.70710688
vn 0.10287977 0.69958246 0.70710688
f 1933/1933/1933 1934/1934/1934 1935/1935/1935
f 1933/1933/1933 1935/1935/1935 1936/1936/1936
v 0.535937500 0.361250000 0.498437500
v 0.535710172 0.359704125 0.500000000
v 0.535937500 0.361250000 0.501562500
vt 0.48437500 0.51562500
vt 0.48437500 0.98437500
vt 0.01562500 0.98437500
vn -0.98935973 0.14548996 0.00000000
vn -0.98935973 0.14548996 0.00000000
vn -0.98935973 0.14548996 0.00000000
f 1937/1937/1937 1938/1938/1938 1939/1939/1939
v 0.536164828 0.362795875 0.500000000
v 0.535937500 0.361250000 0.498437500
v 0.535937500 0.361250000 0.501562500
vt 0.48437500 0.51562500
vt 0.48437500 0.98437500
vt 0.01562500 0.98437500
vn -0.98935973 0.14548996 0.00000000
vn -0.98935973 0.14548996 0.00000000
vn -0.98935973 0.14548996 0.00000000
f 1940/1940/1940 1941/1941/1941 1942/1942/1942
v 0.642187500 0.345625000 0.501562500
v 0.641960173 0.344079125 0.500000000
v 0.642187500 0.345625000 0.498437500
vt 0.01562500 0.98437500
vt 0.48437500 0.98437500
vt 0.48437500 0.51562500
vn 0.98935973 -0.14548996 0.00000000
vn 0.98935973 -0.14548996 0.00000000
vn 0.98935973 -0.14548996 0.00000000
f 1943/1943/1943 1944/1944/1944 1945/1945/1945
v 0.642187500 0.345625000 0.501562500
v 0.642187500 0.345625000 0.498437500
v 0.642414828 0.347170875 0.500000000
vt 0.01562500 0.98437500
vt 0.48437500 0.98437500
vt 0.48437500 0.51562500
vn 0.98935973 -0.14548996 0.00000000
vn 0.98935973 -0.14548996 0.00000000
vn 0.98935973 -0.14548996 0.00000000
f 1946/1946/1946 1947/1947/1947 1948/1948/1948
g gore_seam_01_1
usemtl parachute
v 0.642187500 0.345625000 0.501562500
v 0.641693390 0.344142687 0.500000000
v 0.782318390 0.297267687 0.500000000
v 0.782812500 0.298750000 0.501562500
vt 0.01562500 0.98437500
vt 0.48437500 0.98437500
vt 0.48437500 0.51562500
vt 0.01562500 0.51562500
vn -0.22360707 -0.67082121 0.70710592
vn -0.22360707 -0.67082121 0.70710592
vn -0.22360707 -0.67082121 0.70710592
vn -0.22360707 -0.67082121 0.70710592
f 1949/1949/1949 1950/1950/1950 1951/1951/1951
f 1949/1949/1949 1951/1951/1951 1952/1952/1952
v 0.641693390 0.344142687 0.500000000
v 0.642187500 0.345625000 0.498437500
v 0.782812500 0.298750000 0.498437500
v 0.782318390 0.297267687 0.500000000
vt 0.01562500 0.98437500
vt 0.48437500 0.98437500
vt 0.48437500 0.51562500
vt 0.01562500 0.51562500
vn -0.22360707 -0.67082121 -0.70710592
vn -0.22360707 -0.67082121 -0.70710592
vn -0.22360707 -0.67082121 -0.70710592
vn -0.22360707 -0.67082121 -0.70710592
f 1953/1953/1953 1954/1954/1954 1955/1955/1955
f 1953/1953/1953 1955/1955/1955 1956/1956/1956
v 0.642187500 0.345625000 0.498437500
v 0.642681610 0.347107312 0.500000000
v 0.783306610 0.300232312 0.500000000
v 0.782812500 0.298750000 0.498437500
vt 0.01562500 0.98437500
vt 0.48437500 0.98437500
vt 0.48437500 0.51562500
vt 0.01562500 0.51562500
vn 0.22360707 0.67082121 -0.70710592
vn 0.22360707 0.67082121 -0.70710592
vn 0.22360707 0.67082121 -0.70710592
vn 0.22360707 0.67082121 -0.70710592
f 1957/1957/1957 1958/1958/1958 1959/1959/1959
f 1957/1957/1957 1959/1959/1959 1960/1960/1960
v 0.642681610 0.347107312 0.500000000
v 0.642187500 0.345625000 0.501562500
v 0.782812500 0.298750000 0.501562500
v 0.783306610 0.300232312 0.500000000
vt 0.01562500 0.98437500
vt 0.48437500 0.98437500
vt 0.48437500 0.51562500
vt 0.01562500 0.51562500
vn 0.22360707 0.67082121 0.70710592
vn 0.22360707 0.67082121 0.70710592
vn 0.22360707 0.67082121 0.70710592
vn 0.22360707 0.67082121 0.70710592
f 1961/1961/1961 1962/1962/1962 1963/1963/1963
f 1961/1961/1961 1963/1963/1963 1964/1964/1964
v 0.642187500 0.345625000 0.498437500
v 0.641693390 0.344142687 0.500000000
v 0.642187500 0.345625000 0.501562500
vt 0.48437500 0.51562500
vt 0.48437500 0.98437500
vt 0.01562500 0.98437500
vn -0.94868230 0.31623077 0.00000000
vn -0.94868230 0.31623077 0.00000000
vn -0.94868230 0.31623077 0.00000000
f 1965/1965/1965 1966/1966/1966 1967/1967/1967
v 0.642681610 0.347107312 0.500000000
v 0.642187500 0.345625000 0.498437500
v 0.642187500 0.345625000 0.501562500
vt 0.48437500 0.51562500
vt 0.48437500 0.98437500
vt 0.01562500 0.98437500
vn -0.94868230 0.31623077 0.00000000
vn -0.94868230 0.31623077 0.00000000
vn -0.94868230 0.31623077 0.00000000
f 1968/1968/1968 1969/1969/1969 1970/1970/1970
v 0.782812500 0.298750000 0.501562500
v 0.782318390 0.297267687 0.500000000
v 0.782812500 0.298750000 0.498437500
vt 0.01562500 0.98437500
vt 0.48437500 0.98437500
vt 0.48437500 0.51562500
vn 0.94868230 -0.31623077 0.00000000
vn 0.94868230 -0.31623077 0.00000000
vn 0.94868230 -0.31623077 0.00000000
f 1971/1971/1971 1972/1972/1972 1973/1973/1973
v 0.782812500 0.298750000 0.501562500
v 0.782812500 0.298750000 0.498437500
v 0.783306610 0.300232312 0.500000000
vt 0.01562500 0.98437500
vt 0.48437500 0.98437500
vt 0.48437500 0.51562500
vn 0.94868230 -0.31623077 0.00000000
vn 0.94868230 -0.31623077 0.00000000
vn 0.94868230 -0.31623077 0.00000000
f 1974/1974/1974 1975/1975/1975 1976/1976/1976
g gore_seam_01_2
usemtl parachute
v 0.782812500 0.298750000 0.501562500
v 0.781984375 0.297425000 0.500000000
v 0.906984375 0.219300000 0.500000000
v 0.907812500 0.220625000 0.501562500
vt 0.01562500 0.98437500
vt 0.48437500 0.98437500
vt 0.48437500 0.51562500
vt 0.01562500 0.51562500
vn -0.37476547 -0.59962475 0.70710749
vn -0.37476547 -0.59962475 0.70710749
vn -0.37476547 -0.59962475 0.70710749
vn -0.37476547 -0.59962475 0.70710749
f 1977/1977/1977 1978/1978/1978 1979/1979/1979
f 1977/1977/1977 1979/1979/1979 1980/1980/1980
v 0.781984375 0.297425000 0.500000000
v 0.782812500 0.298750000 0.498437500
v 0.907812500 0.220625000 0.498437500
v 0.906984375 0.219300000 0.500000000
vt 0.01562500 0.98437500
vt 0.48437500 0.98437500
vt 0.48437500 0.51562500
vt 0.01562500 0.51562500
vn -0.37476547 -0.59962475 -0.70710749
vn -0.37476547 -0.59962475 -0.70710749
vn -0.37476547 -0.59962475 -0.70710749
vn -0.37476547 -0.59962475 -0.70710749
f 1981/1981/1981 1982/1982/1982 1983/1983/1983
f 1981/1981/1981 1983/1983/1983 1984/1984/1984
v 0.782812500 0.298750000 0.498437500
v 0.783640625 0.300075000 0.500000000
v 0.908640625 0.221950000 0.500000000
v 0.907812500 0.220625000 0.498437500
vt 0.01562500 0.98437500
vt 0.48437500 0.98437500
vt 0.48437500 0.51562500
vt 0.01562500 0.51562500
vn 0.37476547 0.59962475 -0.70710749
vn 0.37476547 0.59962475 -0.70710749
vn 0.37476547 0.59962475 -0.70710749
vn 0.37476547 0.59962475 -0.70710749
f 1985/1985/1985 1986/1986/1986 1987/1987/1987
f 1985/1985/1985 1987/1987/1987 1988/1988/1988
v 0.783640625 0.300075000 0.500000000
v 0.782812500 0.298750000 0.501562500
v 0.907812500 0.220625000 0.501562500
v 0.908640625 0.221950000 0.500000000
vt 0.01562500 0.98437500
vt 0.48437500 0.98437500
vt 0.48437500 0.51562500
vt 0.01562500 0.51562500
vn 0.37476547 0.59962475 0.70710749
vn 0.37476547 0.59962475 0.70710749
vn 0.37476547 0.59962475 0.70710749
vn 0.37476547 0.59962475 0.70710749
f 1989/1989/1989 1990/1990/1990 1991/1991/1991
f 1989/1989/1989 1991/1991/1991 1992/1992/1992
v 0.782812500 0.298750000 0.498437500
v 0.781984375 0.297425000 0.500000000
v 0.782812500 0.298750000 0.501562500
vt 0.48437500 0.51562500
vt 0.48437500 0.98437500
vt 0.01562500 0.98437500
vn -0.84799830 0.52999894 0.00000000
vn -0.84799830 0.52999894 0.00000000
vn -0.84799830 0.52999894 0.00000000
f 1993/1993/1993 1994/1994/1994 1995/1995/1995
v 0.783640625 0.300075000 0.500000000
v 0.782812500 0.298750000 0.498437500
v 0.782812500 0.298750000 0.501562500
vt 0.48437500 0.51562500
vt 0.48437500 0.98437500
vt 0.01562500 0.98437500
vn -0.84799830 0.52999894 0.00000000
vn -0.84799830 0.52999894 0.00000000
vn -0.84799830 0.52999894 0.00000000
f 1996/1996/1996 1997/1997/1997 1998/1998/1998
v 0.907812500 0.220625000 0.501562500
v 0.906984375 0.219300000 0.500000000
v 0.907812500 0.220625000 0.498437500
vt 0.01562500 0.98437500
vt 0.48437500 0.98437500
vt 0.48437500 0.51562500
vn 0.84799830 -0.52999894 0.00000000
vn 0.84799830 -0.52999894 0.00000000
vn 0.84799830 -0.52999894 0.00000000
f 1999/1999/1999 2000/2000/2000 2001/2001/2001
v 0.907812500 0.220625000 0.501562500
v 0.907812500 0.220625000 0.498437500
v 0.908640625 0.221950000 0.500000000
vt 0.01562500 0.98437500
vt 0.48437500 0.98437500
vt 0.48437500 0.51562500
vn 0.84799830 -0.52999894 0.00000000
vn 0.84799830 -0.52999894 0.00000000
vn 0.84799830 -0.52999894 0.00000000
f 2002/2002/2002 2003/2003/2003 2004/2004/2004
g gore_seam_01_3
usemtl parachute
v 0.907812500 0.220625000 0.501562500
v 0.906612158 0.219624720 0.500000000
v 0.984737158 0.125874720 0.500000000
v 0.985937500 0.126875000 0.501562500
vt 0.01562500 0.98437500
vt 0.48437500 0.98437500
vt 0.48437500 0.51562500
vt 0.01562500 0.51562500
vn -0.54321551 -0.45267959 0.70710544
vn -0.54321551 -0.45267959 0.70710544
vn -0.54321551 -0.45267959 0.70710544
vn -0.54321551 -0.45267959 0.70710544
f 2005/2005/2005 2006/2006/2006 2007/2007/2007
f 2005/2005/2005 2007/2007/2007 2008/2008/2008
v 0.906612158 0.219624720 0.500000000
v 0.907812500 0.220625000 0.498437500
v 0.985937500 0.126875000 0.498437500
v 0.984737158 0.125874720 0.500000000
vt 0.01562500 0.98437500
vt 0.48437500 0.98437500
vt 0.48437500 0.51562500
vt 0.01562500 0.51562500
vn -0.54321551 -0.45267959 -0.70710544
vn -0.54321551 -0.45267959 -0.70710544
vn -0.54321551 -0.45267959 -0.70710544
vn -0.54321551 -0.45267959 -0.70710544
f 2009/2009/2009 2010/2010/2010 2011/2011/2011
f 2009/2009/2009 2011/2011/2011 2012/2012/2012
v 0.907812500 0.220625000 0.498437500
v 0.909012845 0.221625280 0.500000000
v 0.987137845 0.127875280 0.500000000
v 0.985937500 0.126875000 0.498437500
vt 0.01562500 0.98437500
vt 0.48437500 0.98437500
vt 0.48437500 0.51562500
vt 0.01562500 0.51562500
vn 0.54321551 0.45267959 -0.70710544
vn 0.54321551 0.45267959 -0.70710544
vn 0.54321551 0.45267959 -0.70710544
vn 0.54321551 0.45267959 -0.70710544
f 2013/2013/2013 2014/2014/2014 2015/2015/2015
f 2013/2013/2013 2015/2015/2015 2016/2016/2016
v 0.909012845 0.221625280 0.500000000
v 0.907812500 0.220625000 0.501562500
v 0.985937500 0.126875000 0.501562500
v 0.987137845 0.127875280 0.500000000
vt 0.01562500 0.98437500
vt 0.48437500 0.98437500
vt 0.48437500 0.51562500
vt 0.01562500 0.51562500
vn 0.54321551 0.45267959 0.70710544
vn 0.54321551 0.45267959 0.70710544
vn 0.54321551 0.45267959 0.70710544
vn 0.54321551 0.45267959 0.70710544
f 2017/2017/2017 2018/2018/2018 2019/2019/2019
f 2017/2017/2017 2019/2019/2019 2020/2020/2020
v 0.907812500 0.220625000 0.498437500
v 0.906612158 0.219624720 0.500000000
v 0.907812500 0.220625000 0.501562500
vt 0.48437500 0.51562500
vt 0.48437500 0.98437500
vt 0.01562500 0.98437500
vn -0.64018243 0.76822292 0.00000000
vn -0.64018243 0.76822292 0.00000000
vn -0.64018243 0.76822292 0.00000000
f 2021/2021/2021 2022/2022/2022 2023/2023/2023
v 0.909012845 0.221625280 0.500000000
v 0.907812500 0.220625000 0.498437500
v 0.907812500 0.220625000 0.501562500
vt 0.48437500 0.51562500
vt 0.48437500 0.98437500
vt 0.01562500 0.98437500
vn -0.64018243 0.76822292 0.00000000
vn -0.64018243 0.76822292 0.00000000
vn -0.64018243 0.76822292 0.00000000
f 2024/2024/2024 2025/2025/2025 2026/2026/2026
v 0.985937500 0.126875000 0.501562500
v 0.984737158 0.125874720 0.500000000
v 0.985937500 0.126875000 0.498437500
vt 0.01562500 0.98437500
vt 0.48437500 0.98437500
vt 0.48437500 0.51562500
vn 0.64018243 -0.76822292 0.00000000
vn 0.64018243 -0.76822292 0.00000000
vn 0.64018243 -0.76822292 0.00000000
f 2027/2027/2027 2028/2028/2028 2029/2029/2029
v 0.985937500 0.126875000 0.501562500
v 0.985937500 0.126875000 0.498437500
v 0.987137845 0.127875280 0.500000000
vt 0.01562500 0.98437500
vt 0.48437500 0.98437500
vt 0.48437500 0.51562500
vn 0.64018243 -0.76822292 0.00000000
vn 0.64018243 -0.76822292 0.00000000
vn 0.64018243 -0.76822292 0.00000000
f 2030/2030/2030 2031/2031/2031 2032/2032/2032
g gore_seam_01_4
usemtl parachute
v 0.985937500 0.126875000 0.501562500
v 0.984405343 0.126568562 0.500000000
v 1.000030343 0.048443563 0.500000000
v 1.001562500 0.048750000 0.501562500
vt 0.01562500 0.98437500
vt 0.48437500 0.98437500
vt 0.48437500 0.51562500
vt 0.01562500 0.51562500
vn -0.69337521 -0.13867504 0.70710681
vn -0.69337521 -0.13867504 0.70710681
vn -0.69337521 -0.13867504 0.70710681
vn -0.69337521 -0.13867504 0.70710681
f 2033/2033/2033 2034/2034/2034 2035/2035/2035
f 2033/2033/2033 2035/2035/2035 2036/2036/2036
v 0.984405343 0.126568562 0.500000000
v 0.985937500 0.126875000 0.498437500
v 1.001562500 0.048750000 0.498437500
v 1.000030343 0.048443563 0.500000000
vt 0.01562500 0.98437500
vt 0.48437500 0.98437500
vt 0.48437500 0.51562500
vt 0.01562500 0.51562500
vn -0.69337521 -0.13867504 -0.70710681
vn -0.69337521 -0.13867504 -0.70710681
vn -0.69337521 -0.13867504 -0.70710681
vn -0.69337521 -0.13867504 -0.70710681
f 2037/2037/2037 2038/2038/2038 2039/2039/2039
f 2037/2037/2037 2039/2039/2039 2040/2040/2040
v 0.985937500 0.126875000 0.498437500
v 0.987469657 0.127181437 0.500000000
v 1.003094658 0.049056437 0.500000000
v 1.001562500 0.048750000 0.498437500
vt 0.01562500 0.98437500
vt 0.48437500 0.98437500
vt 0.48437500 0.51562500
vt 0.01562500 0.51562500
vn 0.69337521 0.13867504 -0.70710681
vn 0.69337521 0.13867504 -0.70710681
vn 0.69337521 0.13867504 -0.70710681
vn 0.69337521 0.13867504 -0.70710681
f 2041/2041/2041 2042/2042/2042 2043/2043/2043
f 2041/2041/2041 2043/2043/2043 2044/2044/2044
v 0.987469657 0.127181437 0.500000000
v 0.985937500 0.126875000 0.501562500
v 1.001562500 0.048750000 0.501562500
v 1.003094658 0.049056437 0.500000000
vt 0.01562500 0.98437500
vt 0.48437500 0.98437500
vt 0.48437500 0.51562500
vt 0.01562500 0.51562500
vn 0.69337521 0.13867504 0.70710681
vn 0.69337521 0.13867504 0.70710681
vn 0.69337521 0.13867504 0.70710681
vn 0.69337521 0.13867504 0.70710681
f 2045/2045/2045 2046/2046/2046 2047/2047/2047
f 2045/2045/2045 2047/2047/2047 2048/2048/2048
v 0.985937500 0.126875000 0.498437500
v 0.984405343 0.126568562 0.500000000
v 0.985937500 0.126875000 0.501562500
vt 0.48437500 0.51562500
vt 0.48437500 0.98437500
vt 0.01562500 0.98437500
vn -0.19611998 0.98057991 0.00000000
vn -0.19611998 0.98057991 0.00000000
vn -0.19611998 0.98057991 0.00000000
f 2049/2049/2049 2050/2050/2050 2051/2051/2051
v 0.987469657 0.127181437 0.500000000
v 0.985937500 0.126875000 0.498437500
v 0.985937500 0.126875000 0.501562500
vt 0.48437500 0.51562500
vt 0.48437500 0.98437500
vt 0.01562500 0.98437500
vn -0.19611998 0.98057991 0.00000000
vn -0.19611998 0.98057991 0.00000000
vn -0.19611998 0.98057991 0.00000000
f 2052/2052/2052 2053/2053/2053 2054/2054/2054
v 1.001562500 0.048750000 0.501562500
v 1.000030343 0.048443563 0.500000000
v 1.001562500 0.048750000 0.498437500
vt 0.01562500 0.98437500
vt 0.48437500 0.98437500
vt 0.48437500 0.51562500
vn 0.19611998 -0.98057991 0.00000000
vn 0.19611998 -0.98057991 0.00000000
vn 0.19611998 -0.98057991 0.00000000
f 2055/2055/2055 2056/2056/2056 2057/2057/2057
v 1.001562500 0.048750000 0.501562500
v 1.001562500 0.048750000 0.498437500
v 1.003094658 0.049056437 0.500000000
vt 0.01562500 0.98437500
vt 0.48437500 0.98437500
vt 0.48437500 0.51562500
vn 0.19611998 -0.98057991 0.00000000
vn 0.19611998 -0.98057991 0.00000000
vn 0.19611998 -0.98057991 0.00000000
f 2058/2058/2058 2059/2059/2059 2060/2060/2060
g gore_seam_01_5
usemtl parachute
v 1.001562500 0.048750000 0.498437500
v 1.002862577 0.047883280 0.500000000
v 0.971612577 0.001008280 0.500000000
v 0.970312500 0.001875000 0.498437500
vt 0.01562500 0.98437500
vt 0.48437500 0.98437500
vt 0.48437500 0.51562500
vt 0.01562500 0.51562500
vn 0.58834851 -0.39223234 -0.70710666
vn 0.58834851 -0.39223234 -0.70710666
vn 0.58834851 -0.39223234 -0.70710666
vn 0.58834851 -0.39223234 -0.70710666
f 2061/2061/2061 2062/2062/2062 2063/2063/2063
f 2061/2061/2061 2063/2063/2063 2064/2064/2064
v 1.002862577 0.047883280 0.500000000
v 1.001562500 0.048750000 0.501562500
v 0.970312500 0.001875000 0.501562500
v 0.971612577 0.001008280 0.500000000
vt 0.01562500 0.98437500
vt 0.48437500 0.98437500
vt 0.48437500 0.51562500
vt 0.01562500 0.51562500
vn 0.58834851 -0.39223234 0.70710666
vn 0.58834851 -0.39223234 0.70710666
vn 0.58834851 -0.39223234 0.70710666
vn 0.58834851 -0.39223234 0.70710666
f 2065/2065/2065 2066/2066/2066 2067/2067/2067
f 2065/2065/2065 2067/2067/2067 2068/2068/2068
v 1.001562500 0.048750000 0.501562500
v 1.000262423 0.049616717 0.500000000
v 0.969012423 0.002741717 0.500000000
v 0.970312500 0.001875000 0.501562500
vt 0.01562500 0.98437500
vt 0.48437500 0.98437500
vt 0.48437500 0.51562500
vt 0.01562500 0.51562500
vn -0.58834851 0.39223234 0.70710666
vn -0.58834851 0.39223234 0.70710666
vn -0.58834851 0.39223234 0.70710666
vn -0.58834851 0.39223234 0.70710666
f 2069/2069/2069 2070/2070/2070 2071/2071/2071
f 2069/2069/2069 2071/2071/2071 2072/2072/2072
v 1.000262423 0.049616717 0.500000000
v 1.001562500 0.048750000 0.498437500
v 0.970312500 0.001875000 0.498437500
v 0.969012423 0.002741717 0.500000000
vt 0.01562500 0.98437500
vt 0.48437500 0.98437500
vt 0.48437500 0.51562500
vt 0.01562500 0.51562500
vn -0.58834851 0.39223234 -0.70710666
vn -0.58834851 0.39223234 -0.70710666
vn -0.58834851 0.39223234 -0.70710666
vn -0.58834851 0.39223234 -0.70710666
f 2073/2073/2073 2074/2074/2074 2075/2075/2075
f 2073/2073/2073 2075/2075/2075 2076/2076/2076
v 1.001562500 0.048750000 0.501562500
v 1.002862577 0.047883280 0.500000000
v 1.001562500 0.048750000 0.498437500
vt 0.48437500 0.51562500
vt 0.48437500 0.98437500
vt 0.01562500 0.98437500
vn 0.55470020 0.83205029 0.00000000
vn 0.55470020 0.83205029 0.00000000
vn 0.55470020 0.83205029 0.00000000
f 2077/2077/2077 2078/2078/2078 2079/2079/2079
v 1.000262423 0.049616717 0.500000000
v 1.001562500 0.048750000 0.501562500
v 1.001562500 0.048750000 0.498437500
vt 0.48437500 0.51562500
vt 0.48437500 0.98437500
vt 0.01562500 0.98437500
vn 0.55470020 0.83205029 0.00000000
vn 0.55470020 0.83205029 0.00000000
vn 0.55470020 0.83205029 0.00000000
f 2080/2080/2080 2081/2081/2081 2082/2082/2082
v 0.970312500 0.001875000 0.498437500
v 0.971612577 0.001008280 0.500000000
v 0.970312500 0.001875000 0.501562500
vt 0.01562500 0.98437500
vt 0.48437500 0.98437500
vt 0.48437500 0.51562500
vn -0.55470020 -0.83205029 0.00000000
vn -0.55470020 -0.83205029 0.00000000
vn -0.55470020 -0.83205029 0.00000000
f 2083/2083/2083 2084/2084/2084 2085/2085/2085
v 0.970312500 0.001875000 0.498437500
v 0.970312500 0.001875000 0.501562500
v 0.969012423 0.002741717 0.500000000
vt 0.01562500 0.98437500
vt 0.48437500 0.98437500
vt 0.48437500 0.51562500
vn -0.55470020 -0.83205029 0.00000000
vn -0.55470020 -0.83205029 0.00000000
vn -0.55470020 -0.83205029 0.00000000
f 2086/2086/2086 2087/2087/2087 2088/2088/2088
g gore_seam_02_0
usemtl parachute
v 0.530341530 0.361250000 0.519321922
v 0.530925905 0.359704125 0.517855078
v 0.622941110 0.344079125 0.570980078
v 0.622356735 0.345625000 0.572446922
vt 0.01562500 0.98437500
vt 0.48437500 0.98437500
vt 0.48437500 0.51562500
vt 0.01562500 0.51562500
vn -0.44264908 -0.69958469 0.56093052
vn -0.44264908 -0.69958469 0.56093052
vn -0.44264908 -0.69958469 0.56093052
vn -0.44264908 -0.69958469 0.56093052
f 2089/2089/2089 2090/2090/2090 2091/2091/2091
f 2089/2089/2089 2091/2091/2091 2092/2092/2092
v 0.530925905 0.359704125 0.517855078
v 0.531904030 0.361250000 0.516615577
v 0.623919235 0.345625000 0.569740577
v 0.622941110 0.344079125 0.570980078
vt 0.01562500 0.98437500
vt 0.48437500 0.98437500
vt 0.48437500 0.51562500
vt 0.01562500 0.51562500
vn 0.26445686 -0.69958258 -0.66381231
vn 0.26445686 -0.69958258 -0.66381231
vn 0.26445686 -0.69958258 -0.66381231
vn 0.26445686 -0.69958258 -0.66381231
f 2093/2093/2093 2094/2094/2094 2095/2095/2095
f 2093/2093/2093 2095/2095/2095 2096/2096/2096
v 0.531904030 0.361250000 0.516615577
v 0.531319673 0.362795875 0.518082423
v 0.623334860 0.347170875 0.571207423
v 0.623919235 0.345625000 0.569740577
vt 0.01562500 0.98437500
vt 0.48437500 0.98437500
vt 0.48437500 0.51562500
vt 0.01562500 0.51562500
vn 0.44264996 0.69958249 -0.56093257
vn 0.44264996 0.69958249 -0.56093257
vn 0.44264996 0.69958249 -0.56093257
vn 0.44264996 0.69958249 -0.56093257
f 2097/2097/2097 2098/2098/2098 2099/2099/2099
f 2097/2097/2097 2099/2099/2099 2100/2100/2100
v 0.531319673 0.362795875 0.518082423
v 0.530341530 0.361250000 0.519321922
v 0.622356735 0.345625000 0.572446922
v 0.623334860 0.347170875 0.571207423
vt 0.01562500 0.98437500
vt 0.48437500 0.98437500
vt 0.48437500 0.51562500
vt 0.01562500 0.51562500
vn -0.26445603 0.69958389 0.66381126
vn -0.26445603 0.69958389 0.66381126
vn -0.26445603 0.69958389 0.66381126
vn -0.26445603 0.69958389 0.66381126
f 2101/2101/2101 2102/2102/2102 2103/2103/2103
f 2101/2101/2101 2103/2103/2103 2104/2104/2104
v 0.531904030 0.361250000 0.516615577
v 0.530925905 0.359704125 0.517855078
v 0.530341530 0.361250000 0.519321922
vt 0.48437500 0.51562500
vt 0.48437500 0.98437500
vt 0.01562500 0.98437500
vn -0.85681127 0.14549407 -0.49467759
vn -0.85681127 0.14549407 -0.49467759
vn -0.85681127 0.14549407 -0.49467759
f 2105/2105/2105 2106/2106/2106 2107/2107/2107
v 0.531319673 0.362795875 0.518082423
v 0.531904030 0.361250000 0.516615577
v 0.530341530 0.361250000 0.519321922
vt 0.48437500 0.51562500
vt 0.48437500 0.98437500
vt 0.01562500 0.98437500
vn -0.85681019 0.14550255 -0.49467697
vn -0.85681019 0.14550255 -0.49467697
vn -0.85681019 0.14550255 -0.49467697
f 2108/2108/2108 2109/2109/2109 2110/2110/2110
v 0.622356735 0.345625000 0.572446922
v 0.622941110 0.344079125 0.570980078
v 0.623919235 0.345625000 0.569740577
vt 0.01562500 0.98437500
vt 0.48437500 0.98437500
vt 0.48437500 0.51562500
vn 0.85681127 -0.14549407 0.49467759
vn 0.85681127 -0.14549407 0.49467759
vn 0.85681127 -0.14549407 0.49467759
f 2111/2111/2111 2112/2112/2112 2113/2113/2113
v 0.622356735 0.345625000 0.572446922
v 0.623919235 0.345625000 0.569740577
v 0.623334860 0.347170875 0.571207423
vt 0.01562500 0.98437500
vt 0.48437500 0.98437500
vt 0.48437500 0.51562500
vn 0.85681127 -0.14549407 0.49467759
vn 0.85681127 -0.14549407 0.49467759
vn 0.85681127 -0.14549407 0.49467759
f 2114/2114/2114 2115/2115/2115 2116/2116/2116
g gore_seam_02_1
usemtl parachute
v 0.622356735 0.345625000 0.572446922
v 0.622710077 0.344142687 0.570846703
v 0.744494905 0.297267687 0.641159203
v 0.744141562 0.298750000 0.642759422
vt 0.01562500 0.98437500
vt 0.48437500 0.98437500
vt 0.48437500 0.51562500
vt 0.01562500 0.51562500
vn -0.54720217 -0.67082195 0.50056737
vn -0.54720217 -0.67082195 0.50056737
vn -0.54720217 -0.67082195 0.50056737
vn -0.54720217 -0.67082195 0.50056737
f 2117/2117/2117 2118/2118/2118 2119/2119/2119
f 2117/2117/2117 2119/2119/2119 2120/2120/2120
v 0.622710077 0.344142687 0.570846703
v 0.623919235 0.345625000 0.569740577
v 0.745704062 0.298750000 0.640053077
v 0.744494905 0.297267687 0.641159203
vt 0.01562500 0.98437500
vt 0.48437500 0.98437500
vt 0.48437500 0.51562500
vt 0.01562500 0.51562500
vn 0.15990107 -0.67082426 -0.72417295
vn 0.15990107 -0.67082426 -0.72417295
vn 0.15990107 -0.67082426 -0.72417295
vn 0.15990107 -0.67082426 -0.72417295
f 2121/2121/2121 2122/2122/2122 2123/2123/2123
f 2121/2121/2121 2123/2123/2123 2124/2124/2124
v 0.623919235 0.345625000 0.569740577
v 0.623565890 0.347107312 0.571340797
v 0.745350718 0.300232312 0.641653297
v 0.745704062 0.298750000 0.640053077
vt 0.01562500 0.98437500
vt 0.48437500 0.98437500
vt 0.48437500 0.51562500
vt 0.01562500 0.51562500
vn 0.54720217 0.67082195 -0.50056737
vn 0.54720217 0.67082195 -0.50056737
vn 0.54720217 0.67082195 -0.50056737
vn 0.54720217 0.67082195 -0.50056737
f 2125/2125/2125 2126/2126/2126 2127/2127/2127
f 2125/2125/2125 2127/2127/2127 2128/2128/2128
v 0.623565890 0.347107312 0.571340797
v 0.622356735 0.345625000 0.572446922
v 0.744141562 0.298750000 0.642759422
v 0.745350718 0.300232312 0.641653297
vt 0.01562500 0.98437500
vt 0.48437500 0.98437500
vt 0.48437500 0.51562500
vt 0.01562500 0.51562500
vn -0.15990107 0.67082426 0.72417295
vn -0.15990107 0.67082426 0.72417295
vn -0.15990107 0.67082426 0.72417295
vn -0.15990107 0.67082426 0.72417295
f 2129/2129/2129 2130/2130/2130 2131/2131/2131
f 2129/2129/2129 2131/2131/2131 2132/2132/2132
v 0.623919235 0.345625000 0.569740577
v 0.622710077 0.344142687 0.570846703
v 0.622356735 0.345625000 0.572446922
vt 0.48437500 0.51562500
vt 0.48437500 0.98437500
vt 0.01562500 0.98437500
vn -0.82158543 0.31622601 -0.47434005
vn -0.82158543 0.31622601 -0.47434005
vn -0.82158543 0.31622601 -0.47434005
f 2133/2133/2133 2134/2134/2134 2135/2135/2135
v 0.623565890 0.347107312 0.571340797
v 0.623919235 0.345625000 0.569740577
v 0.622356735 0.345625000 0.572446922
vt 0.48437500 0.51562500
vt 0.48437500 0.98437500
vt 0.01562500 0.98437500
vn -0.82158543 0.31622601 -0.47434005
vn -0.82158543 0.31622601 -0.47434005
vn -0.82158543 0.31622601 -0.47434005
f 2136/2136/2136 2137/2137/2137 2138/2138/2138
v 0.744141562 0.298750000 0.642759422
v 0.744494905 0.297267687 0.641159203
v 0.745704062 0.298750000 0.640053077
vt 0.01562500 0.98437500
vt 0.48437500 0.98437500
vt 0.48437500 0.51562500
vn 0.82158543 -0.31622601 0.47434005
vn 0.82158543 -0.31622601 0.47434005
vn 0.82158543 -0.31622601 0.47434005
f 2139/2139/2139 2140/2140/2140 2141/2141/2141
v 0.744141562 0.298750000 0.642759422
v 0.745704062 0.298750000 0.640053077
v 0.745350718 0.300232312 0.641653297
vt 0.01562500 0.98437500
vt 0.48437500 0.98437500
vt 0.48437500 0.51562500
vn 0.82158543 -0.31622601 0.47434005
vn 0.82158543 -0.31622601 0.47434005
vn 0.82158543 -0.31622601 0.47434005
f 2142/2142/2142 2143/2143/2143 2144/2144/2144
g gore_seam_02_2
usemtl parachute
v 0.744141562 0.298750000 0.642759422
v 0.744205640 0.297425000 0.640992187
v 0.852458812 0.219300000 0.703492187
v 0.852394735 0.220625000 0.705259422
vt 0.01562500 0.98437500
vt 0.48437500 0.98437500
vt 0.48437500 0.51562500
vt 0.01562500 0.51562500
vn -0.67811009 -0.59962657 0.42498787
vn -0.67811009 -0.59962657 0.42498787
vn -0.67811009 -0.59962657 0.42498787
vn -0.67811009 -0.59962657 0.42498787
f 2145/2145/2145 2146/2146/2146 2147/2147/2147
f 2145/2145/2145 2147/2147/2147 2148/2148/2148
v 0.744205640 0.297425000 0.640992187
v 0.745704062 0.298750000 0.640053077
v 0.853957235 0.220625000 0.702553077
v 0.852458812 0.219300000 0.703492187
vt 0.01562500 0.98437500
vt 0.48437500 0.98437500
vt 0.48437500 0.51562500
vt 0.01562500 0.51562500
vn 0.02899561 -0.59962627 -0.79975471
vn 0.02899561 -0.59962627 -0.79975471
vn 0.02899561 -0.59962627 -0.79975471
vn 0.02899561 -0.59962627 -0.79975471
f 2149/2149/2149 2150/2150/2150 2151/2151/2151
f 2149/2149/2149 2151/2151/2151 2152/2152/2152
v 0.745704062 0.298750000 0.640053077
v 0.745639985 0.300075000 0.641820312
v 0.853893157 0.221950000 0.704320312
v 0.853957235 0.220625000 0.702553077
vt 0.01562500 0.98437500
vt 0.48437500 0.98437500
vt 0.48437500 0.51562500
vt 0.01562500 0.51562500
vn 0.67811009 0.59962657 -0.42498787
vn 0.67811009 0.59962657 -0.42498787
vn 0.67811009 0.59962657 -0.42498787
vn 0.67811009 0.59962657 -0.42498787
f 2153/2153/2153 2154/2154/2154 2155/2155/2155
f 2153/2153/2153 2155/2155/2155 2156/2156/2156
v 0.745639985 0.300075000 0.641820312
v 0.744141562 0.298750000 0.642759422
v 0.852394735 0.220625000 0.705259422
v 0.853893157 0.221950000 0.704320312
vt 0.01562500 0.98437500
vt 0.48437500 0.98437500
vt 0.48437500 0.51562500
vt 0.01562500 0.51562500
vn -0.02899561 0.59962627 0.79975471
vn -0.02899561 0.59962627 0.79975471
vn -0.02899561 0.59962627 0.79975471
vn -0.02899561 0.59962627 0.79975471
f 2157/2157/2157 2158/2158/2158 2159/2159/2159
f 2157/2157/2157 2159/2159/2159 2160/2160/2160
v 0.745704062 0.298750000 0.640053077
v 0.744205640 0.297425000 0.640992187
v 0.744141562 0.298750000 0.642759422
vt 0.48437500 0.51562500
vt 0.48437500 0.98437500
vt 0.01562500 0.98437500
vn -0.73439022 0.52999678 -0.42399814
vn -0.73439022 0.52999678 -0.42399814
vn -0.73439022 0.52999678 -0.42399814
f 2161/2161/2161 2162/2162/2162 2163/2163/2163
v 0.745639985 0.300075000 0.641820312
v 0.745704062 0.298750000 0.640053077
v 0.744141562 0.298750000 0.642759422
vt 0.48437500 0.51562500
vt 0.48437500 0.98437500
vt 0.01562500 0.98437500
vn -0.73439022 0.52999678 -0.42399814
vn -0.73439022 0.52999678 -0.42399814
vn -0.73439022 0.52999678 -0.42399814
f 2164/2164/2164 2165/2165/2165 2166/2166/2166
v 0.852394735 0.220625000 0.705259422
v 0.852458812 0.219300000 0.703492187
v 0.853957235 0.220625000 0.702553077
vt 0.01562500 0.98437500
vt 0.48437500 0.98437500
vt 0.48437500 0.51562500
vn 0.73439022 -0.52999678 0.42399814
vn 0.73439022 -0.52999678 0.42399814
vn 0.73439022 -0.52999678 0.42399814
f 2167/2167/2167 2168/2168/2168 2169/2169/2169
v 0.852394735 0.220625000 0.705259422
v 0.853957235 0.220625000 0.702553077
v 0.853893157 0.221950000 0.704320312
vt 0.01562500 0.98437500
vt 0.48437500 0.98437500
vt 0.48437500 0.51562500
vn 0.73439022 -0.52999678 0.42399814
vn 0.73439022 -0.52999678 0.42399814
vn 0.73439022 -0.52999678 0.42399814
f 2170/2170/2170 2171/2171/2171 2172/2172/2172
g gore_seam_02_3
usemtl parachute
v 0.852394735 0.220625000 0.705259422
v 0.852136452 0.219624720 0.703306077
v 0.919794688 0.125874720 0.742368577
v 0.920052967 0.126875000 0.744321922
vt 0.01562500 0.98437500
vt 0.48437500 0.98437500
vt 0.48437500 0.51562500
vt 0.01562500 0.51562500
vn -0.82399115 -0.45267957 0.34076355
vn -0.82399115 -0.45267957 0.34076355
vn -0.82399115 -0.45267957 0.34076355
vn -0.82399115 -0.45267957 0.34076355
f 2173/2173/2173 2174/2174/2174 2175/2175/2175
f 2173/2173/2173 2175/2175/2175 2176/2176/2176
v 0.852136452 0.219624720 0.703306077
v 0.853957235 0.220625000 0.702553077
v 0.921615468 0.126875000 0.741615577
v 0.919794688 0.125874720 0.742368577
vt 0.01562500 0.98437500
vt 0.48437500 0.98437500
vt 0.48437500 0.51562500
vt 0.01562500 0.51562500
vn -0.11688794 -0.45268082 -0.88397810
vn -0.11688794 -0.45268082 -0.88397810
vn -0.11688794 -0.45268082 -0.88397810
vn -0.11688794 -0.45268082 -0.88397810
f 2177/2177/2177 2178/2178/2178 2179/2179/2179
f 2177/2177/2177 2179/2179/2179 2180/2180/2180
v 0.853957235 0.220625000 0.702553077
v 0.854215515 0.221625280 0.704506422
v 0.921873750 0.127875280 0.743568922
v 0.921615468 0.126875000 0.741615577
vt 0.01562500 0.98437500
vt 0.48437500 0.98437500
vt 0.48437500 0.51562500
vt 0.01562500 0.51562500
vn 0.82399115 0.45267957 -0.34076355
vn 0.82399115 0.45267957 -0.34076355
vn 0.82399115 0.45267957 -0.34076355
vn 0.82399115 0.45267957 -0.34076355
f 2181/2181/2181 2182/2182/2182 2183/2183/2183
f 2181/2181/2181 2183/2183/2183 2184/2184/2184
v 0.854215515 0.221625280 0.704506422
v 0.852394735 0.220625000 0.705259422
v 0.920052967 0.126875000 0.744321922
v 0.921873750 0.127875280 0.743568922
vt 0.01562500 0.98437500
vt 0.48437500 0.98437500
vt 0.48437500 0.51562500
vt 0.01562500 0.51562500
vn 0.11688794 0.45268082 0.88397810
vn 0.11688794 0.45268082 0.88397810
vn 0.11688794 0.45268082 0.88397810
vn 0.11688794 0.45268082 0.88397810
f 2185/2185/2185 2186/2186/2186 2187/2187/2187
f 2185/2185/2185 2187/2187/2187 2188/2188/2188
v 0.853957235 0.220625000 0.702553077
v 0.852136452 0.219624720 0.703306077
v 0.852394735 0.220625000 0.705259422
vt 0.48437500 0.51562500
vt 0.48437500 0.98437500
vt 0.01562500 0.98437500
vn -0.55441426 0.76822362 -0.32008952
vn -0.55441426 0.76822362 -0.32008952
vn -0.55441426 0.76822362 -0.32008952
f 2189/2189/2189 2190/2190/2190 2191/2191/2191
v 0.854215515 0.221625280 0.704506422
v 0.853957235 0.220625000 0.702553077
v 0.852394735 0.220625000 0.705259422
vt 0.48437500 0.51562500
vt 0.48437500 0.98437500
vt 0.01562500 0.98437500
vn -0.55441426 0.76822362 -0.32008952
vn -0.55441426 0.76822362 -0.32008952
vn -0.55441426 0.76822362 -0.32008952
f 2192/2192/2192 2193/2193/2193 2194/2194/2194
v 0.920052967 0.126875000 0.744321922
v 0.919794688 0.125874720 0.742368577
v 0.921615468 0.126875000 0.741615577
vt 0.01562500 0.98437500
vt 0.48437500 0.98437500
vt 0.48437500 0.51562500
vn 0.55441426 -0.76822362 0.32008952
vn 0.55441426 -0.76822362 0.32008952
vn 0.55441426 -0.76822362 0.32008952
f 2195/2195/2195 2196/2196/2196 2197/2197/2197
v 0.920052967 0.126875000 0.744321922
v 0.921615468 0.126875000 0.741615577
v 0.921873750 0.127875280 0.743568922
vt 0.01562500 0.98437500
vt 0.48437500 0.98437500
vt 0.48437500 0.51562500
vn 0.55441426 -0.76822362 0.32008952
vn 0.55441426 -0.76822362 0.32008952
vn 0.55441426 -0.76822362 0.32008952
f 2198/2198/2198 2199/2199/2199 2200/2200/2200
g gore_seam_02_4
usemtl parachute
v 0.920834220 0.127030468 0.744523500
v 0.919294422 0.126610937 0.742995158
v 0.932826062 0.048485937 0.750807658
v 0.934365860 0.048905470 0.752336000
vt 0.01562500 0.98437500
vt 0.48437500 0.98437500
vt 0.48437500 0.51562500
vt 0.01562500 0.51562500
vn -0.69683498 -0.04914069 0.71554608
vn -0.69683498 -0.04914069 0.71554608
vn -0.69683498 -0.04914069 0.71554608
vn -0.69683498 -0.04914069 0.71554608
f 2201/2201/2201 2202/2202/2202 2203/2203/2203
f 2201/2201/2201 2203/2203/2203 2204/2204/2204
v 0.919294422 0.126610937 0.742995158
v 0.920834220 0.126719532 0.741414000
v 0.934365860 0.048594533 0.749226500
v 0.932826062 0.048485937 0.750807658
vt 0.01562500 0.98437500
vt 0.48437500 0.98437500
vt 0.48437500 0.51562500
vt 0.01562500 0.51562500
vn -0.69683451 -0.18985987 -0.69164651
vn -0.69683451 -0.18985987 -0.69164651
vn -0.69683451 -0.18985987 -0.69164651
vn -0.69683451 -0.18985987 -0.69164651
f 2205/2205/2205 2206/2206/2206 2207/2207/2207
f 2205/2205/2205 2207/2207/2207 2208/2208/2208
v 0.920834220 0.126719532 0.741414000
v 0.922374015 0.127139062 0.742942345
v 0.935905673 0.049014062 0.750754845
v 0.934365860 0.048594533 0.749226500
vt 0.01562500 0.98437500
vt 0.48437500 0.98437500
vt 0.48437500 0.51562500
vt 0.01562500 0.51562500
vn 0.69683496 0.04914083 -0.71554610
vn 0.69683496 0.04914083 -0.71554610
vn 0.69683496 0.04914083 -0.71554610
vn 0.69683496 0.04914083 -0.71554610
f 2209/2209/2209 2210/2210/2210 2211/2211/2211
f 2209/2209/2209 2211/2211/2211 2212/2212/2212
v 0.922374015 0.127139062 0.742942345
v 0.920834220 0.127030468 0.744523500
v 0.934365860 0.048905470 0.752336000
v 0.935905673 0.049014062 0.750754845
vt 0.01562500 0.98437500
vt 0.48437500 0.98437500
vt 0.48437500 0.51562500
vt 0.01562500 0.51562500
vn 0.69683451 0.18985987 0.69164651
vn 0.69683451 0.18985987 0.69164651
vn 0.69683451 0.18985987 0.69164651
vn 0.69683451 0.18985987 0.69164651
f 2213/2213/2213 2214/2214/2214 2215/2215/2215
f 2213/2213/2213 2215/2215/2215 2216/2216/2216
v 0.920834220 0.126719532 0.741414000
v 0.919294422 0.126610937 0.742995158
v 0.920834220 0.127030468 0.744523500
vt 0.48437500 0.51562500
vt 0.48437500 0.98437500
vt 0.01562500 0.98437500
vn -0.16984309 0.98058080 -0.09805414
vn -0.16984309 0.98058080 -0.09805414
vn -0.16984309 0.98058080 -0.09805414
f 2217/2217/2217 2218/2218/2218 2219/2219/2219
v 0.922374015 0.127139062 0.742942345
v 0.920834220 0.126719532 0.741414000
v 0.920834220 0.127030468 0.744523500
vt 0.48437500 0.51562500
vt 0.48437500 0.98437500
vt 0.01562500 0.98437500
vn -0.16984309 0.98058080 -0.09805414
vn -0.16984309 0.98058080 -0.09805414
vn -0.16984309 0.98058080 -0.09805414
f 2220/2220/2220 2221/2221/2221 2222/2222/2222
v 0.934365860 0.048905470 0.752336000
v 0.932826062 0.048485937 0.750807658
v 0.934365860 0.048594533 0.749226500
vt 0.01562500 0.98437500
vt 0.48437500 0.98437500
vt 0.48437500 0.51562500
vn 0.16984309 -0.98058080 0.09805414
vn 0.16984309 -0.98058080 0.09805414
vn 0.16984309 -0.98058080 0.09805414
f 2223/2223/2223 2224/2224/2224 2225/2225/2225
v 0.934365860 0.048905470 0.752336000
v 0.934365860 0.048594533 0.749226500
v 0.935905673 0.049014062 0.750754845
vt 0.01562500 0.98437500
vt 0.48437500 0.98437500
vt 0.48437500 0.51562500
vn 0.16984142 -0.98058109 0.09805417
vn 0.16984142 -0.98058109 0.09805417
vn 0.16984142 -0.98058109 0.09805417
f 2226/2226/2226 2227/2227/2227 2228/2228/2228
g gore_seam_02_5
usemtl parachute
v 0.935147110 0.048750000 0.749428077
v 0.935491765 0.047883280 0.751431297
v 0.908428470 0.001008280 0.735806298
v 0.908083828 0.001875000 0.733803077
vt 0.01562500 0.98437500
vt 0.48437500 0.98437500
vt 0.48437500 0.51562500
vt 0.01562500 0.51562500
vn 0.86307806 -0.39223237 -0.31819810
vn 0.86307806 -0.39223237 -0.31819810
vn 0.86307806 -0.39223237 -0.31819810
vn 0.86307806 -0.39223237 -0.31819810
f 2229/2229/2229 2230/2230/2230 2231/2231/2231
f 2229/2229/2229 2231/2231/2231 2232/2232/2232
v 0.935491765 0.047883280 0.751431297
v 0.933584610 0.048750000 0.752134422
v 0.906521327 0.001875000 0.736509422
v 0.908428470 0.001008280 0.735806298
vt 0.01562500 0.98437500
vt 0.48437500 0.98437500
vt 0.48437500 0.51562500
vt 0.01562500 0.51562500
vn 0.15597088 -0.39223205 0.90654680
vn 0.15597088 -0.39223205 0.90654680
vn 0.15597088 -0.39223205 0.90654680
vn 0.15597088 -0.39223205 0.90654680
f 2233/2233/2233 2234/2234/2234 2235/2235/2235
f 2233/2233/2233 2235/2235/2235 2236/2236/2236
v 0.933584610 0.048750000 0.752134422
v 0.933239970 0.049616717 0.750131202
v 0.906176673 0.002741717 0.734506202
v 0.906521327 0.001875000 0.736509422
vt 0.01562500 0.98437500
vt 0.48437500 0.98437500
vt 0.48437500 0.51562500
vt 0.01562500 0.51562500
vn -0.86307901 0.39223477 0.31819257
vn -0.86307901 0.39223477 0.31819257
vn -0.86307901 0.39223477 0.31819257
vn -0.86307901 0.39223477 0.31819257
f 2237/2237/2237 2238/2238/2238 2239/2239/2239
f 2237/2237/2237 2239/2239/2239 2240/2240/2240
v 0.933239970 0.049616717 0.750131202
v 0.935147110 0.048750000 0.749428077
v 0.908083828 0.001875000 0.733803077
v 0.906176673 0.002741717 0.734506202
vt 0.01562500 0.98437500
vt 0.48437500 0.98437500
vt 0.48437500 0.51562500
vt 0.01562500 0.51562500
vn -0.15597183 0.39223249 -0.90654645
vn -0.15597183 0.39223249 -0.90654645
vn -0.15597183 0.39223249 -0.90654645
vn -0.15597183 0.39223249 -0.90654645
f 2241/2241/2241 2242/2242/2242 2243/2243/2243
f 2241/2241/2241 2243/2243/2243 2244/2244/2244
v 0.933584610 0.048750000 0.752134422
v 0.935491765 0.047883280 0.751431297
v 0.935147110 0.048750000 0.749428077
vt 0.48437500 0.51562500
vt 0.48437500 0.98437500
vt 0.01562500 0.98437500
vn 0.48038287 0.83205201 0.27734771
vn 0.48038287 0.83205201 0.27734771
vn 0.48038287 0.83205201 0.27734771
f 2245/2245/2245 2246/2246/2246 2247/2247/2247
v 0.933239970 0.049616717 0.750131202
v 0.933584610 0.048750000 0.752134422
v 0.935147110 0.048750000 0.749428077
vt 0.48437500 0.51562500
vt 0.48437500 0.98437500
vt 0.01562500 0.98437500
vn 0.48038633 0.83204935 0.27734970
vn 0.48038633 0.83204935 0.27734970
vn 0.48038633 0.83204935 0.27734970
f 2248/2248/2248 2249/2249/2249 2250/2250/2250
v 0.908083828 0.001875000 0.733803077
v 0.908428470 0.001008280 0.735806298
v 0.906521327 0.001875000 0.736509422
vt 0.01562500 0.98437500
vt 0.48437500 0.98437500
vt 0.48437500 0.51562500
vn -0.48038633 -0.83204935 -0.27734970
vn -0.48038633 -0.83204935 -0.27734970
vn -0.48038633 -0.83204935 -0.27734970
f 2251/2251/2251 2252/2252/2252 2253/2253/2253
v 0.908083828 0.001875000 0.733803077
v 0.906521327 0.001875000 0.736509422
v 0.906176673 0.002741717 0.734506202
vt 0.01562500 0.98437500
vt 0.48437500 0.98437500
vt 0.48437500 0.51562500
vn -0.48038287 -0.83205201 -0.27734771
vn -0.48038287 -0.83205201 -0.27734771
vn -0.48038287 -0.83205201 -0.27734771
f 2254/2254/2254 2255/2255/2255 2256/2256/2256
g gore_seam_03_0
usemtl parachute
v 0.516615577 0.361250000 0.531904030
v 0.517855078 0.359704125 0.530925905
v 0.570980078 0.344079125 0.622941110
v 0.569740577 0.345625000 0.623919235
vt 0.01562500 0.98437500
vt 0.48437500 0.98437500
vt 0.48437500 0.51562500
vt 0.01562500 0.51562500
vn -0.66381231 -0.69958258 0.26445686
vn -0.66381231 -0.69958258 0.26445686
vn -0.66381231 -0.69958258 0.26445686
vn -0.66381231 -0.69958258 0.26445686
f 2257/2257/2257 2258/2258/2258 2259/2259/2259
f 2257/2257/2257 2259/2259/2259 2260/2260/2260
v 0.517855078 0.359704125 0.530925905
v 0.519321922 0.361250000 0.530341530
v 0.572446922 0.345625000 0.622356735
v 0.570980078 0.344079125 0.622941110
vt 0.01562500 0.98437500
vt 0.48437500 0.98437500
vt 0.48437500 0.51562500
vt 0.01562500 0.51562500
vn 0.56093052 -0.69958469 -0.44264908
vn 0.56093052 -0.69958469 -0.44264908
vn 0.56093052 -0.69958469 -0.44264908
vn 0.56093052 -0.69958469 -0.44264908
f 2261/2261/2261 2262/2262/2262 2263/2263/2263
f 2261/2261/2261 2263/2263/2263 2264/2264/2264
v 0.519321922 0.361250000 0.530341530
v 0.518082423 0.362795875 0.531319673
v 0.571207423 0.347170875 0.623334860
v 0.572446922 0.345625000 0.622356735
vt 0.01562500 0.98437500
vt 0.48437500 0.98437500
vt 0.48437500 0.51562500
vt 0.01562500 0.51562500
vn 0.66381124 0.69958389 -0.26445606
vn 0.66381124 0.69958389 -0.26445606
vn 0.66381124 0.69958389 -0.26445606
vn 0.66381124 0.69958389 -0.26445606
f 2265/2265/2265 2266/2266/2266 2267/2267/2267
f 2265/2265/2265 2267/2267/2267 2268/2268/2268
v 0.518082423 0.362795875 0.531319673
v 0.516615577 0.361250000 0.531904030
v 0.569740577 0.345625000 0.623919235
v 0.571207423 0.347170875 0.623334860
vt 0.01562500 0.98437500
vt 0.48437500 0.98437500
vt 0.48437500 0.51562500
vt 0.01562500 0.51562500
vn -0.56093260 0.69958250 0.44264991
vn -0.56093260 0.69958250 0.44264991
vn -0.56093260 0.69958250 0.44264991
vn -0.56093260 0.69958250 0.44264991
f 2269/2269/2269 2270/2270/2270 2271/2271/2271
f 2269/2269/2269 2271/2271/2271 2272/2272/2272
v 0.519321922 0.361250000 0.530341530
v 0.517855078 0.359704125 0.530925905
v 0.516615577 0.361250000 0.531904030
vt 0.48437500 0.51562500
vt 0.48437500 0.98437500
vt 0.01562500 0.98437500
vn -0.49467759 0.14549407 -0.85681127
vn -0.49467759 0.14549407 -0.85681127
vn -0.49467759 0.14549407 -0.85681127
f 2273/2273/2273 2274/2274/2274 2275/2275/2275
v 0.518082423 0.362795875 0.531319673
v 0.519321922 0.361250000 0.530341530
v 0.516615577 0.361250000 0.531904030
vt 0.48437500 0.51562500
vt 0.48437500 0.98437500
vt 0.01562500 0.98437500
vn -0.49467697 0.14550255 -0.85681019
vn -0.49467697 0.14550255 -0.85681019
vn -0.49467697 0.14550255 -0.85681019
f 2276/2276/2276 2277/2277/2277 2278/2278/2278
v 0.569740577 0.345625000 0.623919235
v 0.570980078 0.344079125 0.622941110
v 0.572446922 0.345625000 0.622356735
vt 0.01562500 0.98437500
vt 0.48437500 0.98437500
vt 0.48437500 0.51562500
vn 0.49467759 -0.14549407 0.85681127
vn 0.49467759 -0.14549407 0.85681127
vn 0.49467759 -0.14549407 0.85681127
f 2279/2279/2279 2280/2280/2280 2281/2281/2281
v 0.569740577 0.345625000 0.623919235
v 0.572446922 0.345625000 0.622356735
v 0.571207423 0.347170875 0.623334860
vt 0.01562500 0.98437500
vt 0.48437500 0.98437500
vt 0.48437500 0.51562500
vn 0.49467759 -0.14549407 0.85681127
vn 0.49467759 -0.14549407 0.85681127
vn 0.49467759 -0.14549407 0.85681127
f 2282/2282/2282 2283/2283/2283 2284/2284/2284
g gore_seam_03_1
usemtl parachute
v 0.569740577 0.345625000 0.623919235
v 0.570846703 0.344142687 0.622710077
v 0.641159203 0.297267687 0.744494905
v 0.640053077 0.298750000 0.745704062
vt 0.01562500 0.98437500
vt 0.48437500 0.98437500
vt 0.48437500 0.51562500
vt 0.01562500 0.51562500
vn -0.72417295 -0.67082426 0.15990107
vn -0.72417295 -0.67082426 0.15990107
vn -0.72417295 -0.67082426 0.15990107
vn -0.72417295 -0.67082426 0.15990107
f 2285/2285/2285 2286/2286/2286 2287/2287/2287
f 2285/2285/2285 2287/2287/2287 2288/2288/2288
v 0.570846703 0.344142687 0.622710077
v 0.572446922 0.345625000 0.622356735
v 0.642759422 0.298750000 0.744141562
v 0.641159203 0.297267687 0.744494905
vt 0.01562500 0.98437500
vt 0.48437500 0.98437500
vt 0.48437500 0.51562500
vt 0.01562500 0.51562500
vn 0.50056737 -0.67082195 -0.54720217
vn 0.50056737 -0.67082195 -0.54720217
vn 0.50056737 -0.67082195 -0.54720217
vn 0.50056737 -0.67082195 -0.54720217
f 2289/2289/2289 2290/2290/2290 2291/2291/2291
f 2289/2289/2289 2291/2291/2291 2292/2292/2292
v 0.572446922 0.345625000 0.622356735
v 0.571340797 0.347107312 0.623565890
v 0.641653297 0.300232312 0.745350718
v 0.642759422 0.298750000 0.744141562
vt 0.01562500 0.98437500
vt 0.48437500 0.98437500
vt 0.48437500 0.51562500
vt 0.01562500 0.51562500
vn 0.72417295 0.67082426 -0.15990107
vn 0.72417295 0.67082426 -0.15990107
vn 0.72417295 0.67082426 -0.15990107
vn 0.72417295 0.67082426 -0.15990107
f 2293/2293/2293 2294/2294/2294 2295/2295/2295
f 2293/2293/2293 2295/2295/2295 2296/2296/2296
v 0.571340797 0.347107312 0.623565890
v 0.569740577 0.345625000 0.623919235
v 0.640053077 0.298750000 0.745704062
v 0.641653297 0.300232312 0.745350718
vt 0.01562500 0.98437500
vt 0.48437500 0.98437500
vt 0.48437500 0.51562500
vt 0.01562500 0.51562500
vn -0.50056737 0.67082195 0.54720217
vn -0.50056737 0.67082195 0.54720217
vn -0.50056737 0.67082195 0.54720217
vn -0.50056737 0.67082195 0.54720217
f 2297/2297/2297 2298/2298/2298 2299/2299/2299
f 2297/2297/2297 2299/2299/2299 2300/2300/2300
v 0.572446922 0.345625000 0.622356735
v 0.570846703 0.344142687 0.622710077
v 0.569740577 0.345625000 0.623919235
vt 0.48437500 0.51562500
vt 0.48437500 0.98437500
vt 0.01562500 0.98437500
vn -0.47434005 0.31622601 -0.82158543
vn -0.47434005 0.31622601 -0.82158543
vn -0.47434005 0.31622601 -0.82158543
f 2301/2301/2301 2302/2302/2302 2303/2303/2303
v 0.571340797 0.347107312 0.623565890
v 0.572446922 0.345625000 0.622356735
v 0.569740577 0.345625000 0.623919235
vt 0.48437500 0.51562500
vt 0.48437500 0.98437500
vt 0.01562500 0.98437500
vn -0.47434005 0.31622601 -0.82158543
vn -0.47434005 0.31622601 -0.82158543
vn -0.47434005 0.31622601 -0.82158543
f 2304/2304/2304 2305/2305/2305 2306/2306/2306
v 0.640053077 0.298750000 0.745704062
v 0.641159203 0.297267687 0.744494905
v 0.642759422 0.298750000 0.744141562
vt 0.01562500 0.98437500
vt 0.48437500 0.98437500
vt 0.48437500 0.51562500
vn 0.47434005 -0.31622601 0.82158543
vn 0.47434005 -0.31622601 0.82158543
vn 0.47434005 -0.31622601 0.82158543
f 2307/2307/2307 2308/2308/2308 2309/2309/2309
v 0.640053077 0.298750000 0.745704062
v 0.642759422 0.298750000 0.744141562
v 0.641653297 0.300232312 0.745350718
vt 0.01562500 0.98437500
vt 0.48437500 0.98437500
vt 0.48437500 0.51562500
vn 0.47434005 -0.31622601 0.82158543
vn 0.47434005 -0.31622601 0.82158543
vn 0.47434005 -0.31622601 0.82158543
f 2310/2310/2310 2311/2311/2311 2312/2312/2312
g gore_seam_03_2
usemtl parachute
v 0.640053077 0.298750000 0.745704062
v 0.640992187 0.297425000 0.744205640
v 0.703492187 0.219300000 0.852458812
v 0.702553077 0.220625000 0.853957235
vt 0.01562500 0.98437500
vt 0.48437500 0.98437500
vt 0.48437500 0.51562500
vt 0.01562500 0.51562500
vn -0.79975471 -0.59962627 0.02899561
vn -0.79975471 -0.59962627 0.02899561
vn -0.79975471 -0.59962627 0.02899561
vn -0.79975471 -0.59962627 0.02899561
f 2313/2313/2313 2314/2314/2314 2315/2315/2315
f 2313/2313/2313 2315/2315/2315 2316/2316/2316
v 0.640992187 0.297425000 0.744205640
v 0.642759422 0.298750000 0.744141562
v 0.705259422 0.220625000 0.852394735
v 0.703492187 0.219300000 0.852458812
vt 0.01562500 0.98437500
vt 0.48437500 0.98437500
vt 0.48437500 0.51562500
vt 0.01562500 0.51562500
vn 0.42498787 -0.59962657 -0.67811009
vn 0.42498787 -0.59962657 -0.67811009
vn 0.42498787 -0.59962657 -0.67811009
vn 0.42498787 -0.59962657 -0.67811009
f 2317/2317/2317 2318/2318/2318 2319/2319/2319
f 2317/2317/2317 2319/2319/2319 2320/2320/2320
v 0.642759422 0.298750000 0.744141562
v 0.641820312 0.300075000 0.745639985
v 0.704320312 0.221950000 0.853893157
v 0.705259422 0.220625000 0.852394735
vt 0.01562500 0.98437500
vt 0.48437500 0.98437500
vt 0.48437500 0.51562500
vt 0.01562500 0.51562500
vn 0.79975471 0.59962627 -0.02899561
vn 0.79975471 0.59962627 -0.02899561
vn 0.79975471 0.59962627 -0.02899561
vn 0.79975471 0.59962627 -0.02899561
f 2321/2321/2321 2322/2322/2322 2323/2323/2323
f 2321/2321/2321 2323/2323/2323 2324/2324/2324
v 0.641820312 0.300075000 0.745639985
v 0.640053077 0.298750000 0.745704062
v 0.702553077 0.220625000 0.853957235
v 0.704320312 0.221950000 0.853893157
vt 0.01562500 0.98437500
vt 0.48437500 0.98437500
vt 0.48437500 0.51562500
vt 0.01562500 0.51562500
vn -0.42498787 0.59962657 0.67811009
vn -0.42498787 0.59962657 0.67811009
vn -0.42498787 0.59962657 0.67811009
vn -0.42498787 0.59962657 0.67811009
f 2325/2325/2325 2326/2326/2326 2327/2327/2327
f 2325/2325/2325 2327/2327/2327 2328/2328/2328
v 0.642759422 0.298750000 0.744141562
v 0.640992187 0.297425000 0.744205640
v 0.640053077 0.298750000 0.745704062
vt 0.48437500 0.51562500
vt 0.48437500 0.98437500
vt 0.01562500 0.98437500
vn -0.42399814 0.52999678 -0.73439022
vn -0.42399814 0.52999678 -0.73439022
vn -0.42399814 0.52999678 -0.73439022
f 2329/2329/2329 2330/2330/2330 2331/2331/2331
v 0.641820312 0.300075000 0.745639985
v 0.642759422 0.298750000 0.744141562
v 0.640053077 0.298750000 0.745704062
vt 0.48437500 0.51562500
vt 0.48437500 0.98437500
vt 0.01562500 0.98437500
vn -0.42399814 0.52999678 -0.73439022
vn -0.42399814 0.52999678 -0.73439022
vn -0.42399814 0.52999678 -0.73439022
f 2332/2332/2332 2333/2333/2333 2334/2334/2334
v 0.702553077 0.220625000 0.853957235
v 0.703492187 0.219300000 0.852458812
v 0.705259422 0.220625000 0.852394735
vt 0.01562500 0.98437500
vt 0.48437500 0.98437500
vt 0.48437500 0.51562500
vn 0.42399814 -0.52999678 0.73439022
vn 0.42399814 -0.52999678 0.73439022
vn 0.42399814 -0.52999678 0.73439022
f 2335/2335/2335 2336/2336/2336 2337/2337/2337
v 0.702553077 0.220625000 0.853957235
v 0.705259422 0.220625000 0.852394735
v 0.704320312 0.221950000 0.853893157
vt 0.01562500 0.98437500
vt 0.48437500 0.98437500
vt 0.48437500 0.51562500
vn 0.42399814 -0.52999678 0.73439022
vn 0.42399814 -0.52999678 0.73439022
vn 0.42399814 -0.52999678 0.73439022
f 2338/2338/2338 2339/2339/2339 2340/2340/2340
g gore_seam_03_3
usemtl parachute
v 0.702553077 0.220625000 0.853957235
v 0.703306077 0.219624720 0.852136452
v 0.742368577 0.125874720 0.919794688
v 0.741615577 0.126875000 0.921615468
vt 0.01562500 0.98437500
vt 0.48437500 0.98437500
vt 0.48437500 0.51562500
vt 0.01562500 0.51562500
vn -0.88397810 -0.45268082 -0.11688794
vn -0.88397810 -0.45268082 -0.11688794
vn -0.88397810 -0.45268082 -0.11688794
vn -0.88397810 -0.45268082 -0.11688794
f 2341/2341/2341 2342/2342/2342 2343/2343/2343
f 2341/2341/2341 2343/2343/2343 2344/2344/2344
v 0.703306077 0.219624720 0.852136452
v 0.705259422 0.220625000 0.852394735
v 0.744321922 0.126875000 0.920052967
v 0.742368577 0.125874720 0.919794688
vt 0.01562500 0.98437500
vt 0.48437500 0.98437500
vt 0.48437500 0.51562500
vt 0.01562500 0.51562500
vn 0.34076355 -0.45267957 -0.82399115
vn 0.34076355 -0.45267957 -0.82399115
vn 0.34076355 -0.45267957 -0.82399115
vn 0.34076355 -0.45267957 -0.82399115
f 2345/2345/2345 2346/2346/2346 2347/2347/2347
f 2345/2345/2345 2347/2347/2347 2348/2348/2348
v 0.705259422 0.220625000 0.852394735
v 0.704506422 0.221625280 0.854215515
v 0.743568922 0.127875280 0.921873750
v 0.744321922 0.126875000 0.920052967
vt 0.01562500 0.98437500
vt 0.48437500 0.98437500
vt 0.48437500 0.51562500
vt 0.01562500 0.51562500
vn 0.88397810 0.45268082 0.11688794
vn 0.88397810 0.45268082 0.11688794
vn 0.88397810 0.45268082 0.11688794
vn 0.88397810 0.45268082 0.11688794
f 2349/2349/2349 2350/2350/2350 2351/2351/2351
f 2349/2349/2349 2351/2351/2351 2352/2352/2352
v 0.704506422 0.221625280 0.854215515
v 0.702553077 0.220625000 0.853957235
v 0.741615577 0.126875000 0.921615468
v 0.743568922 0.127875280 0.921873750
vt 0.01562500 0.98437500
vt 0.48437500 0.98437500
vt 0.48437500 0.51562500
vt 0.01562500 0.51562500
vn -0.34076355 0.45267957 0.82399115
vn -0.34076355 0.45267957 0.82399115
vn -0.34076355 0.45267957 0.82399115
vn -0.34076355 0.45267957 0.82399115
f 2353/2353/2353 2354/2354/2354 2355/2355/2355
f 2353/2353/2353 2355/2355/2355 2356/2356/2356
v 0.705259422 0.220625000 0.852394735
v 0.703306077 0.219624720 0.852136452
v 0.702553077 0.220625000 0.853957235
vt 0.48437500 0.51562500
vt 0.48437500 0.98437500
vt 0.01562500 0.98437500
vn -0.32008952 0.76822362 -0.55441426
vn -0.32008952 0.76822362 -0.55441426
vn -0.32008952 0.76822362 -0.55441426
f 2357/2357/2357 2358/2358/2358 2359/2359/2359
v 0.704506422 0.221625280 0.854215515
v 0.705259422 0.220625000 0.852394735
v 0.702553077 0.220625000 0.853957235
vt 0.48437500 0.51562500
vt 0.48437500 0.98437500
vt 0.01562500 0.98437500
vn -0.32008952 0.76822362 -0.55441426
vn -0.32008952 0.76822362 -0.55441426
vn -0.32008952 0.76822362 -0.55441426
f 2360/2360/2360 2361/2361/2361 2362/2362/2362
v 0.741615577 0.126875000 0.921615468
v 0.742368577 0.125874720 0.919794688
v 0.744321922 0.126875000 0.920052967
vt 0.01562500 0.98437500
vt 0.48437500 0.98437500
vt 0.48437500 0.51562500
vn 0.32008952 -0.76822362 0.55441426
vn 0.32008952 -0.76822362 0.55441426
vn 0.32008952 -0.76822362 0.55441426
f 2363/2363/2363 2364/2364/2364 2365/2365/2365
v 0.741615577 0.126875000 0.921615468
v 0.744321922 0.126875000 0.920052967
v 0.743568922 0.127875280 0.921873750
vt 0.01562500 0.98437500
vt 0.48437500 0.98437500
vt 0.48437500 0.51562500
vn 0.32008952 -0.76822362 0.55441426
vn 0.32008952 -0.76822362 0.55441426
vn 0.32008952 -0.76822362 0.55441426
f 2366/2366/2366 2367/2367/2367 2368/2368/2368
g gore_seam_03_4
usemtl parachute
v 0.742968750 0.127141657 0.922373797
v 0.741413783 0.126724030 0.920860375
v 0.749226283 0.048599030 0.934392015
v 0.750781250 0.049016655 0.935905437
vt 0.01562500 0.98437500
vt 0.48437500 0.98437500
vt 0.48437500 0.51562500
vt 0.01562500 0.51562500
vn -0.70369765 0.05235772 0.70856777
vn -0.70369765 0.05235772 0.70856777
vn -0.70369765 0.05235772 0.70856777
vn -0.70369765 0.05235772 0.70856777
f 2369/2369/2369 2370/2370/2370 2371/2371/2371
f 2369/2369/2369 2371/2371/2371 2372/2372/2372
v 0.741413783 0.126724030 0.920860375
v 0.742968750 0.126608345 0.919294640
v 0.750781250 0.048483342 0.932826298
v 0.749226283 0.048599030 0.934392015
vt 0.01562500 0.98437500
vt 0.48437500 0.98437500
vt 0.48437500 0.51562500
vt 0.01562500 0.51562500
vn -0.70370078 -0.18899794 -0.68489780
vn -0.70370078 -0.18899794 -0.68489780
vn -0.70370078 -0.18899794 -0.68489780
vn -0.70370078 -0.18899794 -0.68489780
f 2373/2373/2373 2374/2374/2374 2375/2375/2375
f 2373/2373/2373 2375/2375/2375 2376/2376/2376
v 0.742968750 0.126608345 0.919294640
v 0.744523720 0.127025968 0.920808078
v 0.752336220 0.048900970 0.934339717
v 0.750781250 0.048483342 0.932826298
vt 0.01562500 0.98437500
vt 0.48437500 0.98437500
vt 0.48437500 0.51562500
vt 0.01562500 0.51562500
vn 0.70370118 -0.05235677 -0.70856434
vn 0.70370118 -0.05235677 -0.70856434
vn 0.70370118 -0.05235677 -0.70856434
vn 0.70370118 -0.05235677 -0.70856434
f 2377/2377/2377 2378/2378/2378 2379/2379/2379
f 2377/2377/2377 2379/2379/2379 2380/2380/2380
v 0.744523720 0.127025968 0.920808078
v 0.742968750 0.127141657 0.922373797
v 0.750781250 0.049016655 0.935905437
v 0.752336220 0.048900970 0.934339717
vt 0.01562500 0.98437500
vt 0.48437500 0.98437500
vt 0.48437500 0.51562500
vt 0.01562500 0.51562500
vn 0.70369739 0.18899806 0.68490125
vn 0.70369739 0.18899806 0.68490125
vn 0.70369739 0.18899806 0.68490125
vn 0.70369739 0.18899806 0.68490125
f 2381/2381/2381 2382/2382/2382 2383/2383/2383
f 2381/2381/2381 2383/2383/2383 2384/2384/2384
v 0.742968750 0.126608345 0.919294640
v 0.741413783 0.126724030 0.920860375
v 0.742968750 0.127141657 0.922373797
vt 0.48437500 0.51562500
vt 0.48437500 0.98437500
vt 0.01562500 0.98437500
vn -0.09805949 0.98058123 -0.16983751
vn -0.09805949 0.98058123 -0.16983751
vn -0.09805949 0.98058123 -0.16983751
f 2385/2385/2385 2386/2386/2386 2387/2387/2387
v 0.744523720 0.127025968 0.920808078
v 0.742968750 0.126608345 0.919294640
v 0.742968750 0.127141657 0.922373797
vt 0.48437500 0.51562500
vt 0.48437500 0.98437500
vt 0.01562500 0.98437500
vn -0.09805780 0.98058140 -0.16983754
vn -0.09805780 0.98058140 -0.16983754
vn -0.09805780 0.98058140 -0.16983754
f 2388/2388/2388 2389/2389/2389 2390/2390/2390
v 0.750781250 0.049016655 0.935905437
v 0.749226283 0.048599030 0.934392015
v 0.750781250 0.048483342 0.932826298
vt 0.01562500 0.98437500
vt 0.48437500 0.98437500
vt 0.48437500 0.51562500
vn 0.09805864 -0.98058117 0.16983836
vn 0.09805864 -0.98058117 0.16983836
vn 0.09805864 -0.98058117 0.16983836
f 2391/2391/2391 2392/2392/2392 2393/2393/2393
v 0.750781250 0.049016655 0.935905437
v 0.750781250 0.048483342 0.932826298
v 0.752336220 0.048900970 0.934339717
vt 0.01562500 0.98437500
vt 0.48437500 0.98437500
vt 0.48437500 0.51562500
vn 0.09805864 -0.98058117 0.16983836
vn 0.09805864 -0.98058117 0.16983836
vn 0.09805864 -0.98058117 0.16983836
f 2394/2394/2394 2395/2395/2395 2396/2396/2396
g gore_seam_03_5
usemtl parachute
v 0.752134422 0.048750000 0.933584610
v 0.751431297 0.047883280 0.935491765
v 0.735806298 0.001008280 0.908428470
v 0.736509422 0.001875000 0.906521327
vt 0.01562500 0.98437500
vt 0.48437500 0.98437500
vt 0.48437500 0.51562500
vt 0.01562500 0.51562500
vn 0.90654679 -0.39223209 0.15597086
vn 0.90654679 -0.39223209 0.15597086
vn 0.90654679 -0.39223209 0.15597086
vn 0.90654679 -0.39223209 0.15597086
f 2397/2397/2397 2398/2398/2398 2399/2399/2399
f 2397/2397/2397 2399/2399/2399 2400/2400/2400
v 0.751431297 0.047883280 0.935491765
v 0.749428077 0.048750000 0.935147110
v 0.733803077 0.001875000 0.908083828
v 0.735806298 0.001008280 0.908428470
vt 0.01562500 0.98437500
vt 0.48437500 0.98437500
vt 0.48437500 0.51562500
vt 0.01562500 0.51562500
vn -0.31819803 -0.39223217 0.86307817
vn -0.31819803 -0.39223217 0.86307817
vn -0.31819803 -0.39223217 0.86307817
vn -0.31819803 -0.39223217 0.86307817
f 2401/2401/2401 2402/2402/2402 2403/2403/2403
f 2401/2401/2401 2403/2403/2403 2404/2404/2404
v 0.749428077 0.048750000 0.935147110
v 0.750131202 0.049616717 0.933239970
v 0.734506202 0.002741717 0.906176673
v 0.733803077 0.001875000 0.908083828
vt 0.01562500 0.98437500
vt 0.48437500 0.98437500
vt 0.48437500 0.51562500
vt 0.01562500 0.51562500
vn -0.90654644 0.39223252 -0.15597181
vn -0.90654644 0.39223252 -0.15597181
vn -0.90654644 0.39223252 -0.15597181
vn -0.90654644 0.39223252 -0.15597181
f 2405/2405/2405 2406/2406/2406 2407/2407/2407
f 2405/2405/2405 2407/2407/2407 2408/2408/2408
v 0.750131202 0.049616717 0.933239970
v 0.752134422 0.048750000 0.933584610
v 0.736509422 0.001875000 0.906521327
v 0.734506202 0.002741717 0.906176673
vt 0.01562500 0.98437500
vt 0.48437500 0.98437500
vt 0.48437500 0.51562500
vt 0.01562500 0.51562500
vn 0.31819250 0.39223457 -0.86307913
vn 0.31819250 0.39223457 -0.86307913
vn 0.31819250 0.39223457 -0.86307913
vn 0.31819250 0.39223457 -0.86307913
f 2409/2409/2409 2410/2410/2410 2411/2411/2411
f 2409/2409/2409 2411/2411/2411 2412/2412/2412
v 0.749428077 0.048750000 0.935147110
v 0.751431297 0.047883280 0.935491765
v 0.752134422 0.048750000 0.933584610
vt 0.48437500 0.51562500
vt 0.48437500 0.98437500
vt 0.01562500 0.98437500
vn 0.27734771 0.83205201 0.48038287
vn 0.27734771 0.83205201 0.48038287
vn 0.27734771 0.83205201 0.48038287
f 2413/2413/2413 2414/2414/2414 2415/2415/2415
v 0.750131202 0.049616717 0.933239970
v 0.749428077 0.048750000 0.935147110
v 0.752134422 0.048750000 0.933584610
vt 0.48437500 0.51562500
vt 0.48437500 0.98437500
vt 0.01562500 0.98437500
vn 0.27734970 0.83204935 0.48038633
vn 0.27734970 0.83204935 0.48038633
vn 0.27734970 0.83204935 0.48038633
f 2416/2416/2416 2417/2417/2417 2418/2418/2418
v 0.736509422 0.001875000 0.906521327
v 0.735806298 0.001008280 0.908428470
v 0.733803077 0.001875000 0.908083828
vt 0.01562500 0.98437500
vt 0.48437500 0.98437500
vt 0.48437500 0.51562500
vn -0.27734970 -0.83204935 -0.48038633
vn -0.27734970 -0.83204935 -0.48038633
vn -0.27734970 -0.83204935 -0.48038633
f 2419/2419/2419 2420/2420/2420 2421/2421/2421
v 0.736509422 0.001875000 0.906521327
v 0.733803077 0.001875000 0.908083828
v 0.734506202 0.002741717 0.906176673
vt 0.01562500 0.98437500
vt 0.48437500 0.98437500
vt 0.48437500 0.51562500
vn -0.27734771 -0.83205201 -0.48038287
vn -0.27734771 -0.83205201 -0.48038287
vn -0.27734771 -0.83205201 -0.48038287
f 2422/2422/2422 2423/2423/2423 2424/2424/2424
g gore_seam_04_0
usemtl parachute
v 0.498437500 0.361250000 0.535937500
v 0.500000000 0.359704125 0.535710172
v 0.500000000 0.344079125 0.641960173
v 0.498437500 0.345625000 0.642187500
vt 0.01562500 0.98437500
vt 0.48437500 0.98437500
vt 0.48437500 0.51562500
vt 0.01562500 0.51562500
vn -0.70710688 -0.69958246 -0.10287977
vn -0.70710688 -0.69958246 -0.10287977
vn -0.70710688 -0.69958246 -0.10287977
vn -0.70710688 -0.69958246 -0.10287977
f 2425/2425/2425 2426/2426/2426 2427/2427/2427
f 2425/2425/2425 2427/2427/2427 2428/2428/2428
v 0.500000000 0.359704125 0.535710172
v 0.501562500 0.361250000 0.535937500
v 0.501562500 0.345625000 0.642187500
v 0.500000000 0.344079125 0.641960173
vt 0.01562500 0.98437500
vt 0.48437500 0.98437500
vt 0.48437500 0.51562500
vt 0.01562500 0.51562500
vn 0.70710688 -0.69958246 -0.10287977
vn 0.70710688 -0.69958246 -0.10287977
vn 0.70710688 -0.69958246 -0.10287977
vn 0.70710688 -0.69958246 -0.10287977
f 2429/2429/2429 2430/2430/2430 2431/2431/2431
f 2429/2429/2429 2431/2431/2431 2432/2432/2432
v 0.501562500 0.361250000 0.535937500
v 0.500000000 0.362795875 0.536164828
v 0.500000000 0.347170875 0.642414828
v 0.501562500 0.345625000 0.642187500
vt 0.01562500 0.98437500
vt 0.48437500 0.98437500
vt 0.48437500 0.51562500
vt 0.01562500 0.51562500
vn 0.70710688 0.69958246 0.10287977
vn 0.70710688 0.69958246 0.10287977
vn 0.70710688 0.69958246 0.10287977
vn 0.70710688 0.69958246 0.10287977
f 2433/2433/2433 2434/2434/2434 2435/2435/2435
f 2433/2433/2433 2435/2435/2435 2436/2436/2436
v 0.500000000 0.362795875 0.536164828
v 0.498437500 0.361250000 0.535937500
v 0.498437500 0.345625000 0.642187500
v 0.500000000 0.347170875 0.642414828
vt 0.01562500 0.98437500
vt 0.48437500 0.98437500
vt 0.48437500 0.51562500
vt 0.01562500 0.51562500
vn -0.70710688 0.69958246 0.10287977
vn -0.70710688 0.69958246 0.10287977
vn -0.70710688 0.69958246 0.10287977
vn -0.70710688 0.69958246 0.10287977
f 2437/2437/2437 2438/2438/2438 2439/2439/2439
f 2437/2437/2437 2439/2439/2439 2440/2440/2440
v 0.501562500 0.361250000 0.535937500
v 0.500000000 0.359704125 0.535710172
v 0.498437500 0.361250000 0.535937500
vt 0.48437500 0.51562500
vt 0.48437500 0.98437500
vt 0.01562500 0.98437500
vn 0.00000000 0.14548996 -0.98935973
vn 0.00000000 0.14548996 -0.98935973
vn 0.00000000 0.14548996 -0.98935973
f 2441/2441/2441 2442/2442/2442 2443/2443/2443
v 0.500000000 0.362795875 0.536164828
v 0.501562500 0.361250000 0.535937500
v 0.498437500 0.361250000 0.535937500
vt 0.48437500 0.51562500
vt 0.48437500 0.98437500
vt 0.01562500 0.98437500
vn 0.00000000 0.14548996 -0.98935973
vn 0.00000000 0.14548996 -0.98935973
vn 0.00000000 0.14548996 -0.98935973
f 2444/2444/2444 2445/2445/2445 2446/2446/2446
v 0.498437500 0.345625000 0.642187500
v 0.500000000 0.344079125 0.641960173
v 0.501562500 0.345625000 0.642187500
vt 0.01562500 0.98437500
vt 0.48437500 0.98437500
vt 0.48437500 0.51562500
vn 0.00000000 -0.14548996 0.98935973
vn 0.00000000 -0.14548996 0.98935973
vn 0.00000000 -0.14548996 0.98935973
f 2447/2447/2447 2448/2448/2448 2449/2449/2449
v 0.498437500 0.345625000 0.642187500
v 0.501562500 0.345625000 0.642187500
v 0.500000000 0.347170875 0.642414828
vt 0.01562500 0.98437500
vt 0.48437500 0.98437500
vt 0.48437500 0.51562500
vn 0.00000000 -0.14548996 0.98935973
vn 0.00000000 -0.14548996 0.98935973
vn 0.00000000 -0.14548996 0.98935973
f 2450/2450/2450 2451/2451/2451 2452/2452/2452
g gore_seam_04_1
usemtl parachute
v 0.498437500 0.345625000 0.642187500
v 0.500000000 0.344142687 0.641693390
v 0.500000000 0.297267687 0.782318390
v 0.498437500 0.298750000 0.782812500
vt 0.01562500 0.98437500
vt 0.48437500 0.98437500
vt 0.48437500 0.51562500
vt 0.01562500 0.51562500
vn -0.70710592 -0.67082121 -0.22360707
vn -0.70710592 -0.67082121 -0.22360707
vn -0.70710592 -0.67082121 -0.22360707
vn -0.70710592 -0.67082121 -0.22360707
f 2453/2453/2453 2454/2454/2454 2455/2455/2455
f 2453/2453/2453 2455/2455/2455 2456/2456/2456
v 0.500000000 0.344142687 0.641693390
v 0.501562500 0.345625000 0.642187500
v 0.501562500 0.298750000 0.782812500
v 0.500000000 0.297267687 0.782318390
vt 0.01562500 0.98437500
vt 0.48437500 0.98437500
vt 0.48437500 0.51562500
vt 0.01562500 0.51562500
vn 0.70710592 -0.67082121 -0.22360707
vn 0.70710592 -0.67082121 -0.22360707
vn 0.70710592 -0.67082121 -0.22360707
vn 0.70710592 -0.67082121 -0.22360707
f 2457/2457/2457 2458/2458/2458 2459/2459/2459
f 2457/2457/2457 2459/2459/2459 2460/2460/2460
v 0.501562500 0.345625000 0.642187500
v 0.500000000 0.347107312 0.642681610
v 0.500000000 0.300232312 0.783306610
v 0.501562500 0.298750000 0.782812500
vt 0.01562500 0.98437500
vt 0.48437500 0.98437500
vt 0.48437500 0.51562500
vt 0.01562500 0.51562500
vn 0.70710592 0.67082121 0.22360707
vn 0.70710592 0.67082121 0.22360707
vn 0.70710592 0.67082121 0.22360707
vn 0.70710592 0.67082121 0.22360707
f 2461/2461/2461 2462/2462/2462 2463/2463/2463
f 2461/2461/2461 2463/2463/2463 2464/2464/2464
v 0.500000000 0.347107312 0.642681610
v 0.498437500 0.345625000 0.642187500
v 0.498437500 0.298750000 0.782812500
v 0.500000000 0.300232312 0.783306610
vt 0.01562500 0.98437500
vt 0.48437500 0.98437500
vt 0.48437500 0.51562500
vt 0.01562500 0.51562500
vn -0.70710592 0.67082121 0.22360707
vn -0.70710592 0.67082121 0.22360707
vn -0.70710592 0.67082121 0.22360707
vn -0.70710592 0.67082121 0.22360707
f 2465/2465/2465 2466/2466/2466 2467/2467/2467
f 2465/2465/2465 2467/2467/2467 2468/2468/2468
v 0.501562500 0.345625000 0.642187500
v 0.500000000 0.344142687 0.641693390
v 0.498437500 0.345625000 0.642187500
vt 0.48437500 0.51562500
vt 0.48437500 0.98437500
vt 0.01562500 0.98437500
vn 0.00000000 0.31623077 -0.94868230
vn 0.00000000 0.31623077 -0.94868230
vn 0.00000000 0.31623077 -0.94868230
f 2469/2469/2469 2470/2470/2470 2471/2471/2471
v 0.500000000 0.347107312 0.642681610
v 0.501562500 0.345625000 0.642187500
v 0.498437500 0.345625000 0.642187500
vt 0.48437500 0.51562500
vt 0.48437500 0.98437500
vt 0.01562500 0.98437500
vn 0.00000000 0.31623077 -0.94868230
vn 0.00000000 0.31623077 -0.94868230
vn 0.00000000 0.31623077 -0.94868230
f 2472/2472/2472 2473/2473/2473 2474/2474/2474
v 0.498437500 0.298750000 0.782812500
v 0.500000000 0.297267687 0.782318390
v 0.501562500 0.298750000 0.782812500
vt 0.01562500 0.98437500
vt 0.48437500 0.98437500
vt 0.48437500 0.51562500
vn 0.00000000 -0.31623077 0.94868230
vn 0.00000000 -0.31623077 0.94868230
vn 0.00000000 -0.31623077 0.94868230
f 2475/2475/2475 2476/2476/2476 2477/2477/2477
v 0.498437500 0.298750000 0.782812500
v 0.501562500 0.298750000 0.782812500
v 0.500000000 0.300232312 0.783306610
vt 0.01562500 0.98437500
vt 0.48437500 0.98437500
vt 0.48437500 0.51562500
vn 0.00000000 -0.31623077 0.94868230
vn 0.00000000 -0.31623077 0.94868230
vn 0.00000000 -0.31623077 0.94868230
f 2478/2478/2478 2479/2479/2479 2480/2480/2480
g gore_seam_04_2
usemtl parachute
v 0.498437500 0.298750000 0.782812500
v 0.500000000 0.297425000 0.781984375
v 0.500000000 0.219300000 0.906984375
v 0.498437500 0.220625000 0.907812500
vt 0.01562500 0.98437500
vt 0.48437500 0.98437500
vt 0.48437500 0.51562500
vt 0.01562500 0.51562500
vn -0.70710749 -0.59962475 -0.37476547
vn -0.70710749 -0.59962475 -0.37476547
vn -0.70710749 -0.59962475 -0.37476547
vn -0.70710749 -0.59962475 -0.37476547
f 2481/2481/2481 2482/2482/2482 2483/2483/2483
f 2481/2481/2481 2483/2483/2483 2484/2484/2484
v 0.500000000 0.297425000 0.781984375
v 0.501562500 0.298750000 0.782812500
v 0.501562500 0.220625000 0.907812500
v 0.500000000 0.219300000 0.906984375
vt 0.01562500 0.98437500
vt 0.48437500 0.98437500
vt 0.48437500 0.51562500
vt 0.01562500 0.51562500
vn 0.70710749 -0.59962475 -0.37476547
vn 0.70710749 -0.59962475 -0.37476547
vn 0.70710749 -0.59962475 -0.37476547
vn 0.70710749 -0.59962475 -0.37476547
f 2485/2485/2485 2486/2486/2486 2487/2487/2487
f 2485/2485/2485 2487/2487/2487 2488/2488/2488
v 0.501562500 0.298750000 0.782812500
v 0.500000000 0.300075000 0.783640625
v 0.500000000 0.221950000 0.908640625
v 0.501562500 0.220625000 0.907812500
vt 0.01562500 0.98437500
vt 0.48437500 0.98437500
vt 0.48437500 0.51562500
vt 0.01562500 0.51562500
vn 0.70710749 0.59962475 0.37476547
vn 0.70710749 0.59962475 0.37476547
vn 0.70710749 0.59962475 0.37476547
vn 0.70710749 0.59962475 0.37476547
f 2489/2489/2489 2490/2490/2490 2491/2491/2491
f 2489/2489/2489 2491/2491/2491 2492/2492/2492
v 0.500000000 0.300075000 0.783640625
v 0.498437500 0.298750000 0.782812500
v 0.498437500 0.220625000 0.907812500
v 0.500000000 0.221950000 0.908640625
vt 0.01562500 0.98437500
vt 0.48437500 0.98437500
vt 0.48437500 0.51562500
vt 0.01562500 0.51562500
vn -0.70710749 0.59962475 0.37476547
vn -0.70710749 0.59962475 0.37476547
vn -0.70710749 0.59962475 0.37476547
vn -0.70710749 0.59962475 0.37476547
f 2493/2493/2493 2494/2494/2494 2495/2495/2495
f 2493/2493/2493 2495/2495/2495 2496/2496/2496
v 0.501562500 0.298750000 0.782812500
v 0.500000000 0.297425000 0.781984375
v 0.498437500 0.298750000 0.782812500
vt 0.48437500 0.51562500
vt 0.48437500 0.98437500
vt 0.01562500 0.98437500
vn 0.00000000 0.52999894 -0.84799830
vn 0.00000000 0.52999894 -0.84799830
vn 0.00000000 0.52999894 -0.84799830
f 2497/2497/2497 2498/2498/2498 2499/2499/2499
v 0.500000000 0.300075000 0.783640625
v 0.501562500 0.298750000 0.782812500
v 0.498437500 0.298750000 0.782812500
vt 0.48437500 0.51562500
vt 0.48437500 0.98437500
vt 0.01562500 0.98437500
vn 0.00000000 0.52999894 -0.84799830
vn 0.00000000 0.52999894 -0.84799830
vn 0.00000000 0.52999894 -0.84799830
f 2500/2500/2500 2501/2501/2501 2502/2502/2502
v 0.498437500 0.220625000 0.907812500
v 0.500000000 0.219300000 0.906984375
v 0.501562500 0.220625000 0.907812500
vt 0.01562500 0.98437500
vt 0.48437500 0.98437500
vt 0.48437500 0.51562500
vn 0.00000000 -0.52999894 0.84799830
vn 0.00000000 -0.52999894 0.84799830
vn 0.00000000 -0.52999894 0.84799830
f 2503/2503/2503 2504/2504/2504 2505/2505/2505
v 0.498437500 0.220625000 0.907812500
v 0.501562500 0.220625000 0.907812500
v 0.500000000 0.221950000 0.908640625
vt 0.01562500 0.98437500
vt 0.48437500 0.98437500
vt 0.48437500 0.51562500
vn 0.00000000 -0.52999894 0.84799830
vn 0.00000000 -0.52999894 0.84799830
vn 0.00000000 -0.52999894 0.84799830
f 2506/2506/2506 2507/2507/2507 2508/2508/2508
g gore_seam_04_3
usemtl parachute
v 0.498437500 0.220625000 0.907812500
v 0.500000000 0.219624720 0.906612158
v 0.500000000 0.125874720 0.984737158
v 0.498437500 0.126875000 0.985937500
vt 0.01562500 0.98437500
vt 0.48437500 0.98437500
vt 0.48437500 0.51562500
vt 0.01562500 0.51562500
vn -0.70710544 -0.45267959 -0.54321551
vn -0.70710544 -0.45267959 -0.54321551
vn -0.70710544 -0.45267959 -0.54321551
vn -0.70710544 -0.45267959 -0.54321551
f 2509/2509/2509 2510/2510/2510 2511/2511/2511
f 2509/2509/2509 2511/2511/2511 2512/2512/2512
v 0.500000000 0.219624720 0.906612158
v 0.501562500 0.220625000 0.907812500
v 0.501562500 0.126875000 0.985937500
v 0.500000000 0.125874720 0.984737158
vt 0.01562500 0.98437500
vt 0.48437500 0.98437500
vt 0.48437500 0.51562500
vt 0.01562500 0.51562500
vn 0.70710544 -0.45267959 -0.54321551
vn 0.70710544 -0.45267959 -0.54321551
vn 0.70710544 -0.45267959 -0.54321551
vn 0.70710544 -0.45267959 -0.54321551
f 2513/2513/2513 2514/2514/2514 2515/2515/2515
f 2513/2513/2513 2515/2515/2515 2516/2516/2516
v 0.501562500 0.220625000 0.907812500
v 0.500000000 0.221625280 0.909012845
v 0.500000000 0.127875280 0.987137845
v 0.501562500 0.126875000 0.985937500
vt 0.01562500 0.98437500
vt 0.48437500 0.98437500
vt 0.48437500 0.51562500
vt 0.01562500 0.51562500
vn 0.70710544 0.45267959 0.54321551
vn 0.70710544 0.45267959 0.54321551
vn 0.70710544 0.45267959 0.54321551
vn 0.70710544 0.45267959 0.54321551
f 2517/2517/2517 2518/2518/2518 2519/2519/2519
f 2517/2517/2517 2519/2519/2519 2520/2520/2520
v 0.500000000 0.221625280 0.909012845
v 0.498437500 0.220625000 0.907812500
v 0.498437500 0.126875000 0.985937500
v 0.500000000 0.127875280 0.987137845
vt 0.01562500 0.98437500
vt 0.48437500 0.98437500
vt 0.48437500 0.51562500
vt 0.01562500 0.51562500
vn -0.70710544 0.45267959 0.54321551
vn -0.70710544 0.45267959 0.54321551
vn -0.70710544 0.45267959 0.54321551
vn -0.70710544 0.45267959 0.54321551
f 2521/2521/2521 2522/2522/2522 2523/2523/2523
f 2521/2521/2521 2523/2523/2523 2524/2524/2524
v 0.501562500 0.220625000 0.907812500
v 0.500000000 0.219624720 0.906612158
v 0.498437500 0.220625000 0.907812500
vt 0.48437500 0.51562500
vt 0.48437500 0.98437500
vt 0.01562500 0.98437500
vn 0.00000000 0.76822292 -0.64018243
vn 0.00000000 0.76822292 -0.64018243
vn 0.00000000 0.76822292 -0.64018243
f 2525/2525/2525 2526/2526/2526 2527/2527/2527
v 0.500000000 0.221625280 0.909012845
v 0.501562500 0.220625000 0.907812500
v 0.498437500 0.220625000 0.907812500
vt 0.48437500 0.51562500
vt 0.48437500 0.98437500
vt 0.01562500 0.98437500
vn 0.00000000 0.76822292 -0.64018243
vn 0.00000000 0.76822292 -0.64018243
vn 0.00000000 0.76822292 -0.64018243
f 2528/2528/2528 2529/2529/2529 2530/2530/2530
v 0.498437500 0.126875000 0.985937500
v 0.500000000 0.125874720 0.984737158
v 0.501562500 0.126875000 0.985937500
vt 0.01562500 0.98437500
vt 0.48437500 0.98437500
vt 0.48437500 0.51562500
vn 0.00000000 -0.76822292 0.64018243
vn 0.00000000 -0.76822292 0.64018243
vn 0.00000000 -0.76822292 0.64018243
f 2531/2531/2531 2532/2532/2532 2533/2533/2533
v 0.498437500 0.126875000 0.985937500
v 0.501562500 0.126875000 0.985937500
v 0.500000000 0.127875280 0.987137845
vt 0.01562500 0.98437500
vt 0.48437500 0.98437500
vt 0.48437500 0.51562500
vn 0.00000000 -0.76822292 0.64018243
vn 0.00000000 -0.76822292 0.64018243
vn 0.00000000 -0.76822292 0.64018243
f 2534/2534/2534 2535/2535/2535 2536/2536/2536
g gore_seam_04_4
usemtl parachute
v 0.500000000 0.127181437 0.987469657
v 0.498437500 0.126875000 0.985937500
v 0.498437500 0.048750000 1.001562500
v 0.500000000 0.049056437 1.003094658
vt 0.01562500 0.98437500
vt 0.48437500 0.98437500
vt 0.48437500 0.51562500
vt 0.01562500 0.51562500
vn -0.70710681 0.13867504 0.69337521
vn -0.70710681 0.13867504 0.69337521
vn -0.70710681 0.13867504 0.69337521
vn -0.70710681 0.13867504 0.69337521
f 2537/2537/2537 2538/2538/2538 2539/2539/2539
f 2537/2537/2537 2539/2539/2539 2540/2540/2540
v 0.498437500 0.126875000 0.985937500
v 0.500000000 0.126568562 0.984405343
v 0.500000000 0.048443563 1.000030343
v 0.498437500 0.048750000 1.001562500
vt 0.01562500 0.98437500
vt 0.48437500 0.98437500
vt 0.48437500 0.51562500
vt 0.01562500 0.51562500
vn -0.70710681 -0.13867504 -0.69337521
vn -0.70710681 -0.13867504 -0.69337521
vn -0.70710681 -0.13867504 -0.69337521
vn -0.70710681 -0.13867504 -0.69337521
f 2541/2541/2541 2542/2542/2542 2543/2543/2543
f 2541/2541/2541 2543/2543/2543 2544/2544/2544
v 0.500000000 0.126568562 0.984405343
v 0.501562500 0.126875000 0.985937500
v 0.501562500 0.048750000 1.001562500
v 0.500000000 0.048443563 1.000030343
vt 0.01562500 0.98437500
vt 0.48437500 0.98437500
vt 0.48437500 0.51562500
vt 0.01562500 0.51562500
vn 0.70710681 -0.13867504 -0.69337521
vn 0.70710681 -0.13867504 -0.69337521
vn 0.70710681 -0.13867504 -0.69337521
vn 0.70710681 -0.13867504 -0.69337521
f 2545/2545/2545 2546/2546/2546 2547/2547/2547
f 2545/2545/2545 2547/2547/2547 2548/2548/2548
v 0.501562500 0.126875000 0.985937500
v 0.500000000 0.127181437 0.987469657
v 0.500000000 0.049056437 1.003094658
v 0.501562500 0.048750000 1.001562500
vt 0.01562500 0.98437500
vt 0.48437500 0.98437500
vt 0.48437500 0.51562500
vt 0.01562500 0.51562500
vn 0.70710681 0.13867504 0.69337521
vn 0.70710681 0.13867504 0.69337521
vn 0.70710681 0.13867504 0.69337521
vn 0.70710681 0.13867504 0.69337521
f 2549/2549/2549 2550/2550/2550 2551/2551/2551
f 2549/2549/2549 2551/2551/2551 2552/2552/2552
v 0.500000000 0.126568562 0.984405343
v 0.498437500 0.126875000 0.985937500
v 0.500000000 0.127181437 0.987469657
vt 0.48437500 0.51562500
vt 0.48437500 0.98437500
vt 0.01562500 0.98437500
vn 0.00000000 0.98057991 -0.19611998
vn 0.00000000 0.98057991 -0.19611998
vn 0.00000000 0.98057991 -0.19611998
f 2553/2553/2553 2554/2554/2554 2555/2555/2555
v 0.501562500 0.126875000 0.985937500
v 0.500000000 0.126568562 0.984405343
v 0.500000000 0.127181437 0.987469657
vt 0.48437500 0.51562500
vt 0.48437500 0.98437500
vt 0.01562500 0.98437500
vn -0.00000000 0.98057991 -0.19611998
vn -0.00000000 0.98057991 -0.19611998
vn -0.00000000 0.98057991 -0.19611998
f 2556/2556/2556 2557/2557/2557 2558/2558/2558
v 0.500000000 0.049056437 1.003094658
v 0.498437500 0.048750000 1.001562500
v 0.500000000 0.048443563 1.000030343
vt 0.01562500 0.98437500
vt 0.48437500 0.98437500
vt 0.48437500 0.51562500
vn 0.00000000 -0.98057991 0.19611998
vn 0.00000000 -0.98057991 0.19611998
vn 0.00000000 -0.98057991 0.19611998
f 2559/2559/2559 2560/2560/2560 2561/2561/2561
v 0.500000000 0.049056437 1.003094658
v 0.500000000 0.048443563 1.000030343
v 0.501562500 0.048750000 1.001562500
vt 0.01562500 0.98437500
vt 0.48437500 0.98437500
vt 0.48437500 0.51562500
vn -0.00000000 -0.98057991 0.19611998
vn -0.00000000 -0.98057991 0.19611998
vn -0.00000000 -0.98057991 0.19611998
f 2562/2562/2562 2563/2563/2563 2564/2564/2564
g gore_seam_04_5
usemtl parachute
v 0.501562500 0.048750000 1.001562500
v 0.500000000 0.047883280 1.002862577
v 0.500000000 0.001008280 0.971612577
v 0.501562500 0.001875000 0.970312500
vt 0.01562500 0.98437500
vt 0.48437500 0.98437500
vt 0.48437500 0.51562500
vt 0.01562500 0.51562500
vn 0.70710666 -0.39223234 0.58834851
vn 0.70710666 -0.39223234 0.58834851
vn 0.70710666 -0.39223234 0.58834851
vn 0.70710666 -0.39223234 0.58834851
f 2565/2565/2565 2566/2566/2566 2567/2567/2567
f 2565/2565/2565 2567/2567/2567 2568/2568/2568
v 0.500000000 0.047883280 1.002862577
v 0.498437500 0.048750000 1.001562500
v 0.498437500 0.001875000 0.970312500
v 0.500000000 0.001008280 0.971612577
vt 0.01562500 0.98437500
vt 0.48437500 0.98437500
vt 0.48437500 0.51562500
vt 0.01562500 0.51562500
vn -0.70710666 -0.39223234 0.58834851
vn -0.70710666 -0.39223234 0.58834851
vn -0.70710666 -0.39223234 0.58834851
vn -0.70710666 -0.39223234 0.58834851
f 2569/2569/2569 2570/2570/2570 2571/2571/2571
f 2569/2569/2569 2571/2571/2571 2572/2572/2572
v 0.498437500 0.048750000 1.001562500
v 0.500000000 0.049616717 1.000262423
v 0.500000000 0.002741717 0.969012423
v 0.498437500 0.001875000 0.970312500
vt 0.01562500 0.98437500
vt 0.48437500 0.98437500
vt 0.48437500 0.51562500
vt 0.01562500 0.51562500
vn -0.70710666 0.39223234 -0.58834851
vn -0.70710666 0.39223234 -0.58834851
vn -0.70710666 0.39223234 -0.58834851
vn -0.70710666 0.39223234 -0.58834851
f 2573/2573/2573 2574/2574/2574 2575/2575/2575
f 2573/2573/2573 2575/2575/2575 2576/2576/2576
v 0.500000000 0.049616717 1.000262423
v 0.501562500 0.048750000 1.001562500
v 0.501562500 0.001875000 0.970312500
v 0.500000000 0.002741717 0.969012423
vt 0.01562500 0.98437500
vt 0.48437500 0.98437500
vt 0.48437500 0.51562500
vt 0.01562500 0.51562500
vn 0.70710666 0.39223234 -0.58834851
vn 0.70710666 0.39223234 -0.58834851
vn 0.70710666 0.39223234 -0.58834851
vn 0.70710666 0.39223234 -0.58834851
f 2577/2577/2577 2578/2578/2578 2579/2579/2579
f 2577/2577/2577 2579/2579/2579 2580/2580/2580
v 0.498437500 0.048750000 1.001562500
v 0.500000000 0.047883280 1.002862577
v 0.501562500 0.048750000 1.001562500
vt 0.48437500 0.51562500
vt 0.48437500 0.98437500
vt 0.01562500 0.98437500
vn -0.00000000 0.83205029 0.55470020
vn -0.00000000 0.83205029 0.55470020
vn -0.00000000 0.83205029 0.55470020
f 2581/2581/2581 2582/2582/2582 2583/2583/2583
v 0.500000000 0.049616717 1.000262423
v 0.498437500 0.048750000 1.001562500
v 0.501562500 0.048750000 1.001562500
vt 0.48437500 0.51562500
vt 0.48437500 0.98437500
vt 0.01562500 0.98437500
vn 0.00000000 0.83205029 0.55470020
vn 0.00000000 0.83205029 0.55470020
vn 0.00000000 0.83205029 0.55470020
f 2584/2584/2584 2585/2585/2585 2586/2586/2586
v 0.501562500 0.001875000 0.970312500
v 0.500000000 0.001008280 0.971612577
v 0.498437500 0.001875000 0.970312500
vt 0.01562500 0.98437500
vt 0.48437500 0.98437500
vt 0.48437500 0.51562500
vn -0.00000000 -0.83205029 -0.55470020
vn -0.00000000 -0.83205029 -0.55470020
vn -0.00000000 -0.83205029 -0.55470020
f 2587/2587/2587 2588/2588/2588 2589/2589/2589
v 0.501562500 0.001875000 0.970312500
v 0.498437500 0.001875000 0.970312500
v 0.500000000 0.002741717 0.969012423
vt 0.01562500 0.98437500
vt 0.48437500 0.98437500
vt 0.48437500 0.51562500
vn -0.00000000 -0.83205029 -0.55470020
vn -0.00000000 -0.83205029 -0.55470020
vn -0.00000000 -0.83205029 -0.55470020
f 2590/2590/2590 2591/2591/2591 2592/2592/2592
g gore_seam_05_0
usemtl parachute
v 0.480678078 0.361250000 0.530341530
v 0.482144923 0.359704125 0.530925905
v 0.429019922 0.344079125 0.622941110
v 0.427553077 0.345625000 0.622356735
vt 0.01562500 0.98437500
vt 0.48437500 0.98437500
vt 0.48437500 0.51562500
vt 0.01562500 0.51562500
vn -0.56093052 -0.69958469 -0.44264908
vn -0.56093052 -0.69958469 -0.44264908
vn -0.56093052 -0.69958469 -0.44264908
vn -0.56093052 -0.69958469 -0.44264908
f 2593/2593/2593 2594/2594/2594 2595/2595/2595
f 2593/2593/2593 2595/2595/2595 2596/2596/2596
v 0.482144923 0.359704125 0.530925905
v 0.483384423 0.361250000 0.531904030
v 0.430259422 0.345625000 0.623919235
v 0.429019922 0.344079125 0.622941110
vt 0.01562500 0.98437500
vt 0.48437500 0.98437500
vt 0.48437500 0.51562500
vt 0.01562500 0.51562500
vn 0.66381231 -0.69958258 0.26445686
vn 0.66381231 -0.69958258 0.26445686
vn 0.66381231 -0.69958258 0.26445686
vn 0.66381231 -0.69958258 0.26445686
f 2597/2597/2597 2598/2598/2598 2599/2599/2599
f 2597/2597/2597 2599/2599/2599 2600/2600/2600
v 0.483384423 0.361250000 0.531904030
v 0.481917577 0.362795875 0.531319673
v 0.428792577 0.347170875 0.623334860
v 0.430259422 0.345625000 0.623919235
vt 0.01562500 0.98437500
vt 0.48437500 0.98437500
vt 0.48437500 0.51562500
vt 0.01562500 0.51562500
vn 0.56093257 0.69958249 0.44264996
vn 0.56093257 0.69958249 0.44264996
vn 0.56093257 0.69958249 0.44264996
vn 0.56093257 0.69958249 0.44264996
f 2601/2601/2601 2602/2602/2602 2603/2603/2603
f 2601/2601/2601 2603/2603/2603 2604/2604/2604
v 0.481917577 0.362795875 0.531319673
v 0.480678078 0.361250000 0.530341530
v 0.427553077 0.345625000 0.622356735
v 0.428792577 0.347170875 0.623334860
vt 0.01562500 0.98437500
vt 0.48437500 0.98437500
vt 0.48437500 0.51562500
vt 0.01562500 0.51562500
vn -0.66381126 0.69958389 -0.26445603
vn -0.66381126 0.69958389 -0.26445603
vn -0.66381126 0.69958389 -0.26445603
vn -0.66381126 0.69958389 -0.26445603
f 2605/2605/2605 2606/2606/2606 2607/2607/2607
f 2605/2605/2605 2607/2607/2607 2608/2608/2608
v 0.483384423 0.361250000 0.531904030
v 0.482144923 0.359704125 0.530925905
v 0.480678078 0.361250000 0.530341530
vt 0.48437500 0.51562500
vt 0.48437500 0.98437500
vt 0.01562500 0.98437500
vn 0.49467759 0.14549407 -0.85681127
vn 0.49467759 0.14549407 -0.85681127
vn 0.49467759 0.14549407 -0.85681127
f 2609/2609/2609 2610/2610/2610 2611/2611/2611
v 0.481917577 0.362795875 0.531319673
v 0.483384423 0.361250000 0.531904030
v 0.480678078 0.361250000 0.530341530
vt 0.48437500 0.51562500
vt 0.48437500 0.98437500
vt 0.01562500 0.98437500
vn 0.49467697 0.14550255 -0.85681019
vn 0.49467697 0.14550255 -0.85681019
vn 0.49467697 0.14550255 -0.85681019
f 2612/2612/2612 2613/2613/2613 2614/2614/2614
v 0.427553077 0.345625000 0.622356735
v 0.429019922 0.344079125 0.622941110
v 0.430259422 0.345625000 0.623919235
vt 0.01562500 0.98437500
vt 0.48437500 0.98437500
vt 0.48437500 0.51562500
vn -0.49467759 -0.14549407 0.85681127
vn -0.49467759 -0.14549407 0.85681127
vn -0.49467759 -0.14549407 0.85681127
f 2615/2615/2615 2616/2616/2616 2617/2617/2617
v 0.427553077 0.345625000 0.622356735
v 0.430259422 0.345625000 0.623919235
v 0.428792577 0.347170875 0.623334860
vt 0.01562500 0.98437500
vt 0.48437500 0.98437500
vt 0.48437500 0.51562500
vn -0.49467759 -0.14549407 0.85681127
vn -0.49467759 -0.14549407 0.85681127
vn -0.49467759 -0.14549407 0.85681127
f 2618/2618/2618 2619/2619/2619 2620/2620/2620
g gore_seam_05_1
usemtl parachute
v 0.427553077 0.345625000 0.622356735
v 0.429153297 0.344142687 0.622710077
v 0.358840797 0.297267687 0.744494905
v 0.357240577 0.298750000 0.744141562
vt 0.01562500 0.98437500
vt 0.48437500 0.98437500
vt 0.48437500 0.51562500
vt 0.01562500 0.51562500
vn -0.50056737 -0.67082195 -0.54720217
vn -0.50056737 -0.67082195 -0.54720217
vn -0.50056737 -0.67082195 -0.54720217
vn -0.50056737 -0.67082195 -0.54720217
f 2621/2621/2621 2622/2622/2622 2623/2623/2623
f 2621/2621/2621 2623/2623/2623 2624/2624/2624
v 0.429153297 0.344142687 0.622710077
v 0.430259422 0.345625000 0.623919235
v 0.359946922 0.298750000 0.745704062
v 0.358840797 0.297267687 0.744494905
vt 0.01562500 0.98437500
vt 0.48437500 0.98437500
vt 0.48437500 0.51562500
vt 0.01562500 0.51562500
vn 0.72417295 -0.67082426 0.15990107
vn 0.72417295 -0.67082426 0.15990107
vn 0.72417295 -0.67082426 0.15990107
vn 0.72417295 -0.67082426 0.15990107
f 2625/2625/2625 2626/2626/2626 2627/2627/2627
f 2625/2625/2625 2627/2627/2627 2628/2628/2628
v 0.430259422 0.345625000 0.623919235
v 0.428659203 0.347107312 0.623565890
v 0.358346703 0.300232312 0.745350718
v 0.359946922 0.298750000 0.745704062
vt 0.01562500 0.98437500
vt 0.48437500 0.98437500
vt 0.48437500 0.51562500
vt 0.01562500 0.51562500
vn 0.50056737 0.67082195 0.54720217
vn 0.50056737 0.67082195 0.54720217
vn 0.50056737 0.67082195 0.54720217
vn 0.50056737 0.67082195 0.54720217
f 2629/2629/2629 2630/2630/2630 2631/2631/2631
f 2629/2629/2629 2631/2631/2631 2632/2632/2632
v 0.428659203 0.347107312 0.623565890
v 0.427553077 0.345625000 0.622356735
v 0.357240577 0.298750000 0.744141562
v 0.358346703 0.300232312 0.745350718
vt 0.01562500 0.98437500
vt 0.48437500 0.98437500
vt 0.48437500 0.51562500
vt 0.01562500 0.51562500
vn -0.72417295 0.67082426 -0.15990107
vn -0.72417295 0.67082426 -0.15990107
vn -0.72417295 0.67082426 -0.15990107
vn -0.72417295 0.67082426 -0.15990107
f 2633/2633/2633 2634/2634/2634 2635/2635/2635
f 2633/2633/2633 2635/2635/2635 2636/2636/2636
v 0.430259422 0.345625000 0.623919235
v 0.429153297 0.344142687 0.622710077
v 0.427553077 0.345625000 0.622356735
vt 0.48437500 0.51562500
vt 0.48437500 0.98437500
vt 0.01562500 0.98437500
vn 0.47434005 0.31622601 -0.82158543
vn 0.47434005 0.31622601 -0.82158543
vn 0.47434005 0.31622601 -0.82158543
f 2637/2637/2637 2638/2638/2638 2639/2639/2639
v 0.428659203 0.347107312 0.623565890
v 0.430259422 0.345625000 0.623919235
v 0.427553077 0.345625000 0.622356735
vt 0.48437500 0.51562500
vt 0.48437500 0.98437500
vt 0.01562500 0.98437500
vn 0.47434005 0.31622601 -0.82158543
vn 0.47434005 0.31622601 -0.82158543
vn 0.47434005 0.31622601 -0.82158543
f 2640/2640/2640 2641/2641/2641 2642/2642/2642
v 0.357240577 0.298750000 0.744141562
v 0.358840797 0.297267687 0.744494905
v 0.359946922 0.298750000 0.745704062
vt 0.01562500 0.98437500
vt 0.48437500 0.98437500
vt 0.48437500 0.51562500
vn -0.47434005 -0.31622601 0.82158543
vn -0.47434005 -0.31622601 0.82158543
vn -0.47434005 -0.31622601 0.82158543
f 2643/2643/2643 2644/2644/2644 2645/2645/2645
v 0.357240577 0.298750000 0.744141562
v 0.359946922 0.298750000 0.745704062
v 0.358346703 0.300232312 0.745350718
vt 0.01562500 0.98437500
vt 0.48437500 0.98437500
vt 0.48437500 0.51562500
vn -0.47434005 -0.31622601 0.82158543
vn -0.47434005 -0.31622601 0.82158543
vn -0.47434005 -0.31622601 0.82158543
f 2646/2646/2646 2647/2647/2647 2648/2648/2648
g gore_seam_05_2
usemtl parachute
v 0.357240577 0.298750000 0.744141562
v 0.359007813 0.297425000 0.744205640
v 0.296507813 0.219300000 0.852458812
v 0.294740577 0.220625000 0.852394735
vt 0.01562500 0.98437500
vt 0.48437500 0.98437500
vt 0.48437500 0.51562500
vt 0.01562500 0.51562500
vn -0.42498787 -0.59962657 -0.67811009
vn -0.42498787 -0.59962657 -0.67811009
vn -0.42498787 -0.59962657 -0.67811009
vn -0.42498787 -0.59962657 -0.67811009
f 2649/2649/2649 2650/2650/2650 2651/2651/2651
f 2649/2649/2649 2651/2651/2651 2652/2652/2652
v 0.359007813 0.297425000 0.744205640
v 0.359946922 0.298750000 0.745704062
v 0.297446922 0.220625000 0.853957235
v 0.296507813 0.219300000 0.852458812
vt 0.01562500 0.98437500
vt 0.48437500 0.98437500
vt 0.48437500 0.51562500
vt 0.01562500 0.51562500
vn 0.79975471 -0.59962627 0.02899561
vn 0.79975471 -0.59962627 0.02899561
vn 0.79975471 -0.59962627 0.02899561
vn 0.79975471 -0.59962627 0.02899561
f 2653/2653/2653 2654/2654/2654 2655/2655/2655
f 2653/2653/2653 2655/2655/2655 2656/2656/2656
v 0.359946922 0.298750000 0.745704062
v 0.358179688 0.300075000 0.745639985
v 0.295679688 0.221950000 0.853893157
v 0.297446922 0.220625000 0.853957235
vt 0.01562500 0.98437500
vt 0.48437500 0.98437500
vt 0.48437500 0.51562500
vt 0.01562500 0.51562500
vn 0.42498787 0.59962657 0.67811009
vn 0.42498787 0.59962657 0.67811009
vn 0.42498787 0.59962657 0.67811009
vn 0.42498787 0.59962657 0.67811009
f 2657/2657/2657 2658/2658/2658 2659/2659/2659
f 2657/2657/2657 2659/2659/2659 2660/2660/2660
v 0.358179688 0.300075000 0.745639985
v 0.357240577 0.298750000 0.744141562
v 0.294740577 0.220625000 0.852394735
v 0.295679688 0.221950000 0.853893157
vt 0.01562500 0.98437500
vt 0.48437500 0.98437500
vt 0.48437500 0.51562500
vt 0.01562500 0.51562500
vn -0.79975471 0.59962627 -0.02899561
vn -0.79975471 0.59962627 -0.02899561
vn -0.79975471 0.59962627 -0.02899561
vn -0.79975471 0.59962627 -0.02899561
f 2661/2661/2661 2662/2662/2662 2663/2663/2663
f 2661/2661/2661 2663/2663/2663 2664/2664/2664
v 0.359946922 0.298750000 0.745704062
v 0.359007813 0.297425000 0.744205640
v 0.357240577 0.298750000 0.744141562
vt 0.48437500 0.51562500
vt 0.48437500 0.98437500
vt 0.01562500 0.98437500
vn 0.42399814 0.52999678 -0.73439022
vn 0.42399814 0.52999678 -0.73439022
vn 0.42399814 0.52999678 -0.73439022
f 2665/2665/2665 2666/2666/2666 2667/2667/2667
v 0.358179688 0.300075000 0.745639985
v 0.359946922 0.298750000 0.745704062
v 0.357240577 0.298750000 0.744141562
vt 0.48437500 0.51562500
vt 0.48437500 0.98437500
vt 0.01562500 0.98437500
vn 0.42399814 0.52999678 -0.73439022
vn 0.42399814 0.52999678 -0.73439022
vn 0.42399814 0.52999678 -0.73439022
f 2668/2668/2668 2669/2669/2669 2670/2670/2670
v 0.294740577 0.220625000 0.852394735
v 0.296507813 0.219300000 0.852458812
v 0.297446922 0.220625000 0.853957235
vt 0.01562500 0.98437500
vt 0.48437500 0.98437500
vt 0.48437500 0.51562500
vn -0.42399814 -0.52999678 0.73439022
vn -0.42399814 -0.52999678 0.73439022
vn -0.42399814 -0.52999678 0.73439022
f 2671/2671/2671 2672/2672/2672 2673/2673/2673
v 0.294740577 0.220625000 0.852394735
v 0.297446922 0.220625000 0.853957235
v 0.295679688 0.221950000 0.853893157
vt 0.01562500 0.98437500
vt 0.48437500 0.98437500
vt 0.48437500 0.51562500
vn -0.42399814 -0.52999678 0.73439022
vn -0.42399814 -0.52999678 0.73439022
vn -0.42399814 -0.52999678 0.73439022
f 2674/2674/2674 2675/2675/2675 2676/2676/2676
g gore_seam_05_3
usemtl parachute
v 0.294740577 0.220625000 0.852394735
v 0.296693923 0.219624720 0.852136452
v 0.257631423 0.125874720 0.919794688
v 0.255678077 0.126875000 0.920052967
vt 0.01562500 0.98437500
vt 0.48437500 0.98437500
vt 0.48437500 0.51562500
vt 0.01562500 0.51562500
vn -0.34076355 -0.45267957 -0.82399115
vn -0.34076355 -0.45267957 -0.82399115
vn -0.34076355 -0.45267957 -0.82399115
vn -0.34076355 -0.45267957 -0.82399115
f 2677/2677/2677 2678/2678/2678 2679/2679/2679
f 2677/2677/2677 2679/2679/2679 2680/2680/2680
v 0.296693923 0.219624720 0.852136452
v 0.297446922 0.220625000 0.853957235
v 0.258384422 0.126875000 0.921615468
v 0.257631423 0.125874720 0.919794688
vt 0.01562500 0.98437500
vt 0.48437500 0.98437500
vt 0.48437500 0.51562500
vt 0.01562500 0.51562500
vn 0.88397810 -0.45268082 -0.11688794
vn 0.88397810 -0.45268082 -0.11688794
vn 0.88397810 -0.45268082 -0.11688794
vn 0.88397810 -0.45268082 -0.11688794
f 2681/2681/2681 2682/2682/2682 2683/2683/2683
f 2681/2681/2681 2683/2683/2683 2684/2684/2684
v 0.297446922 0.220625000 0.853957235
v 0.295493577 0.221625280 0.854215515
v 0.256431077 0.127875280 0.921873750
v 0.258384422 0.126875000 0.921615468
vt 0.01562500 0.98437500
vt 0.48437500 0.98437500
vt 0.48437500 0.51562500
vt 0.01562500 0.51562500
vn 0.34076355 0.45267957 0.82399115
vn 0.34076355 0.45267957 0.82399115
vn 0.34076355 0.45267957 0.82399115
vn 0.34076355 0.45267957 0.82399115
f 2685/2685/2685 2686/2686/2686 2687/2687/2687
f 2685/2685/2685 2687/2687/2687 2688/2688/2688
v 0.295493577 0.221625280 0.854215515
v 0.294740577 0.220625000 0.852394735
v 0.255678077 0.126875000 0.920052967
v 0.256431077 0.127875280 0.921873750
vt 0.01562500 0.98437500
vt 0.48437500 0.98437500
vt 0.48437500 0.51562500
vt 0.01562500 0.51562500
vn -0.88397810 0.45268082 0.11688794
vn -0.88397810 0.45268082 0.11688794
vn -0.88397810 0.45268082 0.11688794
vn -0.88397810 0.45268082 0.11688794
f 2689/2689/2689 2690/2690/2690 2691/2691/2691
f 2689/2689/2689 2691/2691/2691 2692/2692/2692
v 0.297446922 0.220625000 0.853957235
v 0.296693923 0.219624720 0.852136452
v 0.294740577 0.220625000 0.852394735
vt 0.48437500 0.51562500
vt 0.48437500 0.98437500
vt 0.01562500 0.98437500
vn 0.32008952 0.76822362 -0.55441426
vn 0.32008952 0.76822362 -0.55441426
vn 0.32008952 0.76822362 -0.55441426
f 2693/2693/2693 2694/2694/2694 2695/2695/2695
v 0.295493577 0.221625280 0.854215515
v 0.297446922 0.220625000 0.853957235
v 0.294740577 0.220625000 0.852394735
vt 0.48437500 0.51562500
vt 0.48437500 0.98437500
vt 0.01562500 0.98437500
vn 0.32008952 0.76822362 -0.55441426
vn 0.32008952 0.76822362 -0.55441426
vn 0.32008952 0.76822362 -0.55441426
f 2696/2696/2696 2697/2697/2697 2698/2698/2698
v 0.255678077 0.126875000 0.920052967
v 0.257631423 0.125874720 0.919794688
v 0.258384422 0.126875000 0.921615468
vt 0.01562500 0.98437500
vt 0.48437500 0.98437500
vt 0.48437500 0.51562500
vn -0.32008952 -0.76822362 0.55441426
vn -0.32008952 -0.76822362 0.55441426
vn -0.32008952 -0.76822362 0.55441426
f 2699/2699/2699 2700/2700/2700 2701/2701/2701
v 0.255678077 0.126875000 0.920052967
v 0.258384422 0.126875000 0.921615468
v 0.256431077 0.127875280 0.921873750
vt 0.01562500 0.98437500
vt 0.48437500 0.98437500
vt 0.48437500 0.51562500
vn -0.32008952 -0.76822362 0.55441426
vn -0.32008952 -0.76822362 0.55441426
vn -0.32008952 -0.76822362 0.55441426
f 2702/2702/2702 2703/2703/2703 2704/2704/2704
g gore_seam_05_4
usemtl parachute
v 0.257031250 0.127141657 0.922373797
v 0.255476280 0.127025968 0.920808078
v 0.247663780 0.048900970 0.934339717
v 0.249218750 0.049016655 0.935905437
vt 0.01562500 0.98437500
vt 0.48437500 0.98437500
vt 0.48437500 0.51562500
vt 0.01562500 0.51562500
vn -0.70369739 0.18899806 0.68490125
vn -0.70369739 0.18899806 0.68490125
vn -0.70369739 0.18899806 0.68490125
vn -0.70369739 0.18899806 0.68490125
f 2705/2705/2705 2706/2706/2706 2707/2707/2707
f 2705/2705/2705 2707/2707/2707 2708/2708/2708
v 0.255476280 0.127025968 0.920808078
v 0.257031250 0.126608345 0.919294640
v 0.249218750 0.048483342 0.932826298
v 0.247663780 0.048900970 0.934339717
vt 0.01562500 0.98437500
vt 0.48437500 0.98437500
vt 0.48437500 0.51562500
vt 0.01562500 0.51562500
vn -0.70370119 -0.05235691 -0.70856432
vn -0.70370119 -0.05235691 -0.70856432
vn -0.70370119 -0.05235691 -0.70856432
vn -0.70370119 -0.05235691 -0.70856432
f 2709/2709/2709 2710/2710/2710 2711/2711/2711
f 2709/2709/2709 2711/2711/2711 2712/2712/2712
v 0.257031250 0.126608345 0.919294640
v 0.258586217 0.126724030 0.920860375
v 0.250773717 0.048599030 0.934392015
v 0.249218750 0.048483342 0.932826298
vt 0.01562500 0.98437500
vt 0.48437500 0.98437500
vt 0.48437500 0.51562500
vt 0.01562500 0.51562500
vn 0.70370079 -0.18899781 -0.68489782
vn 0.70370079 -0.18899781 -0.68489782
vn 0.70370079 -0.18899781 -0.68489782
vn 0.70370079 -0.18899781 -0.68489782
f 2713/2713/2713 2714/2714/2714 2715/2715/2715
f 2713/2713/2713 2715/2715/2715 2716/2716/2716
v 0.258586217 0.126724030 0.920860375
v 0.257031250 0.127141657 0.922373797
v 0.249218750 0.049016655 0.935905437
v 0.250773717 0.048599030 0.934392015
vt 0.01562500 0.98437500
vt 0.48437500 0.98437500
vt 0.48437500 0.51562500
vt 0.01562500 0.51562500
vn 0.70369765 0.05235772 0.70856777
vn 0.70369765 0.05235772 0.70856777
vn 0.70369765 0.05235772 0.70856777
vn 0.70369765 0.05235772 0.70856777
f 2717/2717/2717 2718/2718/2718 2719/2719/2719
f 2717/2717/2717 2719/2719/2719 2720/2720/2720
v 0.257031250 0.126608345 0.919294640
v 0.255476280 0.127025968 0.920808078
v 0.257031250 0.127141657 0.922373797
vt 0.48437500 0.51562500
vt 0.48437500 0.98437500
vt 0.01562500 0.98437500
vn 0.09805780 0.98058140 -0.16983754
vn 0.09805780 0.98058140 -0.16983754
vn 0.09805780 0.98058140 -0.16983754
f 2721/2721/2721 2722/2722/2722 2723/2723/2723
v 0.258586217 0.126724030 0.920860375
v 0.257031250 0.126608345 0.919294640
v 0.257031250 0.127141657 0.922373797
vt 0.48437500 0.51562500
vt 0.48437500 0.98437500
vt 0.01562500 0.98437500
vn 0.09805949 0.98058123 -0.16983751
vn 0.09805949 0.98058123 -0.16983751
vn 0.09805949 0.98058123 -0.16983751
f 2724/2724/2724 2725/2725/2725 2726/2726/2726
v 0.249218750 0.049016655 0.935905437
v 0.247663780 0.048900970 0.934339717
v 0.249218750 0.048483342 0.932826298
vt 0.01562500 0.98437500
vt 0.48437500 0.98437500
vt 0.48437500 0.51562500
vn -0.09805864 -0.98058117 0.16983836
vn -0.09805864 -0.98058117 0.16983836
vn -0.09805864 -0.98058117 0.16983836
f 2727/2727/2727 2728/2728/2728 2729/2729/2729
v 0.249218750 0.049016655 0.935905437
v 0.249218750 0.048483342 0.932826298
v 0.250773717 0.048599030 0.934392015
vt 0.01562500 0.98437500
vt 0.48437500 0.98437500
vt 0.48437500 0.51562500
vn -0.09805864 -0.98058117 0.16983836
vn -0.09805864 -0.98058117 0.16983836
vn -0.09805864 -0.98058117 0.16983836
f 2730/2730/2730 2731/2731/2731 2732/2732/2732
g gore_seam_05_5
usemtl parachute
v 0.250571922 0.048750000 0.935147110
v 0.248568703 0.047883280 0.935491765
v 0.264193702 0.001008280 0.908428470
v 0.266196922 0.001875000 0.908083828
vt 0.01562500 0.98437500
vt 0.48437500 0.98437500
vt 0.48437500 0.51562500
vt 0.01562500 0.51562500
vn 0.31819810 -0.39223237 0.86307806
vn 0.31819810 -0.39223237 0.86307806
vn 0.31819810 -0.39223237 0.86307806
vn 0.31819810 -0.39223237 0.86307806
f 2733/2733/2733 2734/2734/2734 2735/2735/2735
f 2733/2733/2733 2735/2735/2735 2736/2736/2736
v 0.248568703 0.047883280 0.935491765
v 0.247865577 0.048750000 0.933584610
v 0.263490577 0.001875000 0.906521327
v 0.264193702 0.001008280 0.908428470
vt 0.01562500 0.98437500
vt 0.48437500 0.98437500
vt 0.48437500 0.51562500
vt 0.01562500 0.51562500
vn -0.90654680 -0.39223205 0.15597088
vn -0.90654680 -0.39223205 0.15597088
vn -0.90654680 -0.39223205 0.15597088
vn -0.90654680 -0.39223205 0.15597088
f 2737/2737/2737 2738/2738/2738 2739/2739/2739
f 2737/2737/2737 2739/2739/2739 2740/2740/2740
v 0.247865577 0.048750000 0.933584610
v 0.249868798 0.049616717 0.933239970
v 0.265493798 0.002741717 0.906176673
v 0.263490577 0.001875000 0.906521327
vt 0.01562500 0.98437500
vt 0.48437500 0.98437500
vt 0.48437500 0.51562500
vt 0.01562500 0.51562500
vn -0.31819257 0.39223477 -0.86307901
vn -0.31819257 0.39223477 -0.86307901
vn -0.31819257 0.39223477 -0.86307901
vn -0.31819257 0.39223477 -0.86307901
f 2741/2741/2741 2742/2742/2742 2743/2743/2743
f 2741/2741/2741 2743/2743/2743 2744/2744/2744
v 0.249868798 0.049616717 0.933239970
v 0.250571922 0.048750000 0.935147110
v 0.266196922 0.001875000 0.908083828
v 0.265493798 0.002741717 0.906176673
vt 0.01562500 0.98437500
vt 0.48437500 0.98437500
vt 0.48437500 0.51562500
vt 0.01562500 0.51562500
vn 0.90654645 0.39223249 -0.15597183
vn 0.90654645 0.39223249 -0.15597183
vn 0.90654645 0.39223249 -0.15597183
vn 0.90654645 0.39223249 -0.15597183
f 2745/2745/2745 2746/2746/2746 2747/2747/2747
f 2745/2745/2745 2747/2747/2747 2748/2748/2748
v 0.247865577 0.048750000 0.933584610
v 0.248568703 0.047883280 0.935491765
v 0.250571922 0.048750000 0.935147110
vt 0.48437500 0.51562500
vt 0.48437500 0.98437500
vt 0.01562500 0.98437500
vn -0.27734771 0.83205201 0.48038287
vn -0.27734771 0.83205201 0.48038287
vn -0.27734771 0.83205201 0.48038287
f 2749/2749/2749 2750/2750/2750 2751/2751/2751
v 0.249868798 0.049616717 0.933239970
v 0.247865577 0.048750000 0.933584610
v 0.250571922 0.048750000 0.935147110
vt 0.48437500 0.51562500
vt 0.48437500 0.98437500
vt 0.01562500 0.98437500
vn -0.27734970 0.83204935 0.48038633
vn -0.27734970 0.83204935 0.48038633
vn -0.27734970 0.83204935 0.48038633
f 2752/2752/2752 2753/2753/2753 2754/2754/2754
v 0.266196922 0.001875000 0.908083828
v 0.264193702 0.001008280 0.908428470
v 0.263490577 0.001875000 0.906521327
vt 0.01562500 0.98437500
vt 0.48437500 0.98437500
vt 0.48437500 0.51562500
vn 0.27734970 -0.83204935 -0.48038633
vn 0.27734970 -0.83204935 -0.48038633
vn 0.27734970 -0.83204935 -0.48038633
f 2755/2755/2755 2756/2756/2756 2757/2757/2757
v 0.266196922 0.001875000 0.908083828
v 0.263490577 0.001875000 0.906521327
v 0.265493798 0.002741717 0.906176673
vt 0.01562500 0.98437500
vt 0.48437500 0.98437500
vt 0.48437500 0.51562500
vn 0.27734771 -0.83205201 -0.48038287
vn 0.27734771 -0.83205201 -0.48038287
vn 0.27734771 -0.83205201 -0.48038287
f 2758/2758/2758 2759/2759/2759 2760/2760/2760
g gore_seam_06_0
usemtl parachute
v 0.468095967 0.361250000 0.516615577
v 0.469074095 0.359704125 0.517855078
v 0.377058890 0.344079125 0.570980078
v 0.376080765 0.345625000 0.569740577
vt 0.01562500 0.98437500
vt 0.48437500 0.98437500
vt 0.48437500 0.51562500
vt 0.01562500 0.51562500
vn -0.26445686 -0.69958258 -0.66381231
vn -0.26445686 -0.69958258 -0.66381231
vn -0.26445686 -0.69958258 -0.66381231
vn -0.26445686 -0.69958258 -0.66381231
f 2761/2761/2761 2762/2762/2762 2763/2763/2763
f 2761/2761/2761 2763/2763/2763 2764/2764/2764
v 0.469074095 0.359704125 0.517855078
v 0.469658470 0.361250000 0.519321922
v 0.377643265 0.345625000 0.572446922
v 0.377058890 0.344079125 0.570980078
vt 0.01562500 0.98437500
vt 0.48437500 0.98437500
vt 0.48437500 0.51562500
vt 0.01562500 0.51562500
vn 0.44264908 -0.69958469 0.56093052
vn 0.44264908 -0.69958469 0.56093052
vn 0.44264908 -0.69958469 0.56093052
vn 0.44264908 -0.69958469 0.56093052
f 2765/2765/2765 2766/2766/2766 2767/2767/2767
f 2765/2765/2765 2767/2767/2767 2768/2768/2768
v 0.469658470 0.361250000 0.519321922
v 0.468680327 0.362795875 0.518082423
v 0.376665140 0.347170875 0.571207423
v 0.377643265 0.345625000 0.572446922
vt 0.01562500 0.98437500
vt 0.48437500 0.98437500
vt 0.48437500 0.51562500
vt 0.01562500 0.51562500
vn 0.26445606 0.69958389 0.66381124
vn 0.26445606 0.69958389 0.66381124
vn 0.26445606 0.69958389 0.66381124
vn 0.26445606 0.69958389 0.66381124
f 2769/2769/2769 2770/2770/2770 2771/2771/2771
f 2769/2769/2769 2771/2771/2771 2772/2772/2772
v 0.468680327 0.362795875 0.518082423
v 0.468095967 0.361250000 0.516615577
v 0.376080765 0.345625000 0.569740577
v 0.376665140 0.347170875 0.571207423
vt 0.01562500 0.98437500
vt 0.48437500 0.98437500
vt 0.48437500 0.51562500
vt 0.01562500 0.51562500
vn -0.44264991 0.69958250 -0.56093260
vn -0.44264991 0.69958250 -0.56093260
vn -0.44264991 0.69958250 -0.56093260
vn -0.44264991 0.69958250 -0.56093260
f 2773/2773/2773 2774/2774/2774 2775/2775/2775
f 2773/2773/2773 2775/2775/2775 2776/2776/2776
v 0.469658470 0.361250000 0.519321922
v 0.469074095 0.359704125 0.517855078
v 0.468095967 0.361250000 0.516615577
vt 0.48437500 0.51562500
vt 0.48437500 0.98437500
vt 0.01562500 0.98437500
vn 0.85681127 0.14549407 -0.49467759
vn 0.85681127 0.14549407 -0.49467759
vn 0.85681127 0.14549407 -0.49467759
f 2777/2777/2777 2778/2778/2778 2779/2779/2779
v 0.468680327 0.362795875 0.518082423
v 0.469658470 0.361250000 0.519321922
v 0.468095967 0.361250000 0.516615577
vt 0.48437500 0.51562500
vt 0.48437500 0.98437500
vt 0.01562500 0.98437500
vn 0.85681019 0.14550255 -0.49467697
vn 0.85681019 0.14550255 -0.49467697
vn 0.85681019 0.14550255 -0.49467697
f 2780/2780/2780 2781/2781/2781 2782/2782/2782
v 0.376080765 0.345625000 0.569740577
v 0.377058890 0.344079125 0.570980078
v 0.377643265 0.345625000 0.572446922
vt 0.01562500 0.98437500
vt 0.48437500 0.98437500
vt 0.48437500 0.51562500
vn -0.85681127 -0.14549407 0.49467759
vn -0.85681127 -0.14549407 0.49467759
vn -0.85681127 -0.14549407 0.49467759
f 2783/2783/2783 2784/2784/2784 2785/2785/2785
v 0.376080765 0.345625000 0.569740577
v 0.377643265 0.345625000 0.572446922
v 0.376665140 0.347170875 0.571207423
vt 0.01562500 0.98437500
vt 0.48437500 0.98437500
vt 0.48437500 0.51562500
vn -0.85681127 -0.14549407 0.49467759
vn -0.85681127 -0.14549407 0.49467759
vn -0.85681127 -0.14549407 0.49467759
f 2786/2786/2786 2787/2787/2787 2788/2788/2788
g gore_seam_06_1
usemtl parachute
v 0.376080765 0.345625000 0.569740577
v 0.377289922 0.344142687 0.570846703
v 0.255505092 0.297267687 0.641159203
v 0.254295938 0.298750000 0.640053077
vt 0.01562500 0.98437500
vt 0.48437500 0.98437500
vt 0.48437500 0.51562500
vt 0.01562500 0.51562500
vn -0.15990107 -0.67082426 -0.72417295
vn -0.15990107 -0.67082426 -0.72417295
vn -0.15990107 -0.67082426 -0.72417295
vn -0.15990107 -0.67082426 -0.72417295
f 2789/2789/2789 2790/2790/2790 2791/2791/2791
f 2789/2789/2789 2791/2791/2791 2792/2792/2792
v 0.377289922 0.344142687 0.570846703
v 0.377643265 0.345625000 0.572446922
v 0.255858438 0.298750000 0.642759422
v 0.255505092 0.297267687 0.641159203
vt 0.01562500 0.98437500
vt 0.48437500 0.98437500
vt 0.48437500 0.51562500
vt 0.01562500 0.51562500
vn 0.54720217 -0.67082195 0.50056737
vn 0.54720217 -0.67082195 0.50056737
vn 0.54720217 -0.67082195 0.50056737
vn 0.54720217 -0.67082195 0.50056737
f 2793/2793/2793 2794/2794/2794 2795/2795/2795
f 2793/2793/2793 2795/2795/2795 2796/2796/2796
v 0.377643265 0.345625000 0.572446922
v 0.376434110 0.347107312 0.571340797
v 0.254649280 0.300232312 0.641653297
v 0.255858438 0.298750000 0.642759422
vt 0.01562500 0.98437500
vt 0.48437500 0.98437500
vt 0.48437500 0.51562500
vt 0.01562500 0.51562500
vn 0.15990107 0.67082426 0.72417295
vn 0.15990107 0.67082426 0.72417295
vn 0.15990107 0.67082426 0.72417295
vn 0.15990107 0.67082426 0.72417295
f 2797/2797/2797 2798/2798/2798 2799/2799/2799
f 2797/2797/2797 2799/2799/2799 2800/2800/2800
v 0.376434110 0.347107312 0.571340797
v 0.376080765 0.345625000 0.569740577
v 0.254295938 0.298750000 0.640053077
v 0.254649280 0.300232312 0.641653297
vt 0.01562500 0.98437500
vt 0.48437500 0.98437500
vt 0.48437500 0.51562500
vt 0.01562500 0.51562500
vn -0.54720217 0.67082195 -0.50056737
vn -0.54720217 0.67082195 -0.50056737
vn -0.54720217 0.67082195 -0.50056737
vn -0.54720217 0.67082195 -0.50056737
f 2801/2801/2801 2802/2802/2802 2803/2803/2803
f 2801/2801/2801 2803/2803/2803 2804/2804/2804
v 0.377643265 0.345625000 0.572446922
v 0.377289922 0.344142687 0.570846703
v 0.376080765 0.345625000 0.569740577
vt 0.48437500 0.51562500
vt 0.48437500 0.98437500
vt 0.01562500 0.98437500
vn 0.82158543 0.31622601 -0.47434005
vn 0.82158543 0.31622601 -0.47434005
vn 0.82158543 0.31622601 -0.47434005
f 2805/2805/2805 2806/2806/2806 2807/2807/2807
v 0.376434110 0.347107312 0.571340797
v 0.377643265 0.345625000 0.572446922
v 0.376080765 0.345625000 0.569740577
vt 0.48437500 0.51562500
vt 0.48437500 0.98437500
vt 0.01562500 0.98437500
vn 0.82158543 0.31622601 -0.47434005
vn 0.82158543 0.31622601 -0.47434005
vn 0.82158543 0.31622601 -0.47434005
f 2808/2808/2808 2809/2809/2809 2810/2810/2810
v 0.254295938 0.298750000 0.640053077
v 0.255505092 0.297267687 0.641159203
v 0.255858438 0.298750000 0.642759422
vt 0.01562500 0.98437500
vt 0.48437500 0.98437500
vt 0.48437500 0.51562500
vn -0.82158543 -0.31622601 0.47434005
vn -0.82158543 -0.31622601 0.47434005
vn -0.82158543 -0.31622601 0.47434005
f 2811/2811/2811 2812/2812/2812 2813/2813/2813
v 0.254295938 0.298750000 0.640053077
v 0.255858438 0.298750000 0.642759422
v 0.254649280 0.300232312 0.641653297
vt 0.01562500 0.98437500
vt 0.48437500 0.98437500
vt 0.48437500 0.51562500
vn -0.82158543 -0.31622601 0.47434005
vn -0.82158543 -0.31622601 0.47434005
vn -0.82158543 -0.31622601 0.47434005
f 2814/2814/2814 2815/2815/2815 2816/2816/2816
g gore_seam_06_2
usemtl parachute
v 0.254295938 0.298750000 0.640053077
v 0.255794360 0.297425000 0.640992187
v 0.147541188 0.219300000 0.703492187
v 0.146042765 0.220625000 0.702553077
vt 0.01562500 0.98437500
vt 0.48437500 0.98437500
vt 0.48437500 0.51562500
vt 0.01562500 0.51562500
vn -0.02899561 -0.59962627 -0.79975471
vn -0.02899561 -0.59962627 -0.79975471
vn -0.02899561 -0.59962627 -0.79975471
vn -0.02899561 -0.59962627 -0.79975471
f 2817/2817/2817 2818/2818/2818 2819/2819/2819
f 2817/2817/2817 2819/2819/2819 2820/2820/2820
v 0.255794360 0.297425000 0.640992187
v 0.255858438 0.298750000 0.642759422
v 0.147605265 0.220625000 0.705259422
v 0.147541188 0.219300000 0.703492187
vt 0.01562500 0.98437500
vt 0.48437500 0.98437500
vt 0.48437500 0.51562500
vt 0.01562500 0.51562500
vn 0.67811009 -0.59962657 0.42498787
vn 0.67811009 -0.59962657 0.42498787
vn 0.67811009 -0.59962657 0.42498787
vn 0.67811009 -0.59962657 0.42498787
f 2821/2821/2821 2822/2822/2822 2823/2823/2823
f 2821/2821/2821 2823/2823/2823 2824/2824/2824
v 0.255858438 0.298750000 0.642759422
v 0.254360015 0.300075000 0.641820312
v 0.146106843 0.221950000 0.704320312
v 0.147605265 0.220625000 0.705259422
vt 0.01562500 0.98437500
vt 0.48437500 0.98437500
vt 0.48437500 0.51562500
vt 0.01562500 0.51562500
vn 0.02899561 0.59962627 0.79975471
vn 0.02899561 0.59962627 0.79975471
vn 0.02899561 0.59962627 0.79975471
vn 0.02899561 0.59962627 0.79975471
f 2825/2825/2825 2826/2826/2826 2827/2827/2827
f 2825/2825/2825 2827/2827/2827 2828/2828/2828
v 0.254360015 0.300075000 0.641820312
v 0.254295938 0.298750000 0.640053077
v 0.146042765 0.220625000 0.702553077
v 0.146106843 0.221950000 0.704320312
vt 0.01562500 0.98437500
vt 0.48437500 0.98437500
vt 0.48437500 0.51562500
vt 0.01562500 0.51562500
vn -0.67811009 0.59962657 -0.42498787
vn -0.67811009 0.59962657 -0.42498787
vn -0.67811009 0.59962657 -0.42498787
vn -0.67811009 0.59962657 -0.42498787
f 2829/2829/2829 2830/2830/2830 2831/2831/2831
f 2829/2829/2829 2831/2831/2831 2832/2832/2832
v 0.255858438 0.298750000 0.642759422
v 0.255794360 0.297425000 0.640992187
v 0.254295938 0.298750000 0.640053077
vt 0.48437500 0.51562500
vt 0.48437500 0.98437500
vt 0.01562500 0.98437500
vn 0.73439022 0.52999678 -0.42399814
vn 0.73439022 0.52999678 -0.42399814
vn 0.73439022 0.52999678 -0.42399814
f 2833/2833/2833 2834/2834/2834 2835/2835/2835
v 0.254360015 0.300075000 0.641820312
v 0.255858438 0.298750000 0.642759422
v 0.254295938 0.298750000 0.640053077
vt 0.48437500 0.51562500
vt 0.48437500 0.98437500
vt 0.01562500 0.98437500
vn 0.73439022 0.52999678 -0.42399814
vn 0.73439022 0.52999678 -0.42399814
vn 0.73439022 0.52999678 -0.42399814
f 2836/2836/2836 2837/2837/2837 2838/2838/2838
v 0.146042765 0.220625000 0.702553077
v 0.147541188 0.219300000 0.703492187
v 0.147605265 0.220625000 0.705259422
vt 0.01562500 0.98437500
vt 0.48437500 0.98437500
vt 0.48437500 0.51562500
vn -0.73439022 -0.52999678 0.42399814
vn -0.73439022 -0.52999678 0.42399814
vn -0.73439022 -0.52999678 0.42399814
f 2839/2839/2839 2840/2840/2840 2841/2841/2841
v 0.146042765 0.220625000 0.702553077
v 0.147605265 0.220625000 0.705259422
v 0.146106843 0.221950000 0.704320312
vt 0.01562500 0.98437500
vt 0.48437500 0.98437500
vt 0.48437500 0.51562500
vn -0.73439022 -0.52999678 0.42399814
vn -0.73439022 -0.52999678 0.42399814
vn -0.73439022 -0.52999678 0.42399814
f 2842/2842/2842 2843/2843/2843 2844/2844/2844
g gore_seam_06_3
usemtl parachute
v 0.146042765 0.220625000 0.702553077
v 0.147863548 0.219624720 0.703306077
v 0.080205313 0.125874720 0.742368577
v 0.078384532 0.126875000 0.741615577
vt 0.01562500 0.98437500
vt 0.48437500 0.98437500
vt 0.48437500 0.51562500
vt 0.01562500 0.51562500
vn 0.11688794 -0.45268082 -0.88397810
vn 0.11688794 -0.45268082 -0.88397810
vn 0.11688794 -0.45268082 -0.88397810
vn 0.11688794 -0.45268082 -0.88397810
f 2845/2845/2845 2846/2846/2846 2847/2847/2847
f 2845/2845/2845 2847/2847/2847 2848/2848/2848
v 0.147863548 0.219624720 0.703306077
v 0.147605265 0.220625000 0.705259422
v 0.079947033 0.126875000 0.744321922
v 0.080205313 0.125874720 0.742368577
vt 0.01562500 0.98437500
vt 0.48437500 0.98437500
vt 0.48437500 0.51562500
vt 0.01562500 0.51562500
vn 0.82399115 -0.45267957 0.34076355
vn 0.82399115 -0.45267957 0.34076355
vn 0.82399115 -0.45267957 0.34076355
vn 0.82399115 -0.45267957 0.34076355
f 2849/2849/2849 2850/2850/2850 2851/2851/2851
f 2849/2849/2849 2851/2851/2851 2852/2852/2852
v 0.147605265 0.220625000 0.705259422
v 0.145784485 0.221625280 0.704506422
v 0.078126250 0.127875280 0.743568922
v 0.079947033 0.126875000 0.744321922
vt 0.01562500 0.98437500
vt 0.48437500 0.98437500
vt 0.48437500 0.51562500
vt 0.01562500 0.51562500
vn -0.11688794 0.45268082 0.88397810
vn -0.11688794 0.45268082 0.88397810
vn -0.11688794 0.45268082 0.88397810
vn -0.11688794 0.45268082 0.88397810
f 2853/2853/2853 2854/2854/2854 2855/2855/2855
f 2853/2853/2853 2855/2855/2855 2856/2856/2856
v 0.145784485 0.221625280 0.704506422
v 0.146042765 0.220625000 0.702553077
v 0.078384532 0.126875000 0.741615577
v 0.078126250 0.127875280 0.743568922
vt 0.01562500 0.98437500
vt 0.48437500 0.98437500
vt 0.48437500 0.51562500
vt 0.01562500 0.51562500
vn -0.82399115 0.45267957 -0.34076355
vn -0.82399115 0.45267957 -0.34076355
vn -0.82399115 0.45267957 -0.34076355
vn -0.82399115 0.45267957 -0.34076355
f 2857/2857/2857 2858/2858/2858 2859/2859/2859
f 2857/2857/2857 2859/2859/2859 2860/2860/2860
v 0.147605265 0.220625000 0.705259422
v 0.147863548 0.219624720 0.703306077
v 0.146042765 0.220625000 0.702553077
vt 0.48437500 0.51562500
vt 0.48437500 0.98437500
vt 0.01562500 0.98437500
vn 0.55441426 0.76822362 -0.32008952
vn 0.55441426 0.76822362 -0.32008952
vn 0.55441426 0.76822362 -0.32008952
f 2861/2861/2861 2862/2862/2862 2863/2863/2863
v 0.145784485 0.221625280 0.704506422
v 0.147605265 0.220625000 0.705259422
v 0.146042765 0.220625000 0.702553077
vt 0.48437500 0.51562500
vt 0.48437500 0.98437500
vt 0.01562500 0.98437500
vn 0.55441426 0.76822362 -0.32008952
vn 0.55441426 0.76822362 -0.32008952
vn 0.55441426 0.76822362 -0.32008952
f 2864/2864/2864 2865/2865/2865 2866/2866/2866
v 0.078384532 0.126875000 0.741615577
v 0.080205313 0.125874720 0.742368577
v 0.079947033 0.126875000 0.744321922
vt 0.01562500 0.98437500
vt 0.48437500 0.98437500
vt 0.48437500 0.51562500
vn -0.55441426 -0.76822362 0.32008952
vn -0.55441426 -0.76822362 0.32008952
vn -0.55441426 -0.76822362 0.32008952
f 2867/2867/2867 2868/2868/2868 2869/2869/2869
v 0.078384532 0.126875000 0.741615577
v 0.079947033 0.126875000 0.744321922
v 0.078126250 0.127875280 0.743568922
vt 0.01562500 0.98437500
vt 0.48437500 0.98437500
vt 0.48437500 0.51562500
vn -0.55441426 -0.76822362 0.32008952
vn -0.55441426 -0.76822362 0.32008952
vn -0.55441426 -0.76822362 0.32008952
f 2870/2870/2870 2871/2871/2871 2872/2872/2872
g gore_seam_06_4
usemtl parachute
v 0.079165783 0.127030468 0.744523500
v 0.077625985 0.127139062 0.742942345
v 0.064094327 0.049014062 0.750754845
v 0.065634140 0.048905470 0.752336000
vt 0.01562500 0.98437500
vt 0.48437500 0.98437500
vt 0.48437500 0.51562500
vt 0.01562500 0.51562500
vn -0.69683449 0.18986001 0.69164649
vn -0.69683449 0.18986001 0.69164649
vn -0.69683449 0.18986001 0.69164649
vn -0.69683449 0.18986001 0.69164649
f 2873/2873/2873 2874/2874/2874 2875/2875/2875
f 2873/2873/2873 2875/2875/2875 2876/2876/2876
v 0.077625985 0.127139062 0.742942345
v 0.079165783 0.126719532 0.741414000
v 0.065634140 0.048594533 0.749226500
v 0.064094327 0.049014062 0.750754845
vt 0.01562500 0.98437500
vt 0.48437500 0.98437500
vt 0.48437500 0.51562500
vt 0.01562500 0.51562500
vn -0.69683498 0.04914069 -0.71554608
vn -0.69683498 0.04914069 -0.71554608
vn -0.69683498 0.04914069 -0.71554608
vn -0.69683498 0.04914069 -0.71554608
f 2877/2877/2877 2878/2878/2878 2879/2879/2879
f 2877/2877/2877 2879/2879/2879 2880/2880/2880
v 0.079165783 0.126719532 0.741414000
v 0.080705578 0.126610937 0.742995158
v 0.067173938 0.048485937 0.750807658
v 0.065634140 0.048594533 0.749226500
vt 0.01562500 0.98437500
vt 0.48437500 0.98437500
vt 0.48437500 0.51562500
vt 0.01562500 0.51562500
vn 0.69683451 -0.18985987 -0.69164651
vn 0.69683451 -0.18985987 -0.69164651
vn 0.69683451 -0.18985987 -0.69164651
vn 0.69683451 -0.18985987 -0.69164651
f 2881/2881/2881 2882/2882/2882 2883/2883/2883
f 2881/2881/2881 2883/2883/2883 2884/2884/2884
v 0.080705578 0.126610937 0.742995158
v 0.079165783 0.127030468 0.744523500
v 0.065634140 0.048905470 0.752336000
v 0.067173938 0.048485937 0.750807658
vt 0.01562500 0.98437500
vt 0.48437500 0.98437500
vt 0.48437500 0.51562500
vt 0.01562500 0.51562500
vn 0.69683498 -0.04914069 0.71554608
vn 0.69683498 -0.04914069 0.71554608
vn 0.69683498 -0.04914069 0.71554608
vn 0.69683498 -0.04914069 0.71554608
f 2885/2885/2885 2886/2886/2886 2887/2887/2887
f 2885/2885/2885 2887/2887/2887 2888/2888/2888
v 0.079165783 0.126719532 0.741414000
v 0.077625985 0.127139062 0.742942345
v 0.079165783 0.127030468 0.744523500
vt 0.48437500 0.51562500
vt 0.48437500 0.98437500
vt 0.01562500 0.98437500
vn 0.16984309 0.98058080 -0.09805414
vn 0.16984309 0.98058080 -0.09805414
vn 0.16984309 0.98058080 -0.09805414
f 2889/2889/2889 2890/2890/2890 2891/2891/2891
v 0.080705578 0.126610937 0.742995158
v 0.079165783 0.126719532 0.741414000
v 0.079165783 0.127030468 0.744523500
vt 0.48437500 0.51562500
vt 0.48437500 0.98437500
vt 0.01562500 0.98437500
vn 0.16984309 0.98058080 -0.09805414
vn 0.16984309 0.98058080 -0.09805414
vn 0.16984309 0.98058080 -0.09805414
f 2892/2892/2892 2893/2893/2893 2894/2894/2894
v 0.065634140 0.048905470 0.752336000
v 0.064094327 0.049014062 0.750754845
v 0.065634140 0.048594533 0.749226500
vt 0.01562500 0.98437500
vt 0.48437500 0.98437500
vt 0.48437500 0.51562500
vn -0.16984142 -0.98058109 0.09805417
vn -0.16984142 -0.98058109 0.09805417
vn -0.16984142 -0.98058109 0.09805417
f 2895/2895/2895 2896/2896/2896 2897/2897/2897
v 0.065634140 0.048905470 0.752336000
v 0.065634140 0.048594533 0.749226500
v 0.067173938 0.048485937 0.750807658
vt 0.01562500 0.98437500
vt 0.48437500 0.98437500
vt 0.48437500 0.51562500
vn -0.16984309 -0.98058080 0.09805414
vn -0.16984309 -0.98058080 0.09805414
vn -0.16984309 -0.98058080 0.09805414
f 2898/2898/2898 2899/2899/2899 2900/2900/2900
g gore_seam_06_5
usemtl parachute
v 0.066415390 0.048750000 0.752134422
v 0.064508235 0.047883280 0.751431297
v 0.091571532 0.001008280 0.735806298
v 0.093478673 0.001875000 0.736509422
vt 0.01562500 0.98437500
vt 0.48437500 0.98437500
vt 0.48437500 0.51562500
vt 0.01562500 0.51562500
vn -0.15597086 -0.39223209 0.90654679
vn -0.15597086 -0.39223209 0.90654679
vn -0.15597086 -0.39223209 0.90654679
vn -0.15597086 -0.39223209 0.90654679
f 2901/2901/2901 2902/2902/2902 2903/2903/2903
f 2901/2901/2901 2903/2903/2903 2904/2904/2904
v 0.064508235 0.047883280 0.751431297
v 0.064852890 0.048750000 0.749428077
v 0.091916173 0.001875000 0.733803077
v 0.091571532 0.001008280 0.735806298
vt 0.01562500 0.98437500
vt 0.48437500 0.98437500
vt 0.48437500 0.51562500
vt 0.01562500 0.51562500
vn -0.86307817 -0.39223217 -0.31819803
vn -0.86307817 -0.39223217 -0.31819803
vn -0.86307817 -0.39223217 -0.31819803
vn -0.86307817 -0.39223217 -0.31819803
f 2905/2905/2905 2906/2906/2906 2907/2907/2907
f 2905/2905/2905 2907/2907/2907 2908/2908/2908
v 0.064852890 0.048750000 0.749428077
v 0.066760033 0.049616717 0.750131202
v 0.093823327 0.002741717 0.734506202
v 0.091916173 0.001875000 0.733803077
vt 0.01562500 0.98437500
vt 0.48437500 0.98437500
vt 0.48437500 0.51562500
vt 0.01562500 0.51562500
vn 0.15597181 0.39223252 -0.90654644
vn 0.15597181 0.39223252 -0.90654644
vn 0.15597181 0.39223252 -0.90654644
vn 0.15597181 0.39223252 -0.90654644
f 2909/2909/2909 2910/2910/2910 2911/2911/2911
f 2909/2909/2909 2911/2911/2911 2912/2912/2912
v 0.066760033 0.049616717 0.750131202
v 0.066415390 0.048750000 0.752134422
v 0.093478673 0.001875000 0.736509422
v 0.093823327 0.002741717 0.734506202
vt 0.01562500 0.98437500
vt 0.48437500 0.98437500
vt 0.48437500 0.51562500
vt 0.01562500 0.51562500
vn 0.86307913 0.39223457 0.31819250
vn 0.86307913 0.39223457 0.31819250
vn 0.86307913 0.39223457 0.31819250
vn 0.86307913 0.39223457 0.31819250
f 2913/2913/2913 2914/2914/2914 2915/2915/2915
f 2913/2913/2913 2915/2915/2915 2916/2916/2916
v 0.064852890 0.048750000 0.749428077
v 0.064508235 0.047883280 0.751431297
v 0.066415390 0.048750000 0.752134422
vt 0.48437500 0.51562500
vt 0.48437500 0.98437500
vt 0.01562500 0.98437500
vn -0.48038287 0.83205201 0.27734771
vn -0.48038287 0.83205201 0.27734771
vn -0.48038287 0.83205201 0.27734771
f 2917/2917/2917 2918/2918/2918 2919/2919/2919
v 0.066760033 0.049616717 0.750131202
v 0.064852890 0.048750000 0.749428077
v 0.066415390 0.048750000 0.752134422
vt 0.48437500 0.51562500
vt 0.48437500 0.98437500
vt 0.01562500 0.98437500
vn -0.48038633 0.83204935 0.27734970
vn -0.48038633 0.83204935 0.27734970
vn -0.48038633 0.83204935 0.27734970
f 2920/2920/2920 2921/2921/2921 2922/2922/2922
v 0.093478673 0.001875000 0.736509422
v 0.091571532 0.001008280 0.735806298
v 0.091916173 0.001875000 0.733803077
vt 0.01562500 0.98437500
vt 0.48437500 0.98437500
vt 0.48437500 0.51562500
vn 0.48038633 -0.83204935 -0.27734970
vn 0.48038633 -0.83204935 -0.27734970
vn 0.48038633 -0.83204935 -0.27734970
f 2923/2923/2923 2924/2924/2924 2925/2925/2925
v 0.093478673 0.001875000 0.736509422
v 0.091916173 0.001875000 0.733803077
v 0.093823327 0.002741717 0.734506202
vt 0.01562500 0.98437500
vt 0.48437500 0.98437500
vt 0.48437500 0.51562500
vn 0.48038287 -0.83205201 -0.27734771
vn 0.48038287 -0.83205201 -0.27734771
vn 0.48038287 -0.83205201 -0.27734771
f 2926/2926/2926 2927/2927/2927 2928/2928/2928
g gore_seam_07_0
usemtl parachute
v 0.464062500 0.361250000 0.498437500
v 0.464289828 0.359704125 0.500000000
v 0.358039827 0.344079125 0.500000000
v 0.357812500 0.345625000 0.498437500
vt 0.01562500 0.98437500
vt 0.48437500 0.98437500
vt 0.48437500 0.51562500
vt 0.01562500 0.51562500
vn 0.10287977 -0.69958246 -0.70710688
vn 0.10287977 -0.69958246 -0.70710688
vn 0.10287977 -0.69958246 -0.70710688
vn 0.10287977 -0.69958246 -0.70710688
f 2929/2929/2929 2930/2930/2930 2931/2931/2931
f 2929/2929/2929 2931/2931/2931 2932/2932/2932
v 0.464289828 0.359704125 0.500000000
v 0.464062500 0.361250000 0.501562500
v 0.357812500 0.345625000 0.501562500
v 0.358039827 0.344079125 0.500000000
vt 0.01562500 0.98437500
vt 0.48437500 0.98437500
vt 0.48437500 0.51562500
vt 0.01562500 0.51562500
vn 0.10287977 -0.69958246 0.70710688
vn 0.10287977 -0.69958246 0.70710688
vn 0.10287977 -0.69958246 0.70710688
vn 0.10287977 -0.69958246 0.70710688
f 2933/2933/2933 2934/2934/2934 2935/2935/2935
f 2933/2933/2933 2935/2935/2935 2936/2936/2936
v 0.464062500 0.361250000 0.501562500
v 0.463835173 0.362795875 0.500000000
v 0.357585172 0.347170875 0.500000000
v 0.357812500 0.345625000 0.501562500
vt 0.01562500 0.98437500
vt 0.48437500 0.98437500
vt 0.48437500 0.51562500
vt 0.01562500 0.51562500
vn -0.10287977 0.69958246 0.70710688
vn -0.10287977 0.69958246 0.70710688
vn -0.10287977 0.69958246 0.70710688
vn -0.10287977 0.69958246 0.70710688
f 2937/2937/2937 2938/2938/2938 2939/2939/2939
f 2937/2937/2937 2939/2939/2939 2940/2940/2940
v 0.463835173 0.362795875 0.500000000
v 0.464062500 0.361250000 0.498437500
v 0.357812500 0.345625000 0.498437500
v 0.357585172 0.347170875 0.500000000
vt 0.01562500 0.98437500
vt 0.48437500 0.98437500
vt 0.48437500 0.51562500
vt 0.01562500 0.51562500
vn -0.10287977 0.69958246 -0.70710688
vn -0.10287977 0.69958246 -0.70710688
vn -0.10287977 0.69958246 -0.70710688
vn -0.10287977 0.69958246 -0.70710688
f 2941/2941/2941 2942/2942/2942 2943/2943/2943
f 2941/2941/2941 2943/2943/2943 2944/2944/2944
v 0.464062500 0.361250000 0.501562500
v 0.464289828 0.359704125 0.500000000
v 0.464062500 0.361250000 0.498437500
vt 0.48437500 0.51562500
vt 0.48437500 0.98437500
vt 0.01562500 0.98437500
vn 0.98935973 0.14548996 0.00000000
vn 0.98935973 0.14548996 0.00000000
vn 0.98935973 0.14548996 0.00000000
f 2945/2945/2945 2946/2946/2946 2947/2947/2947
v 0.463835173 0.362795875 0.500000000
v 0.464062500 0.361250000 0.501562500
v 0.464062500 0.361250000 0.498437500
vt 0.48437500 0.51562500
vt 0.48437500 0.98437500
vt 0.01562500 0.98437500
vn 0.98935973 0.14548996 0.00000000
vn 0.98935973 0.14548996 0.00000000
vn 0.98935973 0.14548996 0.00000000
f 2948/2948/2948 2949/2949/2949 2950/2950/2950
v 0.357812500 0.345625000 0.498437500
v 0.358039827 0.344079125 0.500000000
v 0.357812500 0.345625000 0.501562500
vt 0.01562500 0.98437500
vt 0.48437500 0.98437500
vt 0.48437500 0.51562500
vn -0.98935973 -0.14548996 0.00000000
vn -0.98935973 -0.14548996 0.00000000
vn -0.98935973 -0.14548996 0.00000000
f 2951/2951/2951 2952/2952/2952 2953/2953/2953
v 0.357812500 0.345625000 0.498437500
v 0.357812500 0.345625000 0.501562500
v 0.357585172 0.347170875 0.500000000
vt 0.01562500 0.98437500
vt 0.48437500 0.98437500
vt 0.48437500 0.51562500
vn -0.98935973 -0.14548996 0.00000000
vn -0.98935973 -0.14548996 0.00000000
vn -0.98935973 -0.14548996 0.00000000
f 2954/2954/2954 2955/2955/2955 2956/2956/2956
g gore_seam_07_1
usemtl parachute
v 0.357812500 0.345625000 0.498437500
v 0.358306610 0.344142687 0.500000000
v 0.217681610 0.297267687 0.500000000
v 0.217187500 0.298750000 0.498437500
vt 0.01562500 0.98437500
vt 0.48437500 0.98437500
vt 0.48437500 0.51562500
vt 0.01562500 0.51562500
vn 0.22360707 -0.67082121 -0.70710592
vn 0.22360707 -0.67082121 -0.70710592
vn 0.22360707 -0.67082121 -0.70710592
vn 0.22360707 -0.67082121 -0.70710592
f 2957/2957/2957 2958/2958/2958 2959/2959/2959
f 2957/2957/2957 2959/2959/2959 2960/2960/2960
v 0.358306610 0.344142687 0.500000000
v 0.357812500 0.345625000 0.501562500
v 0.217187500 0.298750000 0.501562500
v 0.217681610 0.297267687 0.500000000
vt 0.01562500 0.98437500
vt 0.48437500 0.98437500
vt 0.48437500 0.51562500
vt 0.01562500 0.51562500
vn 0.22360707 -0.67082121 0.70710592
vn 0.22360707 -0.67082121 0.70710592
vn 0.22360707 -0.67082121 0.70710592
vn 0.22360707 -0.67082121 0.70710592
f 2961/2961/2961 2962/2962/2962 2963/2963/2963
f 2961/2961/2961 2963/2963/2963 2964/2964/2964
v 0.357812500 0.345625000 0.501562500
v 0.357318390 0.347107312 0.500000000
v 0.216693390 0.300232312 0.500000000
v 0.217187500 0.298750000 0.501562500
vt 0.01562500 0.98437500
vt 0.48437500 0.98437500
vt 0.48437500 0.51562500
vt 0.01562500 0.51562500
vn -0.22360707 0.67082121 0.70710592
vn -0.22360707 0.67082121 0.70710592
vn -0.22360707 0.67082121 0.70710592
vn -0.22360707 0.67082121 0.70710592
f 2965/2965/2965 2966/2966/2966 2967/2967/2967
f 2965/2965/2965 2967/2967/2967 2968/2968/2968
v 0.357318390 0.347107312 0.500000000
v 0.357812500 0.345625000 0.498437500
v 0.217187500 0.298750000 0.498437500
v 0.216693390 0.300232312 0.500000000
vt 0.01562500 0.98437500
vt 0.48437500 0.98437500
vt 0.48437500 0.51562500
vt 0.01562500 0.51562500
vn -0.22360707 0.67082121 -0.70710592
vn -0.22360707 0.67082121 -0.70710592
vn -0.22360707 0.67082121 -0.70710592
vn -0.22360707 0.67082121 -0.70710592
f 2969/2969/2969 2970/2970/2970 2971/2971/2971
f 2969/2969/2969 2971/2971/2971 2972/2972/2972
v 0.357812500 0.345625000 0.501562500
v 0.358306610 0.344142687 0.500000000
v 0.357812500 0.345625000 0.498437500
vt 0.48437500 0.51562500
vt 0.48437500 0.98437500
vt 0.01562500 0.98437500
vn 0.94868230 0.31623077 0.00000000
vn 0.94868230 0.31623077 0.00000000
vn 0.94868230 0.31623077 0.00000000
f 2973/2973/2973 2974/2974/2974 2975/2975/2975
v 0.357318390 0.347107312 0.500000000
v 0.357812500 0.345625000 0.501562500
v 0.357812500 0.345625000 0.498437500
vt 0.48437500 0.51562500
vt 0.48437500 0.98437500
vt 0.01562500 0.98437500
vn 0.94868230 0.31623077 0.00000000
vn 0.94868230 0.31623077 0.00000000
vn 0.94868230 0.31623077 0.00000000
f 2976/2976/2976 2977/2977/2977 2978/2978/2978
v 0.217187500 0.298750000 0.498437500
v 0.217681610 0.297267687 0.500000000
v 0.217187500 0.298750000 0.501562500
vt 0.01562500 0.98437500
vt 0.48437500 0.98437500
vt 0.48437500 0.51562500
vn -0.94868230 -0.31623077 0.00000000
vn -0.94868230 -0.31623077 0.00000000
vn -0.94868230 -0.31623077 0.00000000
f 2979/2979/2979 2980/2980/2980 2981/2981/2981
v 0.217187500 0.298750000 0.498437500
v 0.217187500 0.298750000 0.501562500
v 0.216693390 0.300232312 0.500000000
vt 0.01562500 0.98437500
vt 0.48437500 0.98437500
vt 0.48437500 0.51562500
vn -0.94868230 -0.31623077 0.00000000
vn -0.94868230 -0.31623077 0.00000000
vn -0.94868230 -0.31623077 0.00000000
f 2982/2982/2982 2983/2983/2983 2984/2984/2984
g gore_seam_07_2
usemtl parachute
v 0.217187500 0.298750000 0.498437500
v 0.218015625 0.297425000 0.500000000
v 0.093015625 0.219300000 0.500000000
v 0.092187500 0.220625000 0.498437500
vt 0.01562500 0.98437500
vt 0.48437500 0.98437500
vt 0.48437500 0.51562500
vt 0.01562500 0.51562500
vn 0.37476547 -0.59962475 -0.70710749
vn 0.37476547 -0.59962475 -0.70710749
vn 0.37476547 -0.59962475 -0.70710749
vn 0.37476547 -0.59962475 -0.70710749
f 2985/2985/2985 2986/2986/2986 2987/2987/2987
f 2985/2985/2985 2987/2987/2987 2988/2988/2988
v 0.218015625 0.297425000 0.500000000
v 0.217187500 0.298750000 0.501562500
v 0.092187500 0.220625000 0.501562500
v 0.093015625 0.219300000 0.500000000
vt 0.01562500 0.98437500
vt 0.48437500 0.98437500
vt 0.48437500 0.51562500
vt 0.01562500 0.51562500
vn 0.37476547 -0.59962475 0.70710749
vn 0.37476547 -0.59962475 0.70710749
vn 0.37476547 -0.59962475 0.70710749
vn 0.37476547 -0.59962475 0.70710749
f 2989/2989/2989 2990/2990/2990 2991/2991/2991
f 2989/2989/2989 2991/2991/2991 2992/2992/2992
v 0.217187500 0.298750000 0.501562500
v 0.216359375 0.300075000 0.500000000
v 0.091359375 0.221950000 0.500000000
v 0.092187500 0.220625000 0.501562500
vt 0.01562500 0.98437500
vt 0.48437500 0.98437500
vt 0.48437500 0.51562500
vt 0.01562500 0.51562500
vn -0.37476547 0.59962475 0.70710749
vn -0.37476547 0.59962475 0.70710749
vn -0.37476547 0.59962475 0.70710749
vn -0.37476547 0.59962475 0.70710749
f 2993/2993/2993 2994/2994/2994 2995/2995/2995
f 2993/2993/2993 2995/2995/2995 2996/2996/2996
v 0.216359375 0.300075000 0.500000000
v 0.217187500 0.298750000 0.498437500
v 0.092187500 0.220625000 0.498437500
v 0.091359375 0.221950000 0.500000000
vt 0.01562500 0.98437500
vt 0.48437500 0.98437500
vt 0.48437500 0.51562500
vt 0.01562500 0.51562500
vn -0.37476547 0.59962475 -0.70710749
vn -0.37476547 0.59962475 -0.70710749
vn -0.37476547 0.59962475 -0.70710749
vn -0.37476547 0.59962475 -0.70710749
f 2997/2997/2997 2998/2998/2998 2999/2999/2999
f 2997/2997/2997 2999/2999/2999 3000/3000/3000
v 0.217187500 0.298750000 0.501562500
v 0.218015625 0.297425000 0.500000000
v 0.217187500 0.298750000 0.498437500
vt 0.48437500 0.51562500
vt 0.48437500 0.98437500
vt 0.01562500 0.98437500
vn 0.84799830 0.52999894 0.00000000
vn 0.84799830 0.52999894 0.00000000
vn 0.84799830 0.52999894 0.00000000
f 3001/3001/3001 3002/3002/3002 3003/3003/3003
v 0.216359375 0.300075000 0.500000000
v 0.217187500 0.298750000 0.501562500
v 0.217187500 0.298750000 0.498437500
vt 0.48437500 0.51562500
vt 0.48437500 0.98437500
vt 0.01562500 0.98437500
vn 0.84799830 0.52999894 0.00000000
vn 0.84799830 0.52999894 0.00000000
vn 0.84799830 0.52999894 0.00000000
f 3004/3004/3004 3005/3005/3005 3006/3006/3006
v 0.092187500 0.220625000 0.498437500
v 0.093015625 0.219300000 0.500000000
v 0.092187500 0.220625000 0.501562500
vt 0.01562500 0.98437500
vt 0.48437500 0.98437500
vt 0.48437500 0.51562500
vn -0.84799830 -0.52999894 0.00000000
vn -0.84799830 -0.52999894 0.00000000
vn -0.84799830 -0.52999894 0.00000000
f 3007/3007/3007 3008/3008/3008 3009/3009/3009
v 0.092187500 0.220625000 0.498437500
v 0.092187500 0.220625000 0.501562500
v 0.091359375 0.221950000 0.500000000
vt 0.01562500 0.98437500
vt 0.48437500 0.98437500
vt 0.48437500 0.51562500
vn -0.84799830 -0.52999894 0.00000000
vn -0.84799830 -0.52999894 0.00000000
vn -0.84799830 -0.52999894 0.00000000
f 3010/3010/3010 3011/3011/3011 3012/3012/3012
g gore_seam_07_3
usemtl parachute
v 0.092187500 0.220625000 0.498437500
v 0.093387842 0.219624720 0.500000000
v 0.015262842 0.125874720 0.500000000
v 0.014062500 0.126875000 0.498437500
vt 0.01562500 0.98437500
vt 0.48437500 0.98437500
vt 0.48437500 0.51562500
vt 0.01562500 0.51562500
vn 0.54321551 -0.45267959 -0.70710544
vn 0.54321551 -0.45267959 -0.70710544
vn 0.54321551 -0.45267959 -0.70710544
vn 0.54321551 -0.45267959 -0.70710544
f 3013/3013/3013 3014/3014/3014 3015/3015/3015
f 3013/3013/3013 3015/3015/3015 3016/3016/3016
v 0.093387842 0.219624720 0.500000000
v 0.092187500 0.220625000 0.501562500
v 0.014062500 0.126875000 0.501562500
v 0.015262842 0.125874720 0.500000000
vt 0.01562500 0.98437500
vt 0.48437500 0.98437500
vt 0.48437500 0.51562500
vt 0.01562500 0.51562500
vn 0.54321551 -0.45267959 0.70710544
vn 0.54321551 -0.45267959 0.70710544
vn 0.54321551 -0.45267959 0.70710544
vn 0.54321551 -0.45267959 0.70710544
f 3017/3017/3017 3018/3018/3018 3019/3019/3019
f 3017/3017/3017 3019/3019/3019 3020/3020/3020
v 0.092187500 0.220625000 0.501562500
v 0.090987155 0.221625280 0.500000000
v 0.012862155 0.127875280 0.500000000
v 0.014062500 0.126875000 0.501562500
vt 0.01562500 0.98437500
vt 0.48437500 0.98437500
vt 0.48437500 0.51562500
vt 0.01562500 0.51562500
vn -0.54321551 0.45267959 0.70710544
vn -0.54321551 0.45267959 0.70710544
vn -0.54321551 0.45267959 0.70710544
vn -0.54321551 0.45267959 0.70710544
f 3021/3021/3021 3022/3022/3022 3023/3023/3023
f 3021/3021/3021 3023/3023/3023 3024/3024/3024
v 0.090987155 0.221625280 0.500000000
v 0.092187500 0.220625000 0.498437500
v 0.014062500 0.126875000 0.498437500
v 0.012862155 0.127875280 0.500000000
vt 0.01562500 0.98437500
vt 0.48437500 0.98437500
vt 0.48437500 0.51562500
vt 0.01562500 0.51562500
vn -0.54321551 0.45267959 -0.70710544
vn -0.54321551 0.45267959 -0.70710544
vn -0.54321551 0.45267959 -0.70710544
vn -0.54321551 0.45267959 -0.70710544
f 3025/3025/3025 3026/3026/3026 3027/3027/3027
f 3025/3025/3025 3027/3027/3027 3028/3028/3028
v 0.092187500 0.220625000 0.501562500
v 0.093387842 0.219624720 0.500000000
v 0.092187500 0.220625000 0.498437500
vt 0.48437500 0.51562500
vt 0.48437500 0.98437500
vt 0.01562500 0.98437500
vn 0.64018243 0.76822292 0.00000000
vn 0.64018243 0.76822292 0.00000000
vn 0.64018243 0.76822292 0.00000000
f 3029/3029/3029 3030/3030/3030 3031/3031/3031
v 0.090987155 0.221625280 0.500000000
v 0.092187500 0.220625000 0.501562500
v 0.092187500 0.220625000 0.498437500
vt 0.48437500 0.51562500
vt 0.48437500 0.98437500
vt 0.01562500 0.98437500
vn 0.64018243 0.76822292 0.00000000
vn 0.64018243 0.76822292 0.00000000
vn 0.64018243 0.76822292 0.00000000
f 3032/3032/3032 3033/3033/3033 3034/3034/3034
v 0.014062500 0.126875000 0.498437500
v 0.015262842 0.125874720 0.500000000
v 0.014062500 0.126875000 0.501562500
vt 0.01562500 0.98437500
vt 0.48437500 0.98437500
vt 0.48437500 0.51562500
vn -0.64018243 -0.76822292 0.00000000
vn -0.64018243 -0.76822292 0.00000000
vn -0.64018243 -0.76822292 0.00000000
f 3035/3035/3035 3036/3036/3036 3037/3037/3037
v 0.014062500 0.126875000 0.498437500
v 0.014062500 0.126875000 0.501562500
v 0.012862155 0.127875280 0.500000000
vt 0.01562500 0.98437500
vt 0.48437500 0.98437500
vt 0.48437500 0.51562500
vn -0.64018243 -0.76822292 0.00000000
vn -0.64018243 -0.76822292 0.00000000
vn -0.64018243 -0.76822292 0.00000000
f 3038/3038/3038 3039/3039/3039 3040/3040/3040
g gore_seam_07_4
usemtl parachute
v 0.014062500 0.126875000 0.501562500
v 0.012530345 0.127181437 0.500000000
v -0.003094658 0.049056437 0.500000000
v -0.001562500 0.048750000 0.501562500
vt 0.01562500 0.98437500
vt 0.48437500 0.98437500
vt 0.48437500 0.51562500
vt 0.01562500 0.51562500
vn -0.69337521 0.13867504 0.70710681
vn -0.69337521 0.13867504 0.70710681
vn -0.69337521 0.13867504 0.70710681
vn -0.69337521 0.13867504 0.70710681
f 3041/3041/3041 3042/3042/3042 3043/3043/3043
f 3041/3041/3041 3043/3043/3043 3044/3044/3044
v 0.012530345 0.127181437 0.500000000
v 0.014062500 0.126875000 0.498437500
v -0.001562500 0.048750000 0.498437500
v -0.003094658 0.049056437 0.500000000
vt 0.01562500 0.98437500
vt 0.48437500 0.98437500
vt 0.48437500 0.51562500
vt 0.01562500 0.51562500
vn -0.69337521 0.13867504 -0.70710681
vn -0.69337521 0.13867504 -0.70710681
vn -0.69337521 0.13867504 -0.70710681
vn -0.69337521 0.13867504 -0.70710681
f 3045/3045/3045 3046/3046/3046 3047/3047/3047
f 3045/3045/3045 3047/3047/3047 3048/3048/3048
v 0.014062500 0.126875000 0.498437500
v 0.015594657 0.126568562 0.500000000
v -0.000030343 0.048443563 0.500000000
v -0.001562500 0.048750000 0.498437500
vt 0.01562500 0.98437500
vt 0.48437500 0.98437500
vt 0.48437500 0.51562500
vt 0.01562500 0.51562500
vn 0.69337521 -0.13867504 -0.70710681
vn 0.69337521 -0.13867504 -0.70710681
vn 0.69337521 -0.13867504 -0.70710681
vn 0.69337521 -0.13867504 -0.70710681
f 3049/3049/3049 3050/3050/3050 3051/3051/3051
f 3049/3049/3049 3051/3051/3051 3052/3052/3052
v 0.015594657 0.126568562 0.500000000
v 0.014062500 0.126875000 0.501562500
v -0.001562500 0.048750000 0.501562500
v -0.000030343 0.048443563 0.500000000
vt 0.01562500 0.98437500
vt 0.48437500 0.98437500
vt 0.48437500 0.51562500
vt 0.01562500 0.51562500
vn 0.69337521 -0.13867504 0.70710681
vn 0.69337521 -0.13867504 0.70710681
vn 0.69337521 -0.13867504 0.70710681
vn 0.69337521 -0.13867504 0.70710681
f 3053/3053/3053 3054/3054/3054 3055/3055/3055
f 3053/3053/3053 3055/3055/3055 3056/3056/3056
v 0.014062500 0.126875000 0.498437500
v 0.012530345 0.127181437 0.500000000
v 0.014062500 0.126875000 0.501562500
vt 0.48437500 0.51562500
vt 0.48437500 0.98437500
vt 0.01562500 0.98437500
vn 0.19611998 0.98057991 -0.00000000
vn 0.19611998 0.98057991 -0.00000000
vn 0.19611998 0.98057991 -0.00000000
f 3057/3057/3057 3058/3058/3058 3059/3059/3059
v 0.015594657 0.126568562 0.500000000
v 0.014062500 0.126875000 0.498437500
v 0.014062500 0.126875000 0.501562500
vt 0.48437500 0.51562500
vt 0.48437500 0.98437500
vt 0.01562500 0.98437500
vn 0.19611998 0.98057991 0.00000000
vn 0.19611998 0.98057991 0.00000000
vn 0.19611998 0.98057991 0.00000000
f 3060/3060/3060 3061/3061/3061 3062/3062/3062
v -0.001562500 0.048750000 0.501562500
v -0.003094658 0.049056437 0.500000000
v -0.001562500 0.048750000 0.498437500
vt 0.01562500 0.98437500
vt 0.48437500 0.98437500
vt 0.48437500 0.51562500
vn -0.19611998 -0.98057991 -0.00000000
vn -0.19611998 -0.98057991 -0.00000000
vn -0.19611998 -0.98057991 -0.00000000
f 3063/3063/3063 3064/3064/3064 3065/3065/3065
v -0.001562500 0.048750000 0.501562500
v -0.001562500 0.048750000 0.498437500
v -0.000030343 0.048443563 0.500000000
vt 0.01562500 0.98437500
vt 0.48437500 0.98437500
vt 0.48437500 0.51562500
vn -0.19611998 -0.98057991 -0.00000000
vn -0.19611998 -0.98057991 -0.00000000
vn -0.19611998 -0.98057991 -0.00000000
f 3066/3066/3066 3067/3067/3067 3068/3068/3068
g gore_seam_07_5
usemtl parachute
v -0.001562500 0.048750000 0.501562500
v -0.002862577 0.047883280 0.500000000
v 0.028387422 0.001008280 0.500000000
v 0.029687500 0.001875000 0.501562500
vt 0.01562500 0.98437500
vt 0.48437500 0.98437500
vt 0.48437500 0.51562500
vt 0.01562500 0.51562500
vn -0.58834851 -0.39223234 0.70710666
vn -0.58834851 -0.39223234 0.70710666
vn -0.58834851 -0.39223234 0.70710666
vn -0.58834851 -0.39223234 0.70710666
f 3069/3069/3069 3070/3070/3070 3071/3071/3071
f 3069/3069/3069 3071/3071/3071 3072/3072/3072
v -0.002862577 0.047883280 0.500000000
v -0.001562500 0.048750000 0.498437500
v 0.029687500 0.001875000 0.498437500
v 0.028387422 0.001008280 0.500000000
vt 0.01562500 0.98437500
vt 0.48437500 0.98437500
vt 0.48437500 0.51562500
vt 0.01562500 0.51562500
vn -0.58834851 -0.39223234 -0.70710666
vn -0.58834851 -0.39223234 -0.70710666
vn -0.58834851 -0.39223234 -0.70710666
vn -0.58834851 -0.39223234 -0.70710666
f 3073/3073/3073 3074/3074/3074 3075/3075/3075
f 3073/3073/3073 3075/3075/3075 3076/3076/3076
v -0.001562500 0.048750000 0.498437500
v -0.000262422 0.049616717 0.500000000
v 0.030987577 0.002741717 0.500000000
v 0.029687500 0.001875000 0.498437500
vt 0.01562500 0.98437500
vt 0.48437500 0.98437500
vt 0.48437500 0.51562500
vt 0.01562500 0.51562500
vn 0.58834851 0.39223234 -0.70710666
vn 0.58834851 0.39223234 -0.70710666
vn 0.58834851 0.39223234 -0.70710666
vn 0.58834851 0.39223234 -0.70710666
f 3077/3077/3077 3078/3078/3078 3079/3079/3079
f 3077/3077/3077 3079/3079/3079 3080/3080/3080
v -0.000262422 0.049616717 0.500000000
v -0.001562500 0.048750000 0.501562500
v 0.029687500 0.001875000 0.501562500
v 0.030987577 0.002741717 0.500000000
vt 0.01562500 0.98437500
vt 0.48437500 0.98437500
vt 0.48437500 0.51562500
vt 0.01562500 0.51562500
vn 0.58834851 0.39223234 0.70710666
vn 0.58834851 0.39223234 0.70710666
vn 0.58834851 0.39223234 0.70710666
vn 0.58834851 0.39223234 0.70710666
f 3081/3081/3081 3082/3082/3082 3083/3083/3083
f 3081/3081/3081 3083/3083/3083 3084/3084/3084
v -0.001562500 0.048750000 0.498437500
v -0.002862577 0.047883280 0.500000000
v -0.001562500 0.048750000 0.501562500
vt 0.48437500 0.51562500
vt 0.48437500 0.98437500
vt 0.01562500 0.98437500
vn -0.55470020 0.83205029 0.00000000
vn -0.55470020 0.83205029 0.00000000
vn -0.55470020 0.83205029 0.00000000
f 3085/3085/3085 3086/3086/3086 3087/3087/3087
v -0.000262422 0.049616717 0.500000000
v -0.001562500 0.048750000 0.498437500
v -0.001562500 0.048750000 0.501562500
vt 0.48437500 0.51562500
vt 0.48437500 0.98437500
vt 0.01562500 0.98437500
vn -0.55470020 0.83205029 0.00000000
vn -0.55470020 0.83205029 0.00000000
vn -0.55470020 0.83205029 0.00000000
f 3088/3088/3088 3089/3089/3089 3090/3090/3090
v 0.029687500 0.001875000 0.501562500
v 0.028387422 0.001008280 0.500000000
v 0.029687500 0.001875000 0.498437500
vt 0.01562500 0.98437500
vt 0.48437500 0.98437500
vt 0.48437500 0.51562500
vn 0.55470020 -0.83205029 0.00000000
vn 0.55470020 -0.83205029 0.00000000
vn 0.55470020 -0.83205029 0.00000000
f 3091/3091/3091 3092/3092/3092 3093/3093/3093
v 0.029687500 0.001875000 0.501562500
v 0.029687500 0.001875000 0.498437500
v 0.030987577 0.002741717 0.500000000
vt 0.01562500 0.98437500
vt 0.48437500 0.98437500
vt 0.48437500 0.51562500
vn 0.55470020 -0.83205029 0.00000000
vn 0.55470020 -0.83205029 0.00000000
vn 0.55470020 -0.83205029 0.00000000
f 3094/3094/3094 3095/3095/3095 3096/3096/3096
g gore_seam_08_0
usemtl parachute
v 0.469658470 0.361250000 0.480678078
v 0.469074095 0.359704125 0.482144923
v 0.377058890 0.344079125 0.429019922
v 0.377643265 0.345625000 0.427553077
vt 0.01562500 0.98437500
vt 0.48437500 0.98437500
vt 0.48437500 0.51562500
vt 0.01562500 0.51562500
vn 0.44264908 -0.69958469 -0.56093052
vn 0.44264908 -0.69958469 -0.56093052
vn 0.44264908 -0.69958469 -0.56093052
vn 0.44264908 -0.69958469 -0.56093052
f 3097/3097/3097 3098/3098/3098 3099/3099/3099
f 3097/3097/3097 3099/3099/3099 3100/3100/3100
v 0.469074095 0.359704125 0.482144923
v 0.468095967 0.361250000 0.483384423
v 0.376080765 0.345625000 0.430259422
v 0.377058890 0.344079125 0.429019922
vt 0.01562500 0.98437500
vt 0.48437500 0.98437500
vt 0.48437500 0.51562500
vt 0.01562500 0.51562500
vn -0.26445686 -0.69958258 0.66381231
vn -0.26445686 -0.69958258 0.66381231
vn -0.26445686 -0.69958258 0.66381231
vn -0.26445686 -0.69958258 0.66381231
f 3101/3101/3101 3102/3102/3102 3103/3103/3103
f 3101/3101/3101 3103/3103/3103 3104/3104/3104
v 0.468095967 0.361250000 0.483384423
v 0.468680327 0.362795875 0.481917577
v 0.376665140 0.347170875 0.428792577
v 0.376080765 0.345625000 0.430259422
vt 0.01562500 0.98437500
vt 0.48437500 0.98437500
vt 0.48437500 0.51562500
vt 0.01562500 0.51562500
vn -0.44264996 0.69958249 0.56093257
vn -0.44264996 0.69958249 0.56093257
vn -0.44264996 0.69958249 0.56093257
vn -0.44264996 0.69958249 0.56093257
f 3105/3105/3105 3106/3106/3106 3107/3107/3107
f 3105/3105/3105 3107/3107/3107 3108/3108/3108
v 0.468680327 0.362795875 0.481917577
v 0.469658470 0.361250000 0.480678078
v 0.377643265 0.345625000 0.427553077
v 0.376665140 0.347170875 0.428792577
vt 0.01562500 0.98437500
vt 0.48437500 0.98437500
vt 0.48437500 0.51562500
vt 0.01562500 0.51562500
vn 0.26445603 0.69958389 -0.66381126
vn 0.26445603 0.69958389 -0.66381126
vn 0.26445603 0.69958389 -0.66381126
vn 0.26445603 0.69958389 -0.66381126
f 3109/3109/3109 3110/3110/3110 3111/3111/3111
f 3109/3109/3109 3111/3111/3111 3112/3112/3112
v 0.468095967 0.361250000 0.483384423
v 0.469074095 0.359704125 0.482144923
v 0.469658470 0.361250000 0.480678078
vt 0.48437500 0.51562500
vt 0.48437500 0.98437500
vt 0.01562500 0.98437500
vn 0.85681127 0.14549407 0.49467759
vn 0.85681127 0.14549407 0.49467759
vn 0.85681127 0.14549407 0.49467759
f 3113/3113/3113 3114/3114/3114 3115/3115/3115
v 0.468680327 0.362795875 0.481917577
v 0.468095967 0.361250000 0.483384423
v 0.469658470 0.361250000 0.480678078
vt 0.48437500 0.51562500
vt 0.48437500 0.98437500
vt 0.01562500 0.98437500
vn 0.85681019 0.14550255 0.49467697
vn 0.85681019 0.14550255 0.49467697
vn 0.85681019 0.14550255 0.49467697
f 3116/3116/3116 3117/3117/3117 3118/3118/3118
v 0.377643265 0.345625000 0.427553077
v 0.377058890 0.344079125 0.429019922
v 0.376080765 0.345625000 0.430259422
vt 0.01562500 0.98437500
vt 0.48437500 0.98437500
vt 0.48437500 0.51562500
vn -0.85681127 -0.14549407 -0.49467759
vn -0.85681127 -0.14549407 -0.49467759
vn -0.85681127 -0.14549407 -0.49467759
f 3119/3119/3119 3120/3120/3120 3121/3121/3121
v 0.377643265 0.345625000 0.427553077
v 0.376080765 0.345625000 0.430259422
v 0.376665140 0.347170875 0.428792577
vt 0.01562500 0.98437500
vt 0.48437500 0.98437500
vt 0.48437500 0.51562500
vn -0.85681127 -0.14549407 -0.49467759
vn -0.85681127 -0.14549407 -0.49467759
vn -0.85681127 -0.14549407 -0.49467759
f 3122/3122/3122 3123/3123/3123 3124/3124/3124
g gore_seam_08_1
usemtl parachute
v 0.377643265 0.345625000 0.427553077
v 0.377289922 0.344142687 0.429153297
v 0.255505092 0.297267687 0.358840797
v 0.255858438 0.298750000 0.357240577
vt 0.01562500 0.98437500
vt 0.48437500 0.98437500
vt 0.48437500 0.51562500
vt 0.01562500 0.51562500
vn 0.54720217 -0.67082195 -0.50056737
vn 0.54720217 -0.67082195 -0.50056737
vn 0.54720217 -0.67082195 -0.50056737
vn 0.54720217 -0.67082195 -0.50056737
f 3125/3125/3125 3126/3126/3126 3127/3127/3127
f 3125/3125/3125 3127/3127/3127 3128/3128/3128
v 0.377289922 0.344142687 0.429153297
v 0.376080765 0.345625000 0.430259422
v 0.254295938 0.298750000 0.359946922
v 0.255505092 0.297267687 0.358840797
vt 0.01562500 0.98437500
vt 0.48437500 0.98437500
vt 0.48437500 0.51562500
vt 0.01562500 0.51562500
vn -0.15990107 -0.67082426 0.72417295
vn -0.15990107 -0.67082426 0.72417295
vn -0.15990107 -0.67082426 0.72417295
vn -0.15990107 -0.67082426 0.72417295
f 3129/3129/3129 3130/3130/3130 3131/3131/3131
f 3129/3129/3129 3131/3131/3131 3132/3132/3132
v 0.376080765 0.345625000 0.430259422
v 0.376434110 0.347107312 0.428659203
v 0.254649280 0.300232312 0.358346703
v 0.254295938 0.298750000 0.359946922
vt 0.01562500 0.98437500
vt 0.48437500 0.98437500
vt 0.48437500 0.51562500
vt 0.01562500 0.51562500
vn -0.54720217 0.67082195 0.50056737
vn -0.54720217 0.67082195 0.50056737
vn -0.54720217 0.67082195 0.50056737
vn -0.54720217 0.67082195 0.50056737
f 3133/3133/3133 3134/3134/3134 3135/3135/3135
f 3133/3133/3133 3135/3135/3135 3136/3136/3136
v 0.376434110 0.347107312 0.428659203
v 0.377643265 0.345625000 0.427553077
v 0.255858438 0.298750000 0.357240577
v 0.254649280 0.300232312 0.358346703
vt 0.01562500 0.98437500
vt 0.48437500 0.98437500
vt 0.48437500 0.51562500
vt 0.01562500 0.51562500
vn 0.15990107 0.67082426 -0.72417295
vn 0.15990107 0.67082426 -0.72417295
vn 0.15990107 0.67082426 -0.72417295
vn 0.15990107 0.67082426 -0.72417295
f 3137/3137/3137 3138/3138/3138 3139/3139/3139
f 3137/3137/3137 3139/3139/3139 3140/3140/3140
v 0.376080765 0.345625000 0.430259422
v 0.377289922 0.344142687 0.429153297
v 0.377643265 0.345625000 0.427553077
vt 0.48437500 0.51562500
vt 0.48437500 0.98437500
vt 0.01562500 0.98437500
vn 0.82158543 0.31622601 0.47434005
vn 0.82158543 0.31622601 0.47434005
vn 0.82158543 0.31622601 0.47434005
f 3141/3141/3141 3142/3142/3142 3143/3143/3143
v 0.376434110 0.347107312 0.428659203
v 0.376080765 0.345625000 0.430259422
v 0.377643265 0.345625000 0.427553077
vt 0.48437500 0.51562500
vt 0.48437500 0.98437500
vt 0.01562500 0.98437500
vn 0.82158543 0.31622601 0.47434005
vn 0.82158543 0.31622601 0.47434005
vn 0.82158543 0.31622601 0.47434005
f 3144/3144/3144 3145/3145/3145 3146/3146/3146
v 0.255858438 0.298750000 0.357240577
v 0.255505092 0.297267687 0.358840797
v 0.254295938 0.298750000 0.359946922
vt 0.01562500 0.98437500
vt 0.48437500 0.98437500
vt 0.48437500 0.51562500
vn -0.82158543 -0.31622601 -0.47434005
vn -0.82158543 -0.31622601 -0.47434005
vn -0.82158543 -0.31622601 -0.47434005
f 3147/3147/3147 3148/3148/3148 3149/3149/3149
v 0.255858438 0.298750000 0.357240577
v 0.254295938 0.298750000 0.359946922
v 0.254649280 0.300232312 0.358346703
vt 0.01562500 0.98437500
vt 0.48437500 0.98437500
vt 0.48437500 0.51562500
vn -0.82158543 -0.31622601 -0.47434005
vn -0.82158543 -0.31622601 -0.47434005
vn -0.82158543 -0.31622601 -0.47434005
f 3150/3150/3150 3151/3151/3151 3152/3152/3152
g gore_seam_08_2
usemtl parachute
v 0.255858438 0.298750000 0.357240577
v 0.255794360 0.297425000 0.359007813
v 0.147541188 0.219300000 0.296507813
v 0.147605265 0.220625000 0.294740577
vt 0.01562500 0.98437500
vt 0.48437500 0.98437500
vt 0.48437500 0.51562500
vt 0.01562500 0.51562500
vn 0.67811009 -0.59962657 -0.42498787
vn 0.67811009 -0.59962657 -0.42498787
vn 0.67811009 -0.59962657 -0.42498787
vn 0.67811009 -0.59962657 -0.42498787
f 3153/3153/3153 3154/3154/3154 3155/3155/3155
f 3153/3153/3153 3155/3155/3155 3156/3156/3156
v 0.255794360 0.297425000 0.359007813
v 0.254295938 0.298750000 0.359946922
v 0.146042765 0.220625000 0.297446922
v 0.147541188 0.219300000 0.296507813
vt 0.01562500 0.98437500
vt 0.48437500 0.98437500
vt 0.48437500 0.51562500
vt 0.01562500 0.51562500
vn -0.02899561 -0.59962627 0.79975471
vn -0.02899561 -0.59962627 0.79975471
vn -0.02899561 -0.59962627 0.79975471
vn -0.02899561 -0.59962627 0.79975471
f 3157/3157/3157 3158/3158/3158 3159/3159/3159
f 3157/3157/3157 3159/3159/3159 3160/3160/3160
v 0.254295938 0.298750000 0.359946922
v 0.254360015 0.300075000 0.358179688
v 0.146106843 0.221950000 0.295679688
v 0.146042765 0.220625000 0.297446922
vt 0.01562500 0.98437500
vt 0.48437500 0.98437500
vt 0.48437500 0.51562500
vt 0.01562500 0.51562500
vn -0.67811009 0.59962657 0.42498787
vn -0.67811009 0.59962657 0.42498787
vn -0.67811009 0.59962657 0.42498787
vn -0.67811009 0.59962657 0.42498787
f 3161/3161/3161 3162/3162/3162 3163/3163/3163
f 3161/3161/3161 3163/3163/3163 3164/3164/3164
v 0.254360015 0.300075000 0.358179688
v 0.255858438 0.298750000 0.357240577
v 0.147605265 0.220625000 0.294740577
v 0.146106843 0.221950000 0.295679688
vt 0.01562500 0.98437500
vt 0.48437500 0.98437500
vt 0.48437500 0.51562500
vt 0.01562500 0.51562500
vn 0.02899561 0.59962627 -0.79975471
vn 0.02899561 0.59962627 -0.79975471
vn 0.02899561 0.59962627 -0.79975471
vn 0.02899561 0.59962627 -0.79975471
f 3165/3165/3165 3166/3166/3166 3167/3167/3167
f 3165/3165/3165 3167/3167/3167 3168/3168/3168
v 0.254295938 0.298750000 0.359946922
v 0.255794360 0.297425000 0.359007813
v 0.255858438 0.298750000 0.357240577
vt 0.48437500 0.51562500
vt 0.48437500 0.98437500
vt 0.01562500 0.98437500
vn 0.73439022 0.52999678 0.42399814
vn 0.73439022 0.52999678 0.42399814
vn 0.73439022 0.52999678 0.42399814
f 3169/3169/3169 3170/3170/3170 3171/3171/3171
v 0.254360015 0.300075000 0.358179688
v 0.254295938 0.298750000 0.359946922
v 0.255858438 0.298750000 0.357240577
vt 0.48437500 0.51562500
vt 0.48437500 0.98437500
vt 0.01562500 0.98437500
vn 0.73439022 0.52999678 0.42399814
vn 0.73439022 0.52999678 0.42399814
vn 0.73439022 0.52999678 0.42399814
f 3172/3172/3172 3173/3173/3173 3174/3174/3174
v 0.147605265 0.220625000 0.294740577
v 0.147541188 0.219300000 0.296507813
v 0.146042765 0.220625000 0.297446922
vt 0.01562500 0.98437500
vt 0.48437500 0.98437500
vt 0.48437500 0.51562500
vn -0.73439022 -0.52999678 -0.42399814
vn -0.73439022 -0.52999678 -0.42399814
vn -0.73439022 -0.52999678 -0.42399814
f 3175/3175/3175 3176/3176/3176 3177/3177/3177
v 0.147605265 0.220625000 0.294740577
v 0.146042765 0.220625000 0.297446922
v 0.146106843 0.221950000 0.295679688
vt 0.01562500 0.98437500
vt 0.48437500 0.98437500
vt 0.48437500 0.51562500
vn -0.73439022 -0.52999678 -0.42399814
vn -0.73439022 -0.52999678 -0.42399814
vn -0.73439022 -0.52999678 -0.42399814
f 3178/3178/3178 3179/3179/3179 3180/3180/3180
g gore_seam_08_3
usemtl parachute
v 0.147605265 0.220625000 0.294740577
v 0.147863548 0.219624720 0.296693923
v 0.080205313 0.125874720 0.257631423
v 0.079947033 0.126875000 0.255678077
vt 0.01562500 0.98437500
vt 0.48437500 0.98437500
vt 0.48437500 0.51562500
vt 0.01562500 0.51562500
vn 0.82399115 -0.45267957 -0.34076355
vn 0.82399115 -0.45267957 -0.34076355
vn 0.82399115 -0.45267957 -0.34076355
vn 0.82399115 -0.45267957 -0.34076355
f 3181/3181/3181 3182/3182/3182 3183/3183/3183
f 3181/3181/3181 3183/3183/3183 3184/3184/3184
v 0.147863548 0.219624720 0.296693923
v 0.146042765 0.220625000 0.297446922
v 0.078384532 0.126875000 0.258384422
v 0.080205313 0.125874720 0.257631423
vt 0.01562500 0.98437500
vt 0.48437500 0.98437500
vt 0.48437500 0.51562500
vt 0.01562500 0.51562500
vn 0.11688794 -0.45268082 0.88397810
vn 0.11688794 -0.45268082 0.88397810
vn 0.11688794 -0.45268082 0.88397810
vn 0.11688794 -0.45268082 0.88397810
f 3185/3185/3185 3186/3186/3186 3187/3187/3187
f 3185/3185/3185 3187/3187/3187 3188/3188/3188
v 0.146042765 0.220625000 0.297446922
v 0.145784485 0.221625280 0.295493577
v 0.078126250 0.127875280 0.256431077
v 0.078384532 0.126875000 0.258384422
vt 0.01562500 0.98437500
vt 0.48437500 0.98437500
vt 0.48437500 0.51562500
vt 0.01562500 0.51562500
vn -0.82399115 0.45267957 0.34076355
vn -0.82399115 0.45267957 0.34076355
vn -0.82399115 0.45267957 0.34076355
vn -0.82399115 0.45267957 0.34076355
f 3189/3189/3189 3190/3190/3190 3191/3191/3191
f 3189/3189/3189 3191/3191/3191 3192/3192/3192
v 0.145784485 0.221625280 0.295493577
v 0.147605265 0.220625000 0.294740577
v 0.079947033 0.126875000 0.255678077
v 0.078126250 0.127875280 0.256431077
vt 0.01562500 0.98437500
vt 0.48437500 0.98437500
vt 0.48437500 0.51562500
vt 0.01562500 0.51562500
vn -0.11688794 0.45268082 -0.88397810
vn -0.11688794 0.45268082 -0.88397810
vn -0.11688794 0.45268082 -0.88397810
vn -0.11688794 0.45268082 -0.88397810
f 3193/3193/3193 3194/3194/3194 3195/3195/3195
f 3193/3193/3193 3195/3195/3195 3196/3196/3196
v 0.146042765 0.220625000 0.297446922
v 0.147863548 0.219624720 0.296693923
v 0.147605265 0.220625000 0.294740577
vt 0.48437500 0.51562500
vt 0.48437500 0.98437500
vt 0.01562500 0.98437500
vn 0.55441426 0.76822362 0.32008952
vn 0.55441426 0.76822362 0.32008952
vn 0.55441426 0.76822362 0.32008952
f 3197/3197/3197 3198/3198/3198 3199/3199/3199
v 0.145784485 0.221625280 0.295493577
v 0.146042765 0.220625000 0.297446922
v 0.147605265 0.220625000 0.294740577
vt 0.48437500 0.51562500
vt 0.48437500 0.98437500
vt 0.01562500 0.98437500
vn 0.55441426 0.76822362 0.32008952
vn 0.55441426 0.76822362 0.32008952
vn 0.55441426 0.76822362 0.32008952
f 3200/3200/3200 3201/3201/3201 3202/3202/3202
v 0.079947033 0.126875000 0.255678077
v 0.080205313 0.125874720 0.257631423
v 0.078384532 0.126875000 0.258384422
vt 0.01562500 0.98437500
vt 0.48437500 0.98437500
vt 0.48437500 0.51562500
vn -0.55441426 -0.76822362 -0.32008952
vn -0.55441426 -0.76822362 -0.32008952
vn -0.55441426 -0.76822362 -0.32008952
f 3203/3203/3203 3204/3204/3204 3205/3205/3205
v 0.079947033 0.126875000 0.255678077
v 0.078384532 0.126875000 0.258384422
v 0.078126250 0.127875280 0.256431077
vt 0.01562500 0.98437500
vt 0.48437500 0.98437500
vt 0.48437500 0.51562500
vn -0.55441426 -0.76822362 -0.32008952
vn -0.55441426 -0.76822362 -0.32008952
vn -0.55441426 -0.76822362 -0.32008952
f 3206/3206/3206 3207/3207/3207 3208/3208/3208
g gore_seam_08_4
usemtl parachute
v 0.079165783 0.126719532 0.258586000
v 0.077625985 0.127139062 0.257057655
v 0.064094327 0.049014062 0.249245155
v 0.065634140 0.048594533 0.250773500
vt 0.01562500 0.98437500
vt 0.48437500 0.98437500
vt 0.48437500 0.51562500
vt 0.01562500 0.51562500
vn -0.69683496 0.04914083 0.71554610
vn -0.69683496 0.04914083 0.71554610
vn -0.69683496 0.04914083 0.71554610
vn -0.69683496 0.04914083 0.71554610
f 3209/3209/3209 3210/3210/3210 3211/3211/3211
f 3209/3209/3209 3211/3211/3211 3212/3212/3212
v 0.077625985 0.127139062 0.257057655
v 0.079165783 0.127030468 0.255476500
v 0.065634140 0.048905470 0.247664000
v 0.064094327 0.049014062 0.249245155
vt 0.01562500 0.98437500
vt 0.48437500 0.98437500
vt 0.48437500 0.51562500
vt 0.01562500 0.51562500
vn -0.69683451 0.18985987 -0.69164651
vn -0.69683451 0.18985987 -0.69164651
vn -0.69683451 0.18985987 -0.69164651
vn -0.69683451 0.18985987 -0.69164651
f 3213/3213/3213 3214/3214/3214 3215/3215/3215
f 3213/3213/3213 3215/3215/3215 3216/3216/3216
v 0.079165783 0.127030468 0.255476500
v 0.080705578 0.126610937 0.257004842
v 0.067173938 0.048485937 0.249192342
v 0.065634140 0.048905470 0.247664000
vt 0.01562500 0.98437500
vt 0.48437500 0.98437500
vt 0.48437500 0.51562500
vt 0.01562500 0.51562500
vn 0.69683498 -0.04914069 -0.71554608
vn 0.69683498 -0.04914069 -0.71554608
vn 0.69683498 -0.04914069 -0.71554608
vn 0.69683498 -0.04914069 -0.71554608
f 3217/3217/3217 3218/3218/3218 3219/3219/3219
f 3217/3217/3217 3219/3219/3219 3220/3220/3220
v 0.080705578 0.126610937 0.257004842
v 0.079165783 0.126719532 0.258586000
v 0.065634140 0.048594533 0.250773500
v 0.067173938 0.048485937 0.249192342
vt 0.01562500 0.98437500
vt 0.48437500 0.98437500
vt 0.48437500 0.51562500
vt 0.01562500 0.51562500
vn 0.69683451 -0.18985987 0.69164651
vn 0.69683451 -0.18985987 0.69164651
vn 0.69683451 -0.18985987 0.69164651
vn 0.69683451 -0.18985987 0.69164651
f 3221/3221/3221 3222/3222/3222 3223/3223/3223
f 3221/3221/3221 3223/3223/3223 3224/3224/3224
v 0.079165783 0.127030468 0.255476500
v 0.077625985 0.127139062 0.257057655
v 0.079165783 0.126719532 0.258586000
vt 0.48437500 0.51562500
vt 0.48437500 0.98437500
vt 0.01562500 0.98437500
vn 0.16984309 0.98058080 0.09805414
vn 0.16984309 0.98058080 0.09805414
vn 0.16984309 0.98058080 0.09805414
f 3225/3225/3225 3226/3226/3226 3227/3227/3227
v 0.080705578 0.126610937 0.257004842
v 0.079165783 0.127030468 0.255476500
v 0.079165783 0.126719532 0.258586000
vt 0.48437500 0.51562500
vt 0.48437500 0.98437500
vt 0.01562500 0.98437500
vn 0.16984309 0.98058080 0.09805414
vn 0.16984309 0.98058080 0.09805414
vn 0.16984309 0.98058080 0.09805414
f 3228/3228/3228 3229/3229/3229 3230/3230/3230
v 0.065634140 0.048594533 0.250773500
v 0.064094327 0.049014062 0.249245155
v 0.065634140 0.048905470 0.247664000
vt 0.01562500 0.98437500
vt 0.48437500 0.98437500
vt 0.48437500 0.51562500
vn -0.16984142 -0.98058109 -0.09805417
vn -0.16984142 -0.98058109 -0.09805417
vn -0.16984142 -0.98058109 -0.09805417
f 3231/3231/3231 3232/3232/3232 3233/3233/3233
v 0.065634140 0.048594533 0.250773500
v 0.065634140 0.048905470 0.247664000
v 0.067173938 0.048485937 0.249192342
vt 0.01562500 0.98437500
vt 0.48437500 0.98437500
vt 0.48437500 0.51562500
vn -0.16984309 -0.98058080 -0.09805414
vn -0.16984309 -0.98058080 -0.09805414
vn -0.16984309 -0.98058080 -0.09805414
f 3234/3234/3234 3235/3235/3235 3236/3236/3236
g gore_seam_08_5
usemtl parachute
v 0.064852890 0.048750000 0.250571922
v 0.064508235 0.047883280 0.248568703
v 0.091571532 0.001008280 0.264193702
v 0.091916173 0.001875000 0.266196922
vt 0.01562500 0.98437500
vt 0.48437500 0.98437500
vt 0.48437500 0.51562500
vt 0.01562500 0.51562500
vn -0.86307806 -0.39223237 0.31819810
vn -0.86307806 -0.39223237 0.31819810
vn -0.86307806 -0.39223237 0.31819810
vn -0.86307806 -0.39223237 0.31819810
f 3237/3237/3237 3238/3238/3238 3239/3239/3239
f 3237/3237/3237 3239/3239/3239 3240/3240/3240
v 0.064508235 0.047883280 0.248568703
v 0.066415390 0.048750000 0.247865577
v 0.093478673 0.001875000 0.263490577
v 0.091571532 0.001008280 0.264193702
vt 0.01562500 0.98437500
vt 0.48437500 0.98437500
vt 0.48437500 0.51562500
vt 0.01562500 0.51562500
vn -0.15597088 -0.39223205 -0.90654680
vn -0.15597088 -0.39223205 -0.90654680
vn -0.15597088 -0.39223205 -0.90654680
vn -0.15597088 -0.39223205 -0.90654680
f 3241/3241/3241 3242/3242/3242 3243/3243/3243
f 3241/3241/3241 3243/3243/3243 3244/3244/3244
v 0.066415390 0.048750000 0.247865577
v 0.066760033 0.049616717 0.249868798
v 0.093823327 0.002741717 0.265493798
v 0.093478673 0.001875000 0.263490577
vt 0.01562500 0.98437500
vt 0.48437500 0.98437500
vt 0.48437500 0.51562500
vt 0.01562500 0.51562500
vn 0.86307901 0.39223477 -0.31819257
vn 0.86307901 0.39223477 -0.31819257
vn 0.86307901 0.39223477 -0.31819257
vn 0.86307901 0.39223477 -0.31819257
f 3245/3245/3245 3246/3246/3246 3247/3247/3247
f 3245/3245/3245 3247/3247/3247 3248/3248/3248
v 0.066760033 0.049616717 0.249868798
v 0.064852890 0.048750000 0.250571922
v 0.091916173 0.001875000 0.266196922
v 0.093823327 0.002741717 0.265493798
vt 0.01562500 0.98437500
vt 0.48437500 0.98437500
vt 0.48437500 0.51562500
vt 0.01562500 0.51562500
vn 0.15597183 0.39223249 0.90654645
vn 0.15597183 0.39223249 0.90654645
vn 0.15597183 0.39223249 0.90654645
vn 0.15597183 0.39223249 0.90654645
f 3249/3249/3249 3250/3250/3250 3251/3251/3251
f 3249/3249/3249 3251/3251/3251 3252/3252/3252
v 0.066415390 0.048750000 0.247865577
v 0.064508235 0.047883280 0.248568703
v 0.064852890 0.048750000 0.250571922
vt 0.48437500 0.51562500
vt 0.48437500 0.98437500
vt 0.01562500 0.98437500
vn -0.48038287 0.83205201 -0.27734771
vn -0.48038287 0.83205201 -0.27734771
vn -0.48038287 0.83205201 -0.27734771
f 3253/3253/3253 3254/3254/3254 3255/3255/3255
v 0.066760033 0.049616717 0.249868798
v 0.066415390 0.048750000 0.247865577
v 0.064852890 0.048750000 0.250571922
vt 0.48437500 0.51562500
vt 0.48437500 0.98437500
vt 0.01562500 0.98437500
vn -0.48038633 0.83204935 -0.27734970
vn -0.48038633 0.83204935 -0.27734970
vn -0.48038633 0.83204935 -0.27734970
f 3256/3256/3256 3257/3257/3257 3258/3258/3258
v 0.091916173 0.001875000 0.266196922
v 0.091571532 0.001008280 0.264193702
v 0.093478673 0.001875000 0.263490577
vt 0.01562500 0.98437500
vt 0.48437500 0.98437500
vt 0.48437500 0.51562500
vn 0.48038633 -0.83204935 0.27734970
vn 0.48038633 -0.83204935 0.27734970
vn 0.48038633 -0.83204935 0.27734970
f 3259/3259/3259 3260/3260/3260 3261/3261/3261
v 0.091916173 0.001875000 0.266196922
v 0.093478673 0.001875000 0.263490577
v 0.093823327 0.002741717 0.265493798
vt 0.01562500 0.98437500
vt 0.48437500 0.98437500
vt 0.48437500 0.51562500
vn 0.48038287 -0.83205201 0.27734771
vn 0.48038287 -0.83205201 0.27734771
vn 0.48038287 -0.83205201 0.27734771
f 3262/3262/3262 3263/3263/3263 3264/3264/3264
g gore_seam_09_0
usemtl parachute
v 0.483384423 0.361250000 0.468095967
v 0.482144923 0.359704125 0.469074095
v 0.429019922 0.344079125 0.377058890
v 0.430259422 0.345625000 0.376080765
vt 0.01562500 0.98437500
vt 0.48437500 0.98437500
vt 0.48437500 0.51562500
vt 0.01562500 0.51562500
vn 0.66381231 -0.69958258 -0.26445686
vn 0.66381231 -0.69958258 -0.26445686
vn 0.66381231 -0.69958258 -0.26445686
vn 0.66381231 -0.69958258 -0.26445686
f 3265/3265/3265 3266/3266/3266 3267/3267/3267
f 3265/3265/3265 3267/3267/3267 3268/3268/3268
v 0.482144923 0.359704125 0.469074095
v 0.480678078 0.361250000 0.469658470
v 0.427553077 0.345625000 0.377643265
v 0.429019922 0.344079125 0.377058890
vt 0.01562500 0.98437500
vt 0.48437500 0.98437500
vt 0.48437500 0.51562500
vt 0.01562500 0.51562500
vn -0.56093052 -0.69958469 0.44264908
vn -0.56093052 -0.69958469 0.44264908
vn -0.56093052 -0.69958469 0.44264908
vn -0.56093052 -0.69958469 0.44264908
f 3269/3269/3269 3270/3270/3270 3271/3271/3271
f 3269/3269/3269 3271/3271/3271 3272/3272/3272
v 0.480678078 0.361250000 0.469658470
v 0.481917577 0.362795875 0.468680327
v 0.428792577 0.347170875 0.376665140
v 0.427553077 0.345625000 0.377643265
vt 0.01562500 0.98437500
vt 0.48437500 0.98437500
vt 0.48437500 0.51562500
vt 0.01562500 0.51562500
vn -0.66381124 0.69958389 0.26445606
vn -0.66381124 0.69958389 0.26445606
vn -0.66381124 0.69958389 0.26445606
vn -0.66381124 0.69958389 0.26445606
f 3273/3273/3273 3274/3274/3274 3275/3275/3275
f 3273/3273/3273 3275/3275/3275 3276/3276/3276
v 0.481917577 0.362795875 0.468680327
v 0.483384423 0.361250000 0.468095967
v 0.430259422 0.345625000 0.376080765
v 0.428792577 0.347170875 0.376665140
vt 0.01562500 0.98437500
vt 0.48437500 0.98437500
vt 0.48437500 0.51562500
vt 0.01562500 0.51562500
vn 0.56093260 0.69958250 -0.44264991
vn 0.56093260 0.69958250 -0.44264991
vn 0.56093260 0.69958250 -0.44264991
vn 0.56093260 0.69958250 -0.44264991
f 3277/3277/3277 3278/3278/3278 3279/3279/3279
f 3277/3277/3277 3279/3279/3279 3280/3280/3280
v 0.480678078 0.361250000 0.469658470
v 0.482144923 0.359704125 0.469074095
v 0.483384423 0.361250000 0.468095967
vt 0.48437500 0.51562500
vt 0.48437500 0.98437500
vt 0.01562500 0.98437500
vn 0.49467759 0.14549407 0.85681127
vn 0.49467759 0.14549407 0.85681127
vn 0.49467759 0.14549407 0.85681127
f 3281/3281/3281 3282/3282/3282 3283/3283/3283
v 0.481917577 0.362795875 0.468680327
v 0.480678078 0.361250000 0.469658470
v 0.483384423 0.361250000 0.468095967
vt 0.48437500 0.51562500
vt 0.48437500 0.98437500
vt 0.01562500 0.98437500
vn 0.49467697 0.14550255 0.85681019
vn 0.49467697 0.14550255 0.85681019
vn 0.49467697 0.14550255 0.85681019
f 3284/3284/3284 3285/3285/3285 3286/3286/3286
v 0.430259422 0.345625000 0.376080765
v 0.429019922 0.344079125 0.377058890
v 0.427553077 0.345625000 0.377643265
vt 0.01562500 0.98437500
vt 0.48437500 0.98437500
vt 0.48437500 0.51562500
vn -0.49467759 -0.14549407 -0.85681127
vn -0.49467759 -0.14549407 -0.85681127
vn -0.49467759 -0.14549407 -0.85681127
f 3287/3287/3287 3288/3288/3288 3289/3289/3289
v 0.430259422 0.345625000 0.376080765
v 0.427553077 0.345625000 0.377643265
v 0.428792577 0.347170875 0.376665140
vt 0.01562500 0.98437500
vt 0.48437500 0.98437500
vt 0.48437500 0.51562500
vn -0.49467759 -0.14549407 -0.85681127
vn -0.49467759 -0.14549407 -0.85681127
vn -0.49467759 -0.14549407 -0.85681127
f 3290/3290/3290 3291/3291/3291 3292/3292/3292
g gore_seam_09_1
usemtl parachute
v 0.430259422 0.345625000 0.376080765
v 0.429153297 0.344142687 0.377289922
v 0.358840797 0.297267687 0.255505092
v 0.359946922 0.298750000 0.254295938
vt 0.01562500 0.98437500
vt 0.48437500 0.98437500
vt 0.48437500 0.51562500
vt 0.01562500 0.51562500
vn 0.72417295 -0.67082426 -0.15990107
vn 0.72417295 -0.67082426 -0.15990107
vn 0.72417295 -0.67082426 -0.15990107
vn 0.72417295 -0.67082426 -0.15990107
f 3293/3293/3293 3294/3294/3294 3295/3295/3295
f 3293/3293/3293 3295/3295/3295 3296/3296/3296
v 0.429153297 0.344142687 0.377289922
v 0.427553077 0.345625000 0.377643265
v 0.357240577 0.298750000 0.255858438
v 0.358840797 0.297267687 0.255505092
vt 0.01562500 0.98437500
vt 0.48437500 0.98437500
vt 0.48437500 0.51562500
vt 0.01562500 0.51562500
vn -0.50056737 -0.67082195 0.54720217
vn -0.50056737 -0.67082195 0.54720217
vn -0.50056737 -0.67082195 0.54720217
vn -0.50056737 -0.67082195 0.54720217
f 3297/3297/3297 3298/3298/3298 3299/3299/3299
f 3297/3297/3297 3299/3299/3299 3300/3300/3300
v 0.427553077 0.345625000 0.377643265
v 0.428659203 0.347107312 0.376434110
v 0.358346703 0.300232312 0.254649280
v 0.357240577 0.298750000 0.255858438
vt 0.01562500 0.98437500
vt 0.48437500 0.98437500
vt 0.48437500 0.51562500
vt 0.01562500 0.51562500
vn -0.72417295 0.67082426 0.15990107
vn -0.72417295 0.67082426 0.15990107
vn -0.72417295 0.67082426 0.15990107
vn -0.72417295 0.67082426 0.15990107
f 3301/3301/3301 3302/3302/3302 3303/3303/3303
f 3301/3301/3301 3303/3303/3303 3304/3304/3304
v 0.428659203 0.347107312 0.376434110
v 0.430259422 0.345625000 0.376080765
v 0.359946922 0.298750000 0.254295938
v 0.358346703 0.300232312 0.254649280
vt 0.01562500 0.98437500
vt 0.48437500 0.98437500
vt 0.48437500 0.51562500
vt 0.01562500 0.51562500
vn 0.50056737 0.67082195 -0.54720217
vn 0.50056737 0.67082195 -0.54720217
vn 0.50056737 0.67082195 -0.54720217
vn 0.50056737 0.67082195 -0.54720217
f 3305/3305/3305 3306/3306/3306 3307/3307/3307
f 3305/3305/3305 3307/3307/3307 3308/3308/3308
v 0.427553077 0.345625000 0.377643265
v 0.429153297 0.344142687 0.377289922
v 0.430259422 0.345625000 0.376080765
vt 0.48437500 0.51562500
vt 0.48437500 0.98437500
vt 0.01562500 0.98437500
vn 0.47434005 0.31622601 0.82158543
vn 0.47434005 0.31622601 0.82158543
vn 0.47434005 0.31622601 0.82158543
f 3309/3309/3309 3310/3310/3310 3311/3311/3311
v 0.428659203 0.347107312 0.376434110
v 0.427553077 0.345625000 0.377643265
v 0.430259422 0.345625000 0.376080765
vt 0.48437500 0.51562500
vt 0.48437500 0.98437500
vt 0.01562500 0.98437500
vn 0.47434005 0.31622601 0.82158543
vn 0.47434005 0.31622601 0.82158543
vn 0.47434005 0.31622601 0.82158543
f 3312/3312/3312 3313/3313/3313 3314/3314/3314
v 0.359946922 0.298750000 0.254295938
v 0.358840797 0.297267687 0.255505092
v 0.357240577 0.298750000 0.255858438
vt 0.01562500 0.98437500
vt 0.48437500 0.98437500
vt 0.48437500 0.51562500
vn -0.47434005 -0.31622601 -0.82158543
vn -0.47434005 -0.31622601 -0.82158543
vn -0.47434005 -0.31622601 -0.82158543
f 3315/3315/3315 3316/3316/3316 3317/3317/3317
v 0.359946922 0.298750000 0.254295938
v 0.357240577 0.298750000 0.255858438
v 0.358346703 0.300232312 0.254649280
vt 0.01562500 0.98437500
vt 0.48437500 0.98437500
vt 0.48437500 0.51562500
vn -0.47434005 -0.31622601 -0.82158543
vn -0.47434005 -0.31622601 -0.82158543
vn -0.47434005 -0.31622601 -0.82158543
f 3318/3318/3318 3319/3319/3319 3320/3320/3320
g gore_seam_09_2
usemtl parachute
v 0.359946922 0.298750000 0.254295938
v 0.359007813 0.297425000 0.255794360
v 0.296507813 0.219300000 0.147541188
v 0.297446922 0.220625000 0.146042765
vt 0.01562500 0.98437500
vt 0.48437500 0.98437500
vt 0.48437500 0.51562500
vt 0.01562500 0.51562500
vn 0.79975471 -0.59962627 -0.02899561
vn 0.79975471 -0.59962627 -0.02899561
vn 0.79975471 -0.59962627 -0.02899561
vn 0.79975471 -0.59962627 -0.02899561
f 3321/3321/3321 3322/3322/3322 3323/3323/3323
f 3321/3321/3321 3323/3323/3323 3324/3324/3324
v 0.359007813 0.297425000 0.255794360
v 0.357240577 0.298750000 0.255858438
v 0.294740577 0.220625000 0.147605265
v 0.296507813 0.219300000 0.147541188
vt 0.01562500 0.98437500
vt 0.48437500 0.98437500
vt 0.48437500 0.51562500
vt 0.01562500 0.51562500
vn -0.42498787 -0.59962657 0.67811009
vn -0.42498787 -0.59962657 0.67811009
vn -0.42498787 -0.59962657 0.67811009
vn -0.42498787 -0.59962657 0.67811009
f 3325/3325/3325 3326/3326/3326 3327/3327/3327
f 3325/3325/3325 3327/3327/3327 3328/3328/3328
v 0.357240577 0.298750000 0.255858438
v 0.358179688 0.300075000 0.254360015
v 0.295679688 0.221950000 0.146106843
v 0.294740577 0.220625000 0.147605265
vt 0.01562500 0.98437500
vt 0.48437500 0.98437500
vt 0.48437500 0.51562500
vt 0.01562500 0.51562500
vn -0.79975471 0.59962627 0.02899561
vn -0.79975471 0.59962627 0.02899561
vn -0.79975471 0.59962627 0.02899561
vn -0.79975471 0.59962627 0.02899561
f 3329/3329/3329 3330/3330/3330 3331/3331/3331
f 3329/3329/3329 3331/3331/3331 3332/3332/3332
v 0.358179688 0.300075000 0.254360015
v 0.359946922 0.298750000 0.254295938
v 0.297446922 0.220625000 0.146042765
v 0.295679688 0.221950000 0.146106843
vt 0.01562500 0.98437500
vt 0.48437500 0.98437500
vt 0.48437500 0.51562500
vt 0.01562500 0.51562500
vn 0.42498787 0.59962657 -0.67811009
vn 0.42498787 0.59962657 -0.67811009
vn 0.42498787 0.59962657 -0.67811009
vn 0.42498787 0.59962657 -0.67811009
f 3333/3333/3333 3334/3334/3334 3335/3335/3335
f 3333/3333/3333 3335/3335/3335 3336/3336/3336
v 0.357240577 0.298750000 0.255858438
v 0.359007813 0.297425000 0.255794360
v 0.359946922 0.298750000 0.254295938
vt 0.48437500 0.51562500
vt 0.48437500 0.98437500
vt 0.01562500 0.98437500
vn 0.42399814 0.52999678 0.73439022
vn 0.42399814 0.52999678 0.73439022
vn 0.42399814 0.52999678 0.73439022
f 3337/3337/3337 3338/3338/3338 3339/3339/3339
v 0.358179688 0.300075000 0.254360015
v 0.357240577 0.298750000 0.255858438
v 0.359946922 0.298750000 0.254295938
vt 0.48437500 0.51562500
vt 0.48437500 0.98437500
vt 0.01562500 0.98437500
vn 0.42399814 0.52999678 0.73439022
vn 0.42399814 0.52999678 0.73439022
vn 0.42399814 0.52999678 0.73439022
f 3340/3340/3340 3341/3341/3341 3342/3342/3342
v 0.297446922 0.220625000 0.146042765
v 0.296507813 0.219300000 0.147541188
v 0.294740577 0.220625000 0.147605265
vt 0.01562500 0.98437500
vt 0.48437500 0.98437500
vt 0.48437500 0.51562500
vn -0.42399814 -0.52999678 -0.73439022
vn -0.42399814 -0.52999678 -0.73439022
vn -0.42399814 -0.52999678 -0.73439022
f 3343/3343/3343 3344/3344/3344 3345/3345/3345
v 0.297446922 0.220625000 0.146042765
v 0.294740577 0.220625000 0.147605265
v 0.295679688 0.221950000 0.146106843
vt 0.01562500 0.98437500
vt 0.48437500 0.98437500
vt 0.48437500 0.51562500
vn -0.42399814 -0.52999678 -0.73439022
vn -0.42399814 -0.52999678 -0.73439022
vn -0.42399814 -0.52999678 -0.73439022
f 3346/3346/3346 3347/3347/3347 3348/3348/3348
g gore_seam_09_3
usemtl parachute
v 0.297446922 0.220625000 0.146042765
v 0.296693923 0.219624720 0.147863548
v 0.257631423 0.125874720 0.080205313
v 0.258384422 0.126875000 0.078384532
vt 0.01562500 0.98437500
vt 0.48437500 0.98437500
vt 0.48437500 0.51562500
vt 0.01562500 0.51562500
vn 0.88397810 -0.45268082 0.11688794
vn 0.88397810 -0.45268082 0.11688794
vn 0.88397810 -0.45268082 0.11688794
vn 0.88397810 -0.45268082 0.11688794
f 3349/3349/3349 3350/3350/3350 3351/3351/3351
f 3349/3349/3349 3351/3351/3351 3352/3352/3352
v 0.296693923 0.219624720 0.147863548
v 0.294740577 0.220625000 0.147605265
v 0.255678077 0.126875000 0.079947033
v 0.257631423 0.125874720 0.080205313
vt 0.01562500 0.98437500
vt 0.48437500 0.98437500
vt 0.48437500 0.51562500
vt 0.01562500 0.51562500
vn -0.34076355 -0.45267957 0.82399115
vn -0.34076355 -0.45267957 0.82399115
vn -0.34076355 -0.45267957 0.82399115
vn -0.34076355 -0.45267957 0.82399115
f 3353/3353/3353 3354/3354/3354 3355/3355/3355
f 3353/3353/3353 3355/3355/3355 3356/3356/3356
v 0.294740577 0.220625000 0.147605265
v 0.295493577 0.221625280 0.145784485
v 0.256431077 0.127875280 0.078126250
v 0.255678077 0.126875000 0.079947033
vt 0.01562500 0.98437500
vt 0.48437500 0.98437500
vt 0.48437500 0.51562500
vt 0.01562500 0.51562500
vn -0.88397810 0.45268082 -0.11688794
vn -0.88397810 0.45268082 -0.11688794
vn -0.88397810 0.45268082 -0.11688794
vn -0.88397810 0.45268082 -0.11688794
f 3357/3357/3357 3358/3358/3358 3359/3359/3359
f 3357/3357/3357 3359/3359/3359 3360/3360/3360
v 0.295493577 0.221625280 0.145784485
v 0.297446922 0.220625000 0.146042765
v 0.258384422 0.126875000 0.078384532
v 0.256431077 0.127875280 0.078126250
vt 0.01562500 0.98437500
vt 0.48437500 0.98437500
vt 0.48437500 0.51562500
vt 0.01562500 0.51562500
vn 0.34076355 0.45267957 -0.82399115
vn 0.34076355 0.45267957 -0.82399115
vn 0.34076355 0.45267957 -0.82399115
vn 0.34076355 0.45267957 -0.82399115
f 3361/3361/3361 3362/3362/3362 3363/3363/3363
f 3361/3361/3361 3363/3363/3363 3364/3364/3364
v 0.294740577 0.220625000 0.147605265
v 0.296693923 0.219624720 0.147863548
v 0.297446922 0.220625000 0.146042765
vt 0.48437500 0.51562500
vt 0.48437500 0.98437500
vt 0.01562500 0.98437500
vn 0.32008952 0.76822362 0.55441426
vn 0.32008952 0.76822362 0.55441426
vn 0.32008952 0.76822362 0.55441426
f 3365/3365/3365 3366/3366/3366 3367/3367/3367
v 0.295493577 0.221625280 0.145784485
v 0.294740577 0.220625000 0.147605265
v 0.297446922 0.220625000 0.146042765
vt 0.48437500 0.51562500
vt 0.48437500 0.98437500
vt 0.01562500 0.98437500
vn 0.32008952 0.76822362 0.55441426
vn 0.32008952 0.76822362 0.55441426
vn 0.32008952 0.76822362 0.55441426
f 3368/3368/3368 3369/3369/3369 3370/3370/3370
v 0.258384422 0.126875000 0.078384532
v 0.257631423 0.125874720 0.080205313
v 0.255678077 0.126875000 0.079947033
vt 0.01562500 0.98437500
vt 0.48437500 0.98437500
vt 0.48437500 0.51562500
vn -0.32008952 -0.76822362 -0.55441426
vn -0.32008952 -0.76822362 -0.55441426
vn -0.32008952 -0.76822362 -0.55441426
f 3371/3371/3371 3372/3372/3372 3373/3373/3373
v 0.258384422 0.126875000 0.078384532
v 0.255678077 0.126875000 0.079947033
v 0.256431077 0.127875280 0.078126250
vt 0.01562500 0.98437500
vt 0.48437500 0.98437500
vt 0.48437500 0.51562500
vn -0.32008952 -0.76822362 -0.55441426
vn -0.32008952 -0.76822362 -0.55441426
vn -0.32008952 -0.76822362 -0.55441426
f 3374/3374/3374 3375/3375/3375 3376/3376/3376
g gore_seam_09_4
usemtl parachute
v 0.257031250 0.126608345 0.080705360
v 0.255476280 0.127025968 0.079191923
v 0.247663780 0.048900970 0.065660283
v 0.249218750 0.048483342 0.067173702
vt 0.01562500 0.98437500
vt 0.48437500 0.98437500
vt 0.48437500 0.51562500
vt 0.01562500 0.51562500
vn -0.70370118 -0.05235677 0.70856434
vn -0.70370118 -0.05235677 0.70856434
vn -0.70370118 -0.05235677 0.70856434
vn -0.70370118 -0.05235677 0.70856434
f 3377/3377/3377 3378/3378/3378 3379/3379/3379
f 3377/3377/3377 3379/3379/3379 3380/3380/3380
v 0.255476280 0.127025968 0.079191923
v 0.257031250 0.127141657 0.077626203
v 0.249218750 0.049016655 0.064094563
v 0.247663780 0.048900970 0.065660283
vt 0.01562500 0.98437500
vt 0.48437500 0.98437500
vt 0.48437500 0.51562500
vt 0.01562500 0.51562500
vn -0.70369739 0.18899806 -0.68490125
vn -0.70369739 0.18899806 -0.68490125
vn -0.70369739 0.18899806 -0.68490125
vn -0.70369739 0.18899806 -0.68490125
f 3381/3381/3381 3382/3382/3382 3383/3383/3383
f 3381/3381/3381 3383/3383/3383 3384/3384/3384
v 0.257031250 0.127141657 0.077626203
v 0.258586217 0.126724030 0.079139625
v 0.250773717 0.048599030 0.065607985
v 0.249218750 0.049016655 0.064094563
vt 0.01562500 0.98437500
vt 0.48437500 0.98437500
vt 0.48437500 0.51562500
vt 0.01562500 0.51562500
vn 0.70369765 0.05235772 -0.70856777
vn 0.70369765 0.05235772 -0.70856777
vn 0.70369765 0.05235772 -0.70856777
vn 0.70369765 0.05235772 -0.70856777
f 3385/3385/3385 3386/3386/3386 3387/3387/3387
f 3385/3385/3385 3387/3387/3387 3388/3388/3388
v 0.258586217 0.126724030 0.079139625
v 0.257031250 0.126608345 0.080705360
v 0.249218750 0.048483342 0.067173702
v 0.250773717 0.048599030 0.065607985
vt 0.01562500 0.98437500
vt 0.48437500 0.98437500
vt 0.48437500 0.51562500
vt 0.01562500 0.51562500
vn 0.70370078 -0.18899794 0.68489780
vn 0.70370078 -0.18899794 0.68489780
vn 0.70370078 -0.18899794 0.68489780
vn 0.70370078 -0.18899794 0.68489780
f 3389/3389/3389 3390/3390/3390 3391/3391/3391
f 3389/3389/3389 3391/3391/3391 3392/3392/3392
v 0.257031250 0.127141657 0.077626203
v 0.255476280 0.127025968 0.079191923
v 0.257031250 0.126608345 0.080705360
vt 0.48437500 0.51562500
vt 0.48437500 0.98437500
vt 0.01562500 0.98437500
vn 0.09805780 0.98058140 0.16983754
vn 0.09805780 0.98058140 0.16983754
vn 0.09805780 0.98058140 0.16983754
f 3393/3393/3393 3394/3394/3394 3395/3395/3395
v 0.258586217 0.126724030 0.079139625
v 0.257031250 0.127141657 0.077626203
v 0.257031250 0.126608345 0.080705360
vt 0.48437500 0.51562500
vt 0.48437500 0.98437500
vt 0.01562500 0.98437500
vn 0.09805949 0.98058123 0.16983751
vn 0.09805949 0.98058123 0.16983751
vn 0.09805949 0.98058123 0.16983751
f 3396/3396/3396 3397/3397/3397 3398/3398/3398
v 0.249218750 0.048483342 0.067173702
v 0.247663780 0.048900970 0.065660283
v 0.249218750 0.049016655 0.064094563
vt 0.01562500 0.98437500
vt 0.48437500 0.98437500
vt 0.48437500 0.51562500
vn -0.09805864 -0.98058117 -0.16983836
vn -0.09805864 -0.98058117 -0.16983836
vn -0.09805864 -0.98058117 -0.16983836
f 3399/3399/3399 3400/3400/3400 3401/3401/3401
v 0.249218750 0.048483342 0.067173702
v 0.249218750 0.049016655 0.064094563
v 0.250773717 0.048599030 0.065607985
vt 0.01562500 0.98437500
vt 0.48437500 0.98437500
vt 0.48437500 0.51562500
vn -0.09805864 -0.98058117 -0.16983836
vn -0.09805864 -0.98058117 -0.16983836
vn -0.09805864 -0.98058117 -0.16983836
f 3402/3402/3402 3403/3403/3403 3404/3404/3404
g gore_seam_09_5
usemtl parachute
v 0.247865577 0.048750000 0.066415390
v 0.248568703 0.047883280 0.064508235
v 0.264193702 0.001008280 0.091571532
v 0.263490577 0.001875000 0.093478673
vt 0.01562500 0.98437500
vt 0.48437500 0.98437500
vt 0.48437500 0.51562500
vt 0.01562500 0.51562500
vn -0.90654679 -0.39223209 -0.15597086
vn -0.90654679 -0.39223209 -0.15597086
vn -0.90654679 -0.39223209 -0.15597086
vn -0.90654679 -0.39223209 -0.15597086
f 3405/3405/3405 3406/3406/3406 3407/3407/3407
f 3405/3405/3405 3407/3407/3407 3408/3408/3408
v 0.248568703 0.047883280 0.064508235
v 0.250571922 0.048750000 0.064852890
v 0.266196922 0.001875000 0.091916173
v 0.264193702 0.001008280 0.091571532
vt 0.01562500 0.98437500
vt 0.48437500 0.98437500
vt 0.48437500 0.51562500
vt 0.01562500 0.51562500
vn 0.31819803 -0.39223217 -0.86307817
vn 0.31819803 -0.39223217 -0.86307817
vn 0.31819803 -0.39223217 -0.86307817
vn 0.31819803 -0.39223217 -0.86307817
f 3409/3409/3409 3410/3410/3410 3411/3411/3411
f 3409/3409/3409 3411/3411/3411 3412/3412/3412
v 0.250571922 0.048750000 0.064852890
v 0.249868798 0.049616717 0.066760033
v 0.265493798 0.002741717 0.093823327
v 0.266196922 0.001875000 0.091916173
vt 0.01562500 0.98437500
vt 0.48437500 0.98437500
vt 0.48437500 0.51562500
vt 0.01562500 0.51562500
vn 0.90654644 0.39223252 0.15597181
vn 0.90654644 0.39223252 0.15597181
vn 0.90654644 0.39223252 0.15597181
vn 0.90654644 0.39223252 0.15597181
f 3413/3413/3413 3414/3414/3414 3415/3415/3415
f 3413/3413/3413 3415/3415/3415 3416/3416/3416
v 0.249868798 0.049616717 0.066760033
v 0.247865577 0.048750000 0.066415390
v 0.263490577 0.001875000 0.093478673
v 0.265493798 0.002741717 0.093823327
vt 0.01562500 0.98437500
vt 0.48437500 0.98437500
vt 0.48437500 0.51562500
vt 0.01562500 0.51562500
vn -0.31819250 0.39223457 0.86307913
vn -0.31819250 0.39223457 0.86307913
vn -0.31819250 0.39223457 0.86307913
vn -0.31819250 0.39223457 0.86307913
f 3417/3417/3417 3418/3418/3418 3419/3419/3419
f 3417/3417/3417 3419/3419/3419 3420/3420/3420
v 0.250571922 0.048750000 0.064852890
v 0.248568703 0.047883280 0.064508235
v 0.247865577 0.048750000 0.066415390
vt 0.48437500 0.51562500
vt 0.48437500 0.98437500
vt 0.01562500 0.98437500
vn -0.27734771 0.83205201 -0.48038287
vn -0.27734771 0.83205201 -0.48038287
vn -0.27734771 0.83205201 -0.48038287
f 3421/3421/3421 3422/3422/3422 3423/3423/3423
v 0.249868798 0.049616717 0.066760033
v 0.250571922 0.048750000 0.064852890
v 0.247865577 0.048750000 0.066415390
vt 0.48437500 0.51562500
vt 0.48437500 0.98437500
vt 0.01562500 0.98437500
vn -0.27734970 0.83204935 -0.48038633
vn -0.27734970 0.83204935 -0.48038633
vn -0.27734970 0.83204935 -0.48038633
f 3424/3424/3424 3425/3425/3425 3426/3426/3426
v 0.263490577 0.001875000 0.093478673
v 0.264193702 0.001008280 0.091571532
v 0.266196922 0.001875000 0.091916173
vt 0.01562500 0.98437500
vt 0.48437500 0.98437500
vt 0.48437500 0.51562500
vn 0.27734970 -0.83204935 0.48038633
vn 0.27734970 -0.83204935 0.48038633
vn 0.27734970 -0.83204935 0.48038633
f 3427/3427/3427 3428/3428/3428 3429/3429/3429
v 0.263490577 0.001875000 0.093478673
v 0.266196922 0.001875000 0.091916173
v 0.265493798 0.002741717 0.093823327
vt 0.01562500 0.98437500
vt 0.48437500 0.98437500
vt 0.48437500 0.51562500
vn 0.27734771 -0.83205201 0.48038287
vn 0.27734771 -0.83205201 0.48038287
vn 0.27734771 -0.83205201 0.48038287
f 3430/3430/3430 3431/3431/3431 3432/3432/3432
g gore_seam_10_0
usemtl parachute
v 0.501562500 0.361250000 0.464062500
v 0.500000000 0.359704125 0.464289828
v 0.500000000 0.344079125 0.358039827
v 0.501562500 0.345625000 0.357812500
vt 0.01562500 0.98437500
vt 0.48437500 0.98437500
vt 0.48437500 0.51562500
vt 0.01562500 0.51562500
vn 0.70710688 -0.69958246 0.10287977
vn 0.70710688 -0.69958246 0.10287977
vn 0.70710688 -0.69958246 0.10287977
vn 0.70710688 -0.69958246 0.10287977
f 3433/3433/3433 3434/3434/3434 3435/3435/3435
f 3433/3433/3433 3435/3435/3435 3436/3436/3436
v 0.500000000 0.359704125 0.464289828
v 0.498437500 0.361250000 0.464062500
v 0.498437500 0.345625000 0.357812500
v 0.500000000 0.344079125 0.358039827
vt 0.01562500 0.98437500
vt 0.48437500 0.98437500
vt 0.48437500 0.51562500
vt 0.01562500 0.51562500
vn -0.70710688 -0.69958246 0.10287977
vn -0.70710688 -0.69958246 0.10287977
vn -0.70710688 -0.69958246 0.10287977
vn -0.70710688 -0.69958246 0.10287977
f 3437/3437/3437 3438/3438/3438 3439/3439/3439
f 3437/3437/3437 3439/3439/3439 3440/3440/3440
v 0.498437500 0.361250000 0.464062500
v 0.500000000 0.362795875 0.463835173
v 0.500000000 0.347170875 0.357585172
v 0.498437500 0.345625000 0.357812500
vt 0.01562500 0.98437500
vt 0.48437500 0.98437500
vt 0.48437500 0.51562500
vt 0.01562500 0.51562500
vn -0.70710688 0.69958246 -0.10287977
vn -0.70710688 0.69958246 -0.10287977
vn -0.70710688 0.69958246 -0.10287977
vn -0.70710688 0.69958246 -0.10287977
f 3441/3441/3441 3442/3442/3442 3443/3443/3443
f 3441/3441/3441 3443/3443/3443 3444/3444/3444
v 0.500000000 0.362795875 0.463835173
v 0.501562500 0.361250000 0.464062500
v 0.501562500 0.345625000 0.357812500
v 0.500000000 0.347170875 0.357585172
vt 0.01562500 0.98437500
vt 0.48437500 0.98437500
vt 0.48437500 0.51562500
vt 0.01562500 0.51562500
vn 0.70710688 0.69958246 -0.10287977
vn 0.70710688 0.69958246 -0.10287977
vn 0.70710688 0.69958246 -0.10287977
vn 0.70710688 0.69958246 -0.10287977
f 3445/3445/3445 3446/3446/3446 3447/3447/3447
f 3445/3445/3445 3447/3447/3447 3448/3448/3448
v 0.498437500 0.361250000 0.464062500
v 0.500000000 0.359704125 0.464289828
v 0.501562500 0.361250000 0.464062500
vt 0.48437500 0.51562500
vt 0.48437500 0.98437500
vt 0.01562500 0.98437500
vn -0.00000000 0.14548996 0.98935973
vn -0.00000000 0.14548996 0.98935973
vn -0.00000000 0.14548996 0.98935973
f 3449/3449/3449 3450/3450/3450 3451/3451/3451
v 0.500000000 0.362795875 0.463835173
v 0.498437500 0.361250000 0.464062500
v 0.501562500 0.361250000 0.464062500
vt 0.48437500 0.51562500
vt 0.48437500 0.98437500
vt 0.01562500 0.98437500
vn 0.00000000 0.14548996 0.98935973
vn 0.00000000 0.14548996 0.98935973
vn 0.00000000 0.14548996 0.98935973
f 3452/3452/3452 3453/3453/3453 3454/3454/3454
v 0.501562500 0.345625000 0.357812500
v 0.500000000 0.344079125 0.358039827
v 0.498437500 0.345625000 0.357812500
vt 0.01562500 0.98437500
vt 0.48437500 0.98437500
vt 0.48437500 0.51562500
vn -0.00000000 -0.14548996 -0.98935973
vn -0.00000000 -0.14548996 -0.98935973
vn -0.00000000 -0.14548996 -0.98935973
f 3455/3455/3455 3456/3456/3456 3457/3457/3457
v 0.501562500 0.345625000 0.357812500
v 0.498437500 0.345625000 0.357812500
v 0.500000000 0.347170875 0.357585172
vt 0.01562500 0.98437500
vt 0.48437500 0.98437500
vt 0.48437500 0.51562500
vn -0.00000000 -0.14548996 -0.98935973
vn -0.00000000 -0.14548996 -0.98935973
vn -0.00000000 -0.14548996 -0.98935973
f 3458/3458/3458 3459/3459/3459 3460/3460/3460
g gore_seam_10_1
usemtl parachute
v 0.501562500 0.345625000 0.357812500
v 0.500000000 0.344142687 0.358306610
v 0.500000000 0.297267687 0.217681610
v 0.501562500 0.298750000 0.217187500
vt 0.01562500 0.98437500
vt 0.48437500 0.98437500
vt 0.48437500 0.51562500
vt 0.01562500 0.51562500
vn 0.70710592 -0.67082121 0.22360707
vn 0.70710592 -0.67082121 0.22360707
vn 0.70710592 -0.67082121 0.22360707
vn 0.70710592 -0.67082121 0.22360707
f 3461/3461/3461 3462/3462/3462 3463/3463/3463
f 3461/3461/3461 3463/3463/3463 3464/3464/3464
v 0.500000000 0.344142687 0.358306610
v 0.498437500 0.345625000 0.357812500
v 0.498437500 0.298750000 0.217187500
v 0.500000000 0.297267687 0.217681610
vt 0.01562500 0.98437500
vt 0.48437500 0.98437500
vt 0.48437500 0.51562500
vt 0.01562500 0.51562500
vn -0.70710592 -0.67082121 0.22360707
vn -0.70710592 -0.67082121 0.22360707
vn -0.70710592 -0.67082121 0.22360707
vn -0.70710592 -0.67082121 0.22360707
f 3465/3465/3465 3466/3466/3466 3467/3467/3467
f 3465/3465/3465 3467/3467/3467 3468/3468/3468
v 0.498437500 0.345625000 0.357812500
v 0.500000000 0.347107312 0.357318390
v 0.500000000 0.300232312 0.216693390
v 0.498437500 0.298750000 0.217187500
vt 0.01562500 0.98437500
vt 0.48437500 0.98437500
vt 0.48437500 0.51562500
vt 0.01562500 0.51562500
vn -0.70710592 0.67082121 -0.22360707
vn -0.70710592 0.67082121 -0.22360707
vn -0.70710592 0.67082121 -0.22360707
vn -0.70710592 0.67082121 -0.22360707
f 3469/3469/3469 3470/3470/3470 3471/3471/3471
f 3469/3469/3469 3471/3471/3471 3472/3472/3472
v 0.500000000 0.347107312 0.357318390
v 0.501562500 0.345625000 0.357812500
v 0.501562500 0.298750000 0.217187500
v 0.500000000 0.300232312 0.216693390
vt 0.01562500 0.98437500
vt 0.48437500 0.98437500
vt 0.48437500 0.51562500
vt 0.01562500 0.51562500
vn 0.70710592 0.67082121 -0.22360707
vn 0.70710592 0.67082121 -0.22360707
vn 0.70710592 0.67082121 -0.22360707
vn 0.70710592 0.67082121 -0.22360707
f 3473/3473/3473 3474/3474/3474 3475/3475/3475
f 3473/3473/3473 3475/3475/3475 3476/3476/3476
v 0.498437500 0.345625000 0.357812500
v 0.500000000 0.344142687 0.358306610
v 0.501562500 0.345625000 0.357812500
vt 0.48437500 0.51562500
vt 0.48437500 0.98437500
vt 0.01562500 0.98437500
vn -0.00000000 0.31623077 0.94868230
vn -0.00000000 0.31623077 0.94868230
vn -0.00000000 0.31623077 0.94868230
f 3477/3477/3477 3478/3478/3478 3479/3479/3479
v 0.500000000 0.347107312 0.357318390
v 0.498437500 0.345625000 0.357812500
v 0.501562500 0.345625000 0.357812500
vt 0.48437500 0.51562500
vt 0.48437500 0.98437500
vt 0.01562500 0.98437500
vn 0.00000000 0.31623077 0.94868230
vn 0.00000000 0.31623077 0.94868230
vn 0.00000000 0.31623077 0.94868230
f 3480/3480/3480 3481/3481/3481 3482/3482/3482
v 0.501562500 0.298750000 0.217187500
v 0.500000000 0.297267687 0.217681610
v 0.498437500 0.298750000 0.217187500
vt 0.01562500 0.98437500
vt 0.48437500 0.98437500
vt 0.48437500 0.51562500
vn -0.00000000 -0.31623077 -0.94868230
vn -0.00000000 -0.31623077 -0.94868230
vn -0.00000000 -0.31623077 -0.94868230
f 3483/3483/3483 3484/3484/3484 3485/3485/3485
v 0.501562500 0.298750000 0.217187500
v 0.498437500 0.298750000 0.217187500
v 0.500000000 0.300232312 0.216693390
vt 0.01562500 0.98437500
vt 0.48437500 0.98437500
vt 0.48437500 0.51562500
vn -0.00000000 -0.31623077 -0.94868230
vn -0.00000000 -0.31623077 -0.94868230
vn -0.00000000 -0.31623077 -0.94868230
f 3486/3486/3486 3487/3487/3487 3488/3488/3488
g gore_seam_10_2
usemtl parachute
v 0.501562500 0.298750000 0.217187500
v 0.500000000 0.297425000 0.218015625
v 0.500000000 0.219300000 0.093015625
v 0.501562500 0.220625000 0.092187500
vt 0.01562500 0.98437500
vt 0.48437500 0.98437500
vt 0.48437500 0.51562500
vt 0.01562500 0.51562500
vn 0.70710749 -0.59962475 0.37476547
vn 0.70710749 -0.59962475 0.37476547
vn 0.70710749 -0.59962475 0.37476547
vn 0.70710749 -0.59962475 0.37476547
f 3489/3489/3489 3490/3490/3490 3491/3491/3491
f 3489/3489/3489 3491/3491/3491 3492/3492/3492
v 0.500000000 0.297425000 0.218015625
v 0.498437500 0.298750000 0.217187500
v 0.498437500 0.220625000 0.092187500
v 0.500000000 0.219300000 0.093015625
vt 0.01562500 0.98437500
vt 0.48437500 0.98437500
vt 0.48437500 0.51562500
vt 0.01562500 0.51562500
vn -0.70710749 -0.59962475 0.37476547
vn -0.70710749 -0.59962475 0.37476547
vn -0.70710749 -0.59962475 0.37476547
vn -0.70710749 -0.59962475 0.37476547
f 3493/3493/3493 3494/3494/3494 3495/3495/3495
f 3493/3493/3493 3495/3495/3495 3496/3496/3496
v 0.498437500 0.298750000 0.217187500
v 0.500000000 0.300075000 0.216359375
v 0.500000000 0.221950000 0.091359375
v 0.498437500 0.220625000 0.092187500
vt 0.01562500 0.98437500
vt 0.48437500 0.98437500
vt 0.48437500 0.51562500
vt 0.01562500 0.51562500
vn -0.70710749 0.59962475 -0.37476547
vn -0.70710749 0.59962475 -0.37476547
vn -0.70710749 0.59962475 -0.37476547
vn -0.70710749 0.59962475 -0.37476547
f 3497/3497/3497 3498/3498/3498 3499/3499/3499
f 3497/3497/3497 3499/3499/3499 3500/3500/3500
v 0.500000000 0.300075000 0.216359375
v 0.501562500 0.298750000 0.217187500
v 0.501562500 0.220625000 0.092187500
v 0.500000000 0.221950000 0.091359375
vt 0.01562500 0.98437500
vt 0.48437500 0.98437500
vt 0.48437500 0.51562500
vt 0.01562500 0.51562500
vn 0.70710749 0.59962475 -0.37476547
vn 0.70710749 0.59962475 -0.37476547
vn 0.70710749 0.59962475 -0.37476547
vn 0.70710749 0.59962475 -0.37476547
f 3501/3501/3501 3502/3502/3502 3503/3503/3503
f 3501/3501/3501 3503/3503/3503 3504/3504/3504
v 0.498437500 0.298750000 0.217187500
v 0.500000000 0.297425000 0.218015625
v 0.501562500 0.298750000 0.217187500
vt 0.48437500 0.51562500
vt 0.48437500 0.98437500
vt 0.01562500 0.98437500
vn -0.00000000 0.52999894 0.84799830
vn -0.00000000 0.52999894 0.84799830
vn -0.00000000 0.52999894 0.84799830
f 3505/3505/3505 3506/3506/3506 3507/3507/3507
v 0.500000000 0.300075000 0.216359375
v 0.498437500 0.298750000 0.217187500
v 0.501562500 0.298750000 0.217187500
vt 0.48437500 0.51562500
vt 0.48437500 0.98437500
vt 0.01562500 0.98437500
vn 0.00000000 0.52999894 0.84799830
vn 0.00000000 0.52999894 0.84799830
vn 0.00000000 0.52999894 0.84799830
f 3508/3508/3508 3509/3509/3509 3510/3510/3510
v 0.501562500 0.220625000 0.092187500
v 0.500000000 0.219300000 0.093015625
v 0.498437500 0.220625000 0.092187500
vt 0.01562500 0.98437500
vt 0.48437500 0.98437500
vt 0.48437500 0.51562500
vn -0.00000000 -0.52999894 -0.84799830
vn -0.00000000 -0.52999894 -0.84799830
vn -0.00000000 -0.52999894 -0.84799830
f 3511/3511/3511 3512/3512/3512 3513/3513/3513
v 0.501562500 0.220625000 0.092187500
v 0.498437500 0.220625000 0.092187500
v 0.500000000 0.221950000 0.091359375
vt 0.01562500 0.98437500
vt 0.48437500 0.98437500
vt 0.48437500 0.51562500
vn -0.00000000 -0.52999894 -0.84799830
vn -0.00000000 -0.52999894 -0.84799830
vn -0.00000000 -0.52999894 -0.84799830
f 3514/3514/3514 3515/3515/3515 3516/3516/3516
g gore_seam_10_3
usemtl parachute
v 0.501562500 0.220625000 0.092187500
v 0.500000000 0.219624720 0.093387842
v 0.500000000 0.125874720 0.015262842
v 0.501562500 0.126875000 0.014062500
vt 0.01562500 0.98437500
vt 0.48437500 0.98437500
vt 0.48437500 0.51562500
vt 0.01562500 0.51562500
vn 0.70710544 -0.45267959 0.54321551
vn 0.70710544 -0.45267959 0.54321551
vn 0.70710544 -0.45267959 0.54321551
vn 0.70710544 -0.45267959 0.54321551
f 3517/3517/3517 3518/3518/3518 3519/3519/3519
f 3517/3517/3517 3519/3519/3519 3520/3520/3520
v 0.500000000 0.219624720 0.093387842
v 0.498437500 0.220625000 0.092187500
v 0.498437500 0.126875000 0.014062500
v 0.500000000 0.125874720 0.015262842
vt 0.01562500 0.98437500
vt 0.48437500 0.98437500
vt 0.48437500 0.51562500
vt 0.01562500 0.51562500
vn -0.70710544 -0.45267959 0.54321551
vn -0.70710544 -0.45267959 0.54321551
vn -0.70710544 -0.45267959 0.54321551
vn -0.70710544 -0.45267959 0.54321551
f 3521/3521/3521 3522/3522/3522 3523/3523/3523
f 3521/3521/3521 3523/3523/3523 3524/3524/3524
v 0.498437500 0.220625000 0.092187500
v 0.500000000 0.221625280 0.090987155
v 0.500000000 0.127875280 0.012862155
v 0.498437500 0.126875000 0.014062500
vt 0.01562500 0.98437500
vt 0.48437500 0.98437500
vt 0.48437500 0.51562500
vt 0.01562500 0.51562500
vn -0.70710544 0.45267959 -0.54321551
vn -0.70710544 0.45267959 -0.54321551
vn -0.70710544 0.45267959 -0.54321551
vn -0.70710544 0.45267959 -0.54321551
f 3525/3525/3525 3526/3526/3526 3527/3527/3527
f 3525/3525/3525 3527/3527/3527 3528/3528/3528
v 0.500000000 0.221625280 0.090987155
v 0.501562500 0.220625000 0.092187500
v 0.501562500 0.126875000 0.014062500
v 0.500000000 0.127875280 0.012862155
vt 0.01562500 0.98437500
vt 0.48437500 0.98437500
vt 0.48437500 0.51562500
vt 0.01562500 0.51562500
vn 0.70710544 0.45267959 -0.54321551
vn 0.70710544 0.45267959 -0.54321551
vn 0.70710544 0.45267959 -0.54321551
vn 0.70710544 0.45267959 -0.54321551
f 3529/3529/3529 3530/3530/3530 3531/3531/3531
f 3529/3529/3529 3531/3531/3531 3532/3532/3532
v 0.498437500 0.220625000 0.092187500
v 0.500000000 0.219624720 0.093387842
v 0.501562500 0.220625000 0.092187500
vt 0.48437500 0.51562500
vt 0.48437500 0.98437500
vt 0.01562500 0.98437500
vn -0.00000000 0.76822292 0.64018243
vn -0.00000000 0.76822292 0.64018243
vn -0.00000000 0.76822292 0.64018243
f 3533/3533/3533 3534/3534/3534 3535/3535/3535
v 0.500000000 0.221625280 0.090987155
v 0.498437500 0.220625000 0.092187500
v 0.501562500 0.220625000 0.092187500
vt 0.48437500 0.51562500
vt 0.48437500 0.98437500
vt 0.01562500 0.98437500
vn 0.00000000 0.76822292 0.64018243
vn 0.00000000 0.76822292 0.64018243
vn 0.00000000 0.76822292 0.64018243
f 3536/3536/3536 3537/3537/3537 3538/3538/3538
v 0.501562500 0.126875000 0.014062500
v 0.500000000 0.125874720 0.015262842
v 0.498437500 0.126875000 0.014062500
vt 0.01562500 0.98437500
vt 0.48437500 0.98437500
vt 0.48437500 0.51562500
vn -0.00000000 -0.76822292 -0.64018243
vn -0.00000000 -0.76822292 -0.64018243
vn -0.00000000 -0.76822292 -0.64018243
f 3539/3539/3539 3540/3540/3540 3541/3541/3541
v 0.501562500 0.126875000 0.014062500
v 0.498437500 0.126875000 0.014062500
v 0.500000000 0.127875280 0.012862155
vt 0.01562500 0.98437500
vt 0.48437500 0.98437500
vt 0.48437500 0.51562500
vn -0.00000000 -0.76822292 -0.64018243
vn -0.00000000 -0.76822292 -0.64018243
vn -0.00000000 -0.76822292 -0.64018243
f 3542/3542/3542 3543/3543/3543 3544/3544/3544
g gore_seam_10_4
usemtl parachute
v 0.500000000 0.126568562 0.015594657
v 0.498437500 0.126875000 0.014062500
v 0.498437500 0.048750000 -0.001562500
v 0.500000000 0.048443563 -0.000030343
vt 0.01562500 0.98437500
vt 0.48437500 0.98437500
vt 0.48437500 0.51562500
vt 0.01562500 0.51562500
vn -0.70710681 -0.13867504 0.69337521
vn -0.70710681 -0.13867504 0.69337521
vn -0.70710681 -0.13867504 0.69337521
vn -0.70710681 -0.13867504 0.69337521
f 3545/3545/3545 3546/3546/3546 3547/3547/3547
f 3545/3545/3545 3547/3547/3547 3548/3548/3548
v 0.498437500 0.126875000 0.014062500
v 0.500000000 0.127181437 0.012530345
v 0.500000000 0.049056437 -0.003094658
v 0.498437500 0.048750000 -0.001562500
vt 0.01562500 0.98437500
vt 0.48437500 0.98437500
vt 0.48437500 0.51562500
vt 0.01562500 0.51562500
vn -0.70710681 0.13867504 -0.69337521
vn -0.70710681 0.13867504 -0.69337521
vn -0.70710681 0.13867504 -0.69337521
vn -0.70710681 0.13867504 -0.69337521
f 3549/3549/3549 3550/3550/3550 3551/3551/3551
f 3549/3549/3549 3551/3551/3551 3552/3552/3552
v 0.500000000 0.127181437 0.012530345
v 0.501562500 0.126875000 0.014062500
v 0.501562500 0.048750000 -0.001562500
v 0.500000000 0.049056437 -0.003094658
vt 0.01562500 0.98437500
vt 0.48437500 0.98437500
vt 0.48437500 0.51562500
vt 0.01562500 0.51562500
vn 0.70710681 0.13867504 -0.69337521
vn 0.70710681 0.13867504 -0.69337521
vn 0.70710681 0.13867504 -0.69337521
vn 0.70710681 0.13867504 -0.69337521
f 3553/3553/3553 3554/3554/3554 3555/3555/3555
f 3553/3553/3553 3555/3555/3555 3556/3556/3556
v 0.501562500 0.126875000 0.014062500
v 0.500000000 0.126568562 0.015594657
v 0.500000000 0.048443563 -0.000030343
v 0.501562500 0.048750000 -0.001562500
vt 0.01562500 0.98437500
vt 0.48437500 0.98437500
vt 0.48437500 0.51562500
vt 0.01562500 0.51562500
vn 0.70710681 -0.13867504 0.69337521
vn 0.70710681 -0.13867504 0.69337521
vn 0.70710681 -0.13867504 0.69337521
vn 0.70710681 -0.13867504 0.69337521
f 3557/3557/3557 3558/3558/3558 3559/3559/3559
f 3557/3557/3557 3559/3559/3559 3560/3560/3560
v 0.500000000 0.127181437 0.012530345
v 0.498437500 0.126875000 0.014062500
v 0.500000000 0.126568562 0.015594657
vt 0.48437500 0.51562500
vt 0.48437500 0.98437500
vt 0.01562500 0.98437500
vn 0.00000000 0.98057991 0.19611998
vn 0.00000000 0.98057991 0.19611998
vn 0.00000000 0.98057991 0.19611998
f 3561/3561/3561 3562/3562/3562 3563/3563/3563
v 0.501562500 0.126875000 0.014062500
v 0.500000000 0.127181437 0.012530345
v 0.500000000 0.126568562 0.015594657
vt 0.48437500 0.51562500
vt 0.48437500 0.98437500
vt 0.01562500 0.98437500
vn -0.00000000 0.98057991 0.19611998
vn -0.00000000 0.98057991 0.19611998
vn -0.00000000 0.98057991 0.19611998
f 3564/3564/3564 3565/3565/3565 3566/3566/3566
v 0.500000000 0.048443563 -0.000030343
v 0.498437500 0.048750000 -0.001562500
v 0.500000000 0.049056437 -0.003094658
vt 0.01562500 0.98437500
vt 0.48437500 0.98437500
vt 0.48437500 0.51562500
vn 0.00000000 -0.98057991 -0.19611998
vn 0.00000000 -0.98057991 -0.19611998
vn 0.00000000 -0.98057991 -0.19611998
f 3567/3567/3567 3568/3568/3568 3569/3569/3569
v 0.500000000 0.048443563 -0.000030343
v 0.500000000 0.049056437 -0.003094658
v 0.501562500 0.048750000 -0.001562500
vt 0.01562500 0.98437500
vt 0.48437500 0.98437500
vt 0.48437500 0.51562500
vn -0.00000000 -0.98057991 -0.19611998
vn -0.00000000 -0.98057991 -0.19611998
vn -0.00000000 -0.98057991 -0.19611998
f 3570/3570/3570 3571/3571/3571 3572/3572/3572
g gore_seam_10_5
usemtl parachute
v 0.498437500 0.048750000 -0.001562500
v 0.500000000 0.047883280 -0.002862577
v 0.500000000 0.001008280 0.028387422
v 0.498437500 0.001875000 0.029687500
vt 0.01562500 0.98437500
vt 0.48437500 0.98437500
vt 0.48437500 0.51562500
vt 0.01562500 0.51562500
vn -0.70710666 -0.39223234 -0.58834851
vn -0.70710666 -0.39223234 -0.58834851
vn -0.70710666 -0.39223234 -0.58834851
vn -0.70710666 -0.39223234 -0.58834851
f 3573/3573/3573 3574/3574/3574 3575/3575/3575
f 3573/3573/3573 3575/3575/3575 3576/3576/3576
v 0.500000000 0.047883280 -0.002862577
v 0.501562500 0.048750000 -0.001562500
v 0.501562500 0.001875000 0.029687500
v 0.500000000 0.001008280 0.028387422
vt 0.01562500 0.98437500
vt 0.48437500 0.98437500
vt 0.48437500 0.51562500
vt 0.01562500 0.51562500
vn 0.70710666 -0.39223234 -0.58834851
vn 0.70710666 -0.39223234 -0.58834851
vn 0.70710666 -0.39223234 -0.58834851
vn 0.70710666 -0.39223234 -0.58834851
f 3577/3577/3577 3578/3578/3578 3579/3579/3579
f 3577/3577/3577 3579/3579/3579 3580/3580/3580
v 0.501562500 0.048750000 -0.001562500
v 0.500000000 0.049616717 -0.000262422
v 0.500000000 0.002741717 0.030987577
v 0.501562500 0.001875000 0.029687500
vt 0.01562500 0.98437500
vt 0.48437500 0.98437500
vt 0.48437500 0.51562500
vt 0.01562500 0.51562500
vn 0.70710666 0.39223234 0.58834851
vn 0.70710666 0.39223234 0.58834851
vn 0.70710666 0.39223234 0.58834851
vn 0.70710666 0.39223234 0.58834851
f 3581/3581/3581 3582/3582/3582 3583/3583/3583
f 3581/3581/3581 3583/3583/3583 3584/3584/3584
v 0.500000000 0.049616717 -0.000262422
v 0.498437500 0.048750000 -0.001562500
v 0.498437500 0.001875000 0.029687500
v 0.500000000 0.002741717 0.030987577
vt 0.01562500 0.98437500
vt 0.48437500 0.98437500
vt 0.48437500 0.51562500
vt 0.01562500 0.51562500
vn -0.70710666 0.39223234 0.58834851
vn -0.70710666 0.39223234 0.58834851
vn -0.70710666 0.39223234 0.58834851
vn -0.70710666 0.39223234 0.58834851
f 3585/3585/3585 3586/3586/3586 3587/3587/3587
f 3585/3585/3585 3587/3587/3587 3588/3588/3588
v 0.501562500 0.048750000 -0.001562500
v 0.500000000 0.047883280 -0.002862577
v 0.498437500 0.048750000 -0.001562500
vt 0.48437500 0.51562500
vt 0.48437500 0.98437500
vt 0.01562500 0.98437500
vn 0.00000000 0.83205029 -0.55470020
vn 0.00000000 0.83205029 -0.55470020
vn 0.00000000 0.83205029 -0.55470020
f 3589/3589/3589 3590/3590/3590 3591/3591/3591
v 0.500000000 0.049616717 -0.000262422
v 0.501562500 0.048750000 -0.001562500
v 0.498437500 0.048750000 -0.001562500
vt 0.48437500 0.51562500
vt 0.48437500 0.98437500
vt 0.01562500 0.98437500
vn 0.00000000 0.83205029 -0.55470020
vn 0.00000000 0.83205029 -0.55470020
vn 0.00000000 0.83205029 -0.55470020
f 3592/3592/3592 3593/3593/3593 3594/3594/3594
v 0.498437500 0.001875000 0.029687500
v 0.500000000 0.001008280 0.028387422
v 0.501562500 0.001875000 0.029687500
vt 0.01562500 0.98437500
vt 0.48437500 0.98437500
vt 0.48437500 0.51562500
vn 0.00000000 -0.83205029 0.55470020
vn 0.00000000 -0.83205029 0.55470020
vn 0.00000000 -0.83205029 0.55470020
f 3595/3595/3595 3596/3596/3596 3597/3597/3597
v 0.498437500 0.001875000 0.029687500
v 0.501562500 0.001875000 0.029687500
v 0.500000000 0.002741717 0.030987577
vt 0.01562500 0.98437500
vt 0.48437500 0.98437500
vt 0.48437500 0.51562500
vn 0.00000000 -0.83205029 0.55470020
vn 0.00000000 -0.83205029 0.55470020
vn 0.00000000 -0.83205029 0.55470020
f 3598/3598/3598 3599/3599/3599 3600/3600/3600
g gore_seam_11_0
usemtl parachute
v 0.519321922 0.361250000 0.469658470
v 0.517855078 0.359704125 0.469074095
v 0.570980078 0.344079125 0.377058890
v 0.572446922 0.345625000 0.377643265
vt 0.01562500 0.98437500
vt 0.48437500 0.98437500
vt 0.48437500 0.51562500
vt 0.01562500 0.51562500
vn 0.56093052 -0.69958469 0.44264908
vn 0.56093052 -0.69958469 0.44264908
vn 0.56093052 -0.69958469 0.44264908
vn 0.56093052 -0.69958469 0.44264908
f 3601/3601/3601 3602/3602/3602 3603/3603/3603
f 3601/3601/3601 3603/3603/3603 3604/3604/3604
v 0.517855078 0.359704125 0.469074095
v 0.516615577 0.361250000 0.468095967
v 0.569740577 0.345625000 0.376080765
v 0.570980078 0.344079125 0.377058890
vt 0.01562500 0.98437500
vt 0.48437500 0.98437500
vt 0.48437500 0.51562500
vt 0.01562500 0.51562500
vn -0.66381231 -0.69958258 -0.26445686
vn -0.66381231 -0.69958258 -0.26445686
vn -0.66381231 -0.69958258 -0.26445686
vn -0.66381231 -0.69958258 -0.26445686
f 3605/3605/3605 3606/3606/3606 3607/3607/3607
f 3605/3605/3605 3607/3607/3607 3608/3608/3608
v 0.516615577 0.361250000 0.468095967
v 0.518082423 0.362795875 0.468680327
v 0.571207423 0.347170875 0.376665140
v 0.569740577 0.345625000 0.376080765
vt 0.01562500 0.98437500
vt 0.48437500 0.98437500
vt 0.48437500 0.51562500
vt 0.01562500 0.51562500
vn -0.56093257 0.69958249 -0.44264996
vn -0.56093257 0.69958249 -0.44264996
vn -0.56093257 0.69958249 -0.44264996
vn -0.56093257 0.69958249 -0.44264996
f 3609/3609/3609 3610/3610/3610 3611/3611/3611
f 3609/3609/3609 3611/3611/3611 3612/3612/3612
v 0.518082423 0.362795875 0.468680327
v 0.519321922 0.361250000 0.469658470
v 0.572446922 0.345625000 0.377643265
v 0.571207423 0.347170875 0.376665140
vt 0.01562500 0.98437500
vt 0.48437500 0.98437500
vt 0.48437500 0.51562500
vt 0.01562500 0.51562500
vn 0.66381126 0.69958389 0.26445603
vn 0.66381126 0.69958389 0.26445603
vn 0.66381126 0.69958389 0.26445603
vn 0.66381126 0.69958389 0.26445603
f 3613/3613/3613 3614/3614/3614 3615/3615/3615
f 3613/3613/3613 3615/3615/3615 3616/3616/3616
v 0.516615577 0.361250000 0.468095967
v 0.517855078 0.359704125 0.469074095
v 0.519321922 0.361250000 0.469658470
vt 0.48437500 0.51562500
vt 0.48437500 0.98437500
vt 0.01562500 0.98437500
vn -0.49467759 0.14549407 0.85681127
vn -0.49467759 0.14549407 0.85681127
vn -0.49467759 0.14549407 0.85681127
f 3617/3617/3617 3618/3618/3618 3619/3619/3619
v 0.518082423 0.362795875 0.468680327
v 0.516615577 0.361250000 0.468095967
v 0.519321922 0.361250000 0.469658470
vt 0.48437500 0.51562500
vt 0.48437500 0.98437500
vt 0.01562500 0.98437500
vn -0.49467697 0.14550255 0.85681019
vn -0.49467697 0.14550255 0.85681019
vn -0.49467697 0.14550255 0.85681019
f 3620/3620/3620 3621/3621/3621 3622/3622/3622
v 0.572446922 0.345625000 0.377643265
v 0.570980078 0.344079125 0.377058890
v 0.569740577 0.345625000 0.376080765
vt 0.01562500 0.98437500
vt 0.48437500 0.98437500
vt 0.48437500 0.51562500
vn 0.49467759 -0.14549407 -0.85681127
vn 0.49467759 -0.14549407 -0.85681127
vn 0.49467759 -0.14549407 -0.85681127
f 3623/3623/3623 3624/3624/3624 3625/3625/3625
v 0.572446922 0.345625000 0.377643265
v 0.569740577 0.345625000 0.376080765
v 0.571207423 0.347170875 0.376665140
vt 0.01562500 0.98437500
vt 0.48437500 0.98437500
vt 0.48437500 0.51562500
vn 0.49467759 -0.14549407 -0.85681127
vn 0.49467759 -0.14549407 -0.85681127
vn 0.49467759 -0.14549407 -0.85681127
f 3626/3626/3626 3627/3627/3627 3628/3628/3628
g gore_seam_11_1
usemtl parachute
v 0.572446922 0.345625000 0.377643265
v 0.570846703 0.344142687 0.377289922
v 0.641159203 0.297267687 0.255505092
v 0.642759422 0.298750000 0.255858438
vt 0.01562500 0.98437500
vt 0.48437500 0.98437500
vt 0.48437500 0.51562500
vt 0.01562500 0.51562500
vn 0.50056737 -0.67082195 0.54720217
vn 0.50056737 -0.67082195 0.54720217
vn 0.50056737 -0.67082195 0.54720217
vn 0.50056737 -0.67082195 0.54720217
f 3629/3629/3629 3630/3630/3630 3631/3631/3631
f 3629/3629/3629 3631/3631/3631 3632/3632/3632
v 0.570846703 0.344142687 0.377289922
v 0.569740577 0.345625000 0.376080765
v 0.640053077 0.298750000 0.254295938
v 0.641159203 0.297267687 0.255505092
vt 0.01562500 0.98437500
vt 0.48437500 0.98437500
vt 0.48437500 0.51562500
vt 0.01562500 0.51562500
vn -0.72417295 -0.67082426 -0.15990107
vn -0.72417295 -0.67082426 -0.15990107
vn -0.72417295 -0.67082426 -0.15990107
vn -0.72417295 -0.67082426 -0.15990107
f 3633/3633/3633 3634/3634/3634 3635/3635/3635
f 3633/3633/3633 3635/3635/3635 3636/3636/3636
v 0.569740577 0.345625000 0.376080765
v 0.571340797 0.347107312 0.376434110
v 0.641653297 0.300232312 0.254649280
v 0.640053077 0.298750000 0.254295938
vt 0.01562500 0.98437500
vt 0.48437500 0.98437500
vt 0.48437500 0.51562500
vt 0.01562500 0.51562500
vn -0.50056737 0.67082195 -0.54720217
vn -0.50056737 0.67082195 -0.54720217
vn -0.50056737 0.67082195 -0.54720217
vn -0.50056737 0.67082195 -0.54720217
f 3637/3637/3637 3638/3638/3638 3639/3639/3639
f 3637/3637/3637 3639/3639/3639 3640/3640/3640
v 0.571340797 0.347107312 0.376434110
v 0.572446922 0.345625000 0.377643265
v 0.642759422 0.298750000 0.255858438
v 0.641653297 0.300232312 0.254649280
vt 0.01562500 0.98437500
vt 0.48437500 0.98437500
vt 0.48437500 0.51562500
vt 0.01562500 0.51562500
vn 0.72417295 0.67082426 0.15990107
vn 0.72417295 0.67082426 0.15990107
vn 0.72417295 0.67082426 0.15990107
vn 0.72417295 0.67082426 0.15990107
f 3641/3641/3641 3642/3642/3642 3643/3643/3643
f 3641/3641/3641 3643/3643/3643 3644/3644/3644
v 0.569740577 0.345625000 0.376080765
v 0.570846703 0.344142687 0.377289922
v 0.572446922 0.345625000 0.377643265
vt 0.48437500 0.51562500
vt 0.48437500 0.98437500
vt 0.01562500 0.98437500
vn -0.47434005 0.31622601 0.82158543
vn -0.47434005 0.31622601 0.82158543
vn -0.47434005 0.31622601 0.82158543
f 3645/3645/3645 3646/3646/3646 3647/3647/3647
v 0.571340797 0.347107312 0.376434110
v 0.569740577 0.345625000 0.376080765
v 0.572446922 0.345625000 0.377643265
vt 0.48437500 0.51562500
vt 0.48437500 0.98437500
vt 0.01562500 0.98437500
vn -0.47434005 0.31622601 0.82158543
vn -0.47434005 0.31622601 0.82158543
vn -0.47434005 0.31622601 0.82158543
f 3648/3648/3648 3649/3649/3649 3650/3650/3650
v 0.642759422 0.298750000 0.255858438
v 0.641159203 0.297267687 0.255505092
v 0.640053077 0.298750000 0.254295938
vt 0.01562500 0.98437500
vt 0.48437500 0.98437500
vt 0.48437500 0.51562500
vn 0.47434005 -0.31622601 -0.82158543
vn 0.47434005 -0.31622601 -0.82158543
vn 0.47434005 -0.31622601 -0.82158543
f 3651/3651/3651 3652/3652/3652 3653/3653/3653
v 0.642759422 0.298750000 0.255858438
v 0.640053077 0.298750000 0.254295938
v 0.641653297 0.300232312 0.254649280
vt 0.01562500 0.98437500
vt 0.48437500 0.98437500
vt 0.48437500 0.51562500
vn 0.47434005 -0.31622601 -0.82158543
vn 0.47434005 -0.31622601 -0.82158543
vn 0.47434005 -0.31622601 -0.82158543
f 3654/3654/3654 3655/3655/3655 3656/3656/3656
g gore_seam_11_2
usemtl parachute
v 0.642759422 0.298750000 0.255858438
v 0.640992187 0.297425000 0.255794360
v 0.703492187 0.219300000 0.147541188
v 0.705259422 0.220625000 0.147605265
vt 0.01562500 0.98437500
vt 0.48437500 0.98437500
vt 0.48437500 0.51562500
vt 0.01562500 0.51562500
vn 0.42498787 -0.59962657 0.67811009
vn 0.42498787 -0.59962657 0.67811009
vn 0.42498787 -0.59962657 0.67811009
vn 0.42498787 -0.59962657 0.67811009
f 3657/3657/3657 3658/3658/3658 3659/3659/3659
f 3657/3657/3657 3659/3659/3659 3660/3660/3660
v 0.640992187 0.297425000 0.255794360
v 0.640053077 0.298750000 0.254295938
v 0.702553077 0.220625000 0.146042765
v 0.703492187 0.219300000 0.147541188
vt 0.01562500 0.98437500
vt 0.48437500 0.98437500
vt 0.48437500 0.51562500
vt 0.01562500 0.51562500
vn -0.79975471 -0.59962627 -0.02899561
vn -0.79975471 -0.59962627 -0.02899561
vn -0.79975471 -0.59962627 -0.02899561
vn -0.79975471 -0.59962627 -0.02899561
f 3661/3661/3661 3662/3662/3662 3663/3663/3663
f 3661/3661/3661 3663/3663/3663 3664/3664/3664
v 0.640053077 0.298750000 0.254295938
v 0.641820312 0.300075000 0.254360015
v 0.704320312 0.221950000 0.146106843
v 0.702553077 0.220625000 0.146042765
vt 0.01562500 0.98437500
vt 0.48437500 0.98437500
vt 0.48437500 0.51562500
vt 0.01562500 0.51562500
vn -0.42498787 0.59962657 -0.67811009
vn -0.42498787 0.59962657 -0.67811009
vn -0.42498787 0.59962657 -0.67811009
vn -0.42498787 0.59962657 -0.67811009
f 3665/3665/3665 3666/3666/3666 3667/3667/3667
f 3665/3665/3665 3667/3667/3667 3668/3668/3668
v 0.641820312 0.300075000 0.254360015
v 0.642759422 0.298750000 0.255858438
v 0.705259422 0.220625000 0.147605265
v 0.704320312 0.221950000 0.146106843
vt 0.01562500 0.98437500
vt 0.48437500 0.98437500
vt 0.48437500 0.51562500
vt 0.01562500 0.51562500
vn 0.79975471 0.59962627 0.02899561
vn 0.79975471 0.59962627 0.02899561
vn 0.79975471 0.59962627 0.02899561
vn 0.79975471 0.59962627 0.02899561
f 3669/3669/3669 3670/3670/3670 3671/3671/3671
f 3669/3669/3669 3671/3671/3671 3672/3672/3672
v 0.640053077 0.298750000 0.254295938
v 0.640992187 0.297425000 0.255794360
v 0.642759422 0.298750000 0.255858438
vt 0.48437500 0.51562500
vt 0.48437500 0.98437500
vt 0.01562500 0.98437500
vn -0.42399814 0.52999678 0.73439022
vn -0.42399814 0.52999678 0.73439022
vn -0.42399814 0.52999678 0.73439022
f 3673/3673/3673 3674/3674/3674 3675/3675/3675
v 0.641820312 0.300075000 0.254360015
v 0.640053077 0.298750000 0.254295938
v 0.642759422 0.298750000 0.255858438
vt 0.48437500 0.51562500
vt 0.48437500 0.98437500
vt 0.01562500 0.98437500
vn -0.42399814 0.52999678 0.73439022
vn -0.42399814 0.52999678 0.73439022
vn -0.42399814 0.52999678 0.73439022
f 3676/3676/3676 3677/3677/3677 3678/3678/3678
v 0.705259422 0.220625000 0.147605265
v 0.703492187 0.219300000 0.147541188
v 0.702553077 0.220625000 0.146042765
vt 0.01562500 0.98437500
vt 0.48437500 0.98437500
vt 0.48437500 0.51562500
vn 0.42399814 -0.52999678 -0.73439022
vn 0.42399814 -0.52999678 -0.73439022
vn 0.42399814 -0.52999678 -0.73439022
f 3679/3679/3679 3680/3680/3680 3681/3681/3681
v 0.705259422 0.220625000 0.147605265
v 0.702553077 0.220625000 0.146042765
v 0.704320312 0.221950000 0.146106843
vt 0.01562500 0.98437500
vt 0.48437500 0.98437500
vt 0.48437500 0.51562500
vn 0.42399814 -0.52999678 -0.73439022
vn 0.42399814 -0.52999678 -0.73439022
vn 0.42399814 -0.52999678 -0.73439022
f 3682/3682/3682 3683/3683/3683 3684/3684/3684
g gore_seam_11_3
usemtl parachute
v 0.705259422 0.220625000 0.147605265
v 0.703306077 0.219624720 0.147863548
v 0.742368577 0.125874720 0.080205313
v 0.744321922 0.126875000 0.079947033
vt 0.01562500 0.98437500
vt 0.48437500 0.98437500
vt 0.48437500 0.51562500
vt 0.01562500 0.51562500
vn 0.34076355 -0.45267957 0.82399115
vn 0.34076355 -0.45267957 0.82399115
vn 0.34076355 -0.45267957 0.82399115
vn 0.34076355 -0.45267957 0.82399115
f 3685/3685/3685 3686/3686/3686 3687/3687/3687
f 3685/3685/3685 3687/3687/3687 3688/3688/3688
v 0.703306077 0.219624720 0.147863548
v 0.702553077 0.220625000 0.146042765
v 0.741615577 0.126875000 0.078384532
v 0.742368577 0.125874720 0.080205313
vt 0.01562500 0.98437500
vt 0.48437500 0.98437500
vt 0.48437500 0.51562500
vt 0.01562500 0.51562500
vn -0.88397810 -0.45268082 0.11688794
vn -0.88397810 -0.45268082 0.11688794
vn -0.88397810 -0.45268082 0.11688794
vn -0.88397810 -0.45268082 0.11688794
f 3689/3689/3689 3690/3690/3690 3691/3691/3691
f 3689/3689/3689 3691/3691/3691 3692/3692/3692
v 0.702553077 0.220625000 0.146042765
v 0.704506422 0.221625280 0.145784485
v 0.743568922 0.127875280 0.078126250
v 0.741615577 0.126875000 0.078384532
vt 0.01562500 0.98437500
vt 0.48437500 0.98437500
vt 0.48437500 0.51562500
vt 0.01562500 0.51562500
vn -0.34076355 0.45267957 -0.82399115
vn -0.34076355 0.45267957 -0.82399115
vn -0.34076355 0.45267957 -0.82399115
vn -0.34076355 0.45267957 -0.82399115
f 3693/3693/3693 3694/3694/3694 3695/3695/3695
f 3693/3693/3693 3695/3695/3695 3696/3696/3696
v 0.704506422 0.221625280 0.145784485
v 0.705259422 0.220625000 0.147605265
v 0.744321922 0.126875000 0.079947033
v 0.743568922 0.127875280 0.078126250
vt 0.01562500 0.98437500
vt 0.48437500 0.98437500
vt 0.48437500 0.51562500
vt 0.01562500 0.51562500
vn 0.88397810 0.45268082 -0.11688794
vn 0.88397810 0.45268082 -0.11688794
vn 0.88397810 0.45268082 -0.11688794
vn 0.88397810 0.45268082 -0.11688794
f 3697/3697/3697 3698/3698/3698 3699/3699/3699
f 3697/3697/3697 3699/3699/3699 3700/3700/3700
v 0.702553077 0.220625000 0.146042765
v 0.703306077 0.219624720 0.147863548
v 0.705259422 0.220625000 0.147605265
vt 0.48437500 0.51562500
vt 0.48437500 0.98437500
vt 0.01562500 0.98437500
vn -0.32008952 0.76822362 0.55441426
vn -0.32008952 0.76822362 0.55441426
vn -0.32008952 0.76822362 0.55441426
f 3701/3701/3701 3702/3702/3702 3703/3703/3703
v 0.704506422 0.221625280 0.145784485
v 0.702553077 0.220625000 0.146042765
v 0.705259422 0.220625000 0.147605265
vt 0.48437500 0.51562500
vt 0.48437500 0.98437500
vt 0.01562500 0.98437500
vn -0.32008952 0.76822362 0.55441426
vn -0.32008952 0.76822362 0.55441426
vn -0.32008952 0.76822362 0.55441426
f 3704/3704/3704 3705/3705/3705 3706/3706/3706
v 0.744321922 0.126875000 0.079947033
v 0.742368577 0.125874720 0.080205313
v 0.741615577 0.126875000 0.078384532
vt 0.01562500 0.98437500
vt 0.48437500 0.98437500
vt 0.48437500 0.51562500
vn 0.32008952 -0.76822362 -0.55441426
vn 0.32008952 -0.76822362 -0.55441426
vn 0.32008952 -0.76822362 -0.55441426
f 3707/3707/3707 3708/3708/3708 3709/3709/3709
v 0.744321922 0.126875000 0.079947033
v 0.741615577 0.126875000 0.078384532
v 0.743568922 0.127875280 0.078126250
vt 0.01562500 0.98437500
vt 0.48437500 0.98437500
vt 0.48437500 0.51562500
vn 0.32008952 -0.76822362 -0.55441426
vn 0.32008952 -0.76822362 -0.55441426
vn 0.32008952 -0.76822362 -0.55441426
f 3710/3710/3710 3711/3711/3711 3712/3712/3712
g gore_seam_11_4
usemtl parachute
v 0.742968750 0.126608345 0.080705360
v 0.741413783 0.126724030 0.079139625
v 0.749226283 0.048599030 0.065607985
v 0.750781250 0.048483342 0.067173702
vt 0.01562500 0.98437500
vt 0.48437500 0.98437500
vt 0.48437500 0.51562500
vt 0.01562500 0.51562500
vn -0.70370079 -0.18899781 0.68489782
vn -0.70370079 -0.18899781 0.68489782
vn -0.70370079 -0.18899781 0.68489782
vn -0.70370079 -0.18899781 0.68489782
f 3713/3713/3713 3714/3714/3714 3715/3715/3715
f 3713/3713/3713 3715/3715/3715 3716/3716/3716
v 0.741413783 0.126724030 0.079139625
v 0.742968750 0.127141657 0.077626203
v 0.750781250 0.049016655 0.064094563
v 0.749226283 0.048599030 0.065607985
vt 0.01562500 0.98437500
vt 0.48437500 0.98437500
vt 0.48437500 0.51562500
vt 0.01562500 0.51562500
vn -0.70369765 0.05235772 -0.70856777
vn -0.70369765 0.05235772 -0.70856777
vn -0.70369765 0.05235772 -0.70856777
vn -0.70369765 0.05235772 -0.70856777
f 3717/3717/3717 3718/3718/3718 3719/3719/3719
f 3717/3717/3717 3719/3719/3719 3720/3720/3720
v 0.742968750 0.127141657 0.077626203
v 0.744523720 0.127025968 0.079191923
v 0.752336220 0.048900970 0.065660283
v 0.750781250 0.049016655 0.064094563
vt 0.01562500 0.98437500
vt 0.48437500 0.98437500
vt 0.48437500 0.51562500
vt 0.01562500 0.51562500
vn 0.70369739 0.18899806 -0.68490125
vn 0.70369739 0.18899806 -0.68490125
vn 0.70369739 0.18899806 -0.68490125
vn 0.70369739 0.18899806 -0.68490125
f 3721/3721/3721 3722/3722/3722 3723/3723/3723
f 3721/3721/3721 3723/3723/3723 3724/3724/3724
v 0.744523720 0.127025968 0.079191923
v 0.742968750 0.126608345 0.080705360
v 0.750781250 0.048483342 0.067173702
v 0.752336220 0.048900970 0.065660283
vt 0.01562500 0.98437500
vt 0.48437500 0.98437500
vt 0.48437500 0.51562500
vt 0.01562500 0.51562500
vn 0.70370119 -0.05235691 0.70856432
vn 0.70370119 -0.05235691 0.70856432
vn 0.70370119 -0.05235691 0.70856432
vn 0.70370119 -0.05235691 0.70856432
f 3725/3725/3725 3726/3726/3726 3727/3727/3727
f 3725/3725/3725 3727/3727/3727 3728/3728/3728
v 0.742968750 0.127141657 0.077626203
v 0.741413783 0.126724030 0.079139625
v 0.742968750 0.126608345 0.080705360
vt 0.48437500 0.51562500
vt 0.48437500 0.98437500
vt 0.01562500 0.98437500
vn -0.09805949 0.98058123 0.16983751
vn -0.09805949 0.98058123 0.16983751
vn -0.09805949 0.98058123 0.16983751
f 3729/3729/3729 3730/3730/3730 3731/3731/3731
v 0.744523720 0.127025968 0.079191923
v 0.742968750 0.127141657 0.077626203
v 0.742968750 0.126608345 0.080705360
vt 0.48437500 0.51562500
vt 0.48437500 0.98437500
vt 0.01562500 0.98437500
vn -0.09805780 0.98058140 0.16983754
vn -0.09805780 0.98058140 0.16983754
vn -0.09805780 0.98058140 0.16983754
f 3732/3732/3732 3733/3733/3733 3734/3734/3734
v 0.750781250 0.048483342 0.067173702
v 0.749226283 0.048599030 0.065607985
v 0.750781250 0.049016655 0.064094563
vt 0.01562500 0.98437500
vt 0.48437500 0.98437500
vt 0.48437500 0.51562500
vn 0.09805864 -0.98058117 -0.16983836
vn 0.09805864 -0.98058117 -0.16983836
vn 0.09805864 -0.98058117 -0.16983836
f 3735/3735/3735 3736/3736/3736 3737/3737/3737
v 0.750781250 0.048483342 0.067173702
v 0.750781250 0.049016655 0.064094563
v 0.752336220 0.048900970 0.065660283
vt 0.01562500 0.98437500
vt 0.48437500 0.98437500
vt 0.48437500 0.51562500
vn 0.09805864 -0.98058117 -0.16983836
vn 0.09805864 -0.98058117 -0.16983836
vn 0.09805864 -0.98058117 -0.16983836
f 3738/3738/3738 3739/3739/3739 3740/3740/3740
g gore_seam_11_5
usemtl parachute
v 0.749428077 0.048750000 0.064852890
v 0.751431297 0.047883280 0.064508235
v 0.735806298 0.001008280 0.091571532
v 0.733803077 0.001875000 0.091916173
vt 0.01562500 0.98437500
vt 0.48437500 0.98437500
vt 0.48437500 0.51562500
vt 0.01562500 0.51562500
vn -0.31819810 -0.39223237 -0.86307806
vn -0.31819810 -0.39223237 -0.86307806
vn -0.31819810 -0.39223237 -0.86307806
vn -0.31819810 -0.39223237 -0.86307806
f 3741/3741/3741 3742/3742/3742 3743/3743/3743
f 3741/3741/3741 3743/3743/3743 3744/3744/3744
v 0.751431297 0.047883280 0.064508235
v 0.752134422 0.048750000 0.066415390
v 0.736509422 0.001875000 0.093478673
v 0.735806298 0.001008280 0.091571532
vt 0.01562500 0.98437500
vt 0.48437500 0.98437500
vt 0.48437500 0.51562500
vt 0.01562500 0.51562500
vn 0.90654680 -0.39223205 -0.15597088
vn 0.90654680 -0.39223205 -0.15597088
vn 0.90654680 -0.39223205 -0.15597088
vn 0.90654680 -0.39223205 -0.15597088
f 3745/3745/3745 3746/3746/3746 3747/3747/3747
f 3745/3745/3745 3747/3747/3747 3748/3748/3748
v 0.752134422 0.048750000 0.066415390
v 0.750131202 0.049616717 0.066760033
v 0.734506202 0.002741717 0.093823327
v 0.736509422 0.001875000 0.093478673
vt 0.01562500 0.98437500
vt 0.48437500 0.98437500
vt 0.48437500 0.51562500
vt 0.01562500 0.51562500
vn 0.31819257 0.39223477 0.86307901
vn 0.31819257 0.39223477 0.86307901
vn 0.31819257 0.39223477 0.86307901
vn 0.31819257 0.39223477 0.86307901
f 3749/3749/3749 3750/3750/3750 3751/3751/3751
f 3749/3749/3749 3751/3751/3751 3752/3752/3752
v 0.750131202 0.049616717 0.066760033
v 0.749428077 0.048750000 0.064852890
v 0.733803077 0.001875000 0.091916173
v 0.734506202 0.002741717 0.093823327
vt 0.01562500 0.98437500
vt 0.48437500 0.98437500
vt 0.48437500 0.51562500
vt 0.01562500 0.51562500
vn -0.90654645 0.39223249 0.15597183
vn -0.90654645 0.39223249 0.15597183
vn -0.90654645 0.39223249 0.15597183
vn -0.90654645 0.39223249 0.15597183
f 3753/3753/3753 3754/3754/3754 3755/3755/3755
f 3753/3753/3753 3755/3755/3755 3756/3756/3756
v 0.752134422 0.048750000 0.066415390
v 0.751431297 0.047883280 0.064508235
v 0.749428077 0.048750000 0.064852890
vt 0.48437500 0.51562500
vt 0.48437500 0.98437500
vt 0.01562500 0.98437500
vn 0.27734771 0.83205201 -0.48038287
vn 0.27734771 0.83205201 -0.48038287
vn 0.27734771 0.83205201 -0.48038287
f 3757/3757/3757 3758/3758/3758 3759/3759/3759
v 0.750131202 0.049616717 0.066760033
v 0.752134422 0.048750000 0.066415390
v 0.749428077 0.048750000 0.064852890
vt 0.48437500 0.51562500
vt 0.48437500 0.98437500
vt 0.01562500 0.98437500
vn 0.27734970 0.83204935 -0.48038633
vn 0.27734970 0.83204935 -0.48038633
vn 0.27734970 0.83204935 -0.48038633
f 3760/3760/3760 3761/3761/3761 3762/3762/3762
v 0.733803077 0.001875000 0.091916173
v 0.735806298 0.001008280 0.091571532
v 0.736509422 0.001875000 0.093478673
vt 0.01562500 0.98437500
vt 0.48437500 0.98437500
vt 0.48437500 0.51562500
vn -0.27734970 -0.83204935 0.48038633
vn -0.27734970 -0.83204935 0.48038633
vn -0.27734970 -0.83204935 0.48038633
f 3763/3763/3763 3764/3764/3764 3765/3765/3765
v 0.733803077 0.001875000 0.091916173
v 0.736509422 0.001875000 0.093478673
v 0.734506202 0.002741717 0.093823327
vt 0.01562500 0.98437500
vt 0.48437500 0.98437500
vt 0.48437500 0.51562500
vn -0.27734771 -0.83205201 0.48038287
vn -0.27734771 -0.83205201 0.48038287
vn -0.27734771 -0.83205201 0.48038287
f 3766/3766/3766 3767/3767/3767 3768/3768/3768
g gore_seam_12_0
usemtl parachute
v 0.531904030 0.361250000 0.483384423
v 0.530925905 0.359704125 0.482144923
v 0.622941110 0.344079125 0.429019922
v 0.623919235 0.345625000 0.430259422
vt 0.01562500 0.98437500
vt 0.48437500 0.98437500
vt 0.48437500 0.51562500
vt 0.01562500 0.51562500
vn 0.26445686 -0.69958258 0.66381231
vn 0.26445686 -0.69958258 0.66381231
vn 0.26445686 -0.69958258 0.66381231
vn 0.26445686 -0.69958258 0.66381231
f 3769/3769/3769 3770/3770/3770 3771/3771/3771
f 3769/3769/3769 3771/3771/3771 3772/3772/3772
v 0.530925905 0.359704125 0.482144923
v 0.530341530 0.361250000 0.480678078
v 0.622356735 0.345625000 0.427553077
v 0.622941110 0.344079125 0.429019922
vt 0.01562500 0.98437500
vt 0.48437500 0.98437500
vt 0.48437500 0.51562500
vt 0.01562500 0.51562500
vn -0.44264908 -0.69958469 -0.56093052
vn -0.44264908 -0.69958469 -0.56093052
vn -0.44264908 -0.69958469 -0.56093052
vn -0.44264908 -0.69958469 -0.56093052
f 3773/3773/3773 3774/3774/3774 3775/3775/3775
f 3773/3773/3773 3775/3775/3775 3776/3776/3776
v 0.530341530 0.361250000 0.480678078
v 0.531319673 0.362795875 0.481917577
v 0.623334860 0.347170875 0.428792577
v 0.622356735 0.345625000 0.427553077
vt 0.01562500 0.98437500
vt 0.48437500 0.98437500
vt 0.48437500 0.51562500
vt 0.01562500 0.51562500
vn -0.26445606 0.69958389 -0.66381124
vn -0.26445606 0.69958389 -0.66381124
vn -0.26445606 0.69958389 -0.66381124
vn -0.26445606 0.69958389 -0.66381124
f 3777/3777/3777 3778/3778/3778 3779/3779/3779
f 3777/3777/3777 3779/3779/3779 3780/3780/3780
v 0.531319673 0.362795875 0.481917577
v 0.531904030 0.361250000 0.483384423
v 0.623919235 0.345625000 0.430259422
v 0.623334860 0.347170875 0.428792577
vt 0.01562500 0.98437500
vt 0.48437500 0.98437500
vt 0.48437500 0.51562500
vt 0.01562500 0.51562500
vn 0.44264991 0.69958250 0.56093260
vn 0.44264991 0.69958250 0.56093260
vn 0.44264991 0.69958250 0.56093260
vn 0.44264991 0.69958250 0.56093260
f 3781/3781/3781 3782/3782/3782 3783/3783/3783
f 3781/3781/3781 3783/3783/3783 3784/3784/3784
v 0.530341530 0.361250000 0.480678078
v 0.530925905 0.359704125 0.482144923
v 0.531904030 0.361250000 0.483384423
vt 0.48437500 0.51562500
vt 0.48437500 0.98437500
vt 0.01562500 0.98437500
vn -0.85681127 0.14549407 0.49467759
vn -0.85681127 0.14549407 0.49467759
vn -0.85681127 0.14549407 0.49467759
f 3785/3785/3785 3786/3786/3786 3787/3787/3787
v 0.531319673 0.362795875 0.481917577
v 0.530341530 0.361250000 0.480678078
v 0.531904030 0.361250000 0.483384423
vt 0.48437500 0.51562500
vt 0.48437500 0.98437500
vt 0.01562500 0.98437500
vn -0.85681019 0.14550255 0.49467697
vn -0.85681019 0.14550255 0.49467697
vn -0.85681019 0.14550255 0.49467697
f 3788/3788/3788 3789/3789/3789 3790/3790/3790
v 0.623919235 0.345625000 0.430259422
v 0.622941110 0.344079125 0.429019922
v 0.622356735 0.345625000 0.427553077
vt 0.01562500 0.98437500
vt 0.48437500 0.98437500
vt 0.48437500 0.51562500
vn 0.85681127 -0.14549407 -0.49467759
vn 0.85681127 -0.14549407 -0.49467759
vn 0.85681127 -0.14549407 -0.49467759
f 3791/3791/3791 3792/3792/3792 3793/3793/3793
v 0.623919235 0.345625000 0.430259422
v 0.622356735 0.345625000 0.427553077
v 0.623334860 0.347170875 0.428792577
vt 0.01562500 0.98437500
vt 0.48437500 0.98437500
vt 0.48437500 0.51562500
vn 0.85681127 -0.14549407 -0.49467759
vn 0.85681127 -0.14549407 -0.49467759
vn 0.85681127 -0.14549407 -0.49467759
f 3794/3794/3794 3795/3795/3795 3796/3796/3796
g gore_seam_12_1
usemtl parachute
v 0.623919235 0.345625000 0.430259422
v 0.622710077 0.344142687 0.429153297
v 0.744494905 0.297267687 0.358840797
v 0.745704062 0.298750000 0.359946922
vt 0.01562500 0.98437500
vt 0.48437500 0.98437500
vt 0.48437500 0.51562500
vt 0.01562500 0.51562500
vn 0.15990107 -0.67082426 0.72417295
vn 0.15990107 -0.67082426 0.72417295
vn 0.15990107 -0.67082426 0.72417295
vn 0.15990107 -0.67082426 0.72417295
f 3797/3797/3797 3798/3798/3798 3799/3799/3799
f 3797/3797/3797 3799/3799/3799 3800/3800/3800
v 0.622710077 0.344142687 0.429153297
v 0.622356735 0.345625000 0.427553077
v 0.744141562 0.298750000 0.357240577
v 0.744494905 0.297267687 0.358840797
vt 0.01562500 0.98437500
vt 0.48437500 0.98437500
vt 0.48437500 0.51562500
vt 0.01562500 0.51562500
vn -0.54720217 -0.67082195 -0.50056737
vn -0.54720217 -0.67082195 -0.50056737
vn -0.54720217 -0.67082195 -0.50056737
vn -0.54720217 -0.67082195 -0.50056737
f 3801/3801/3801 3802/3802/3802 3803/3803/3803
f 3801/3801/3801 3803/3803/3803 3804/3804/3804
v 0.622356735 0.345625000 0.427553077
v 0.623565890 0.347107312 0.428659203
v 0.745350718 0.300232312 0.358346703
v 0.744141562 0.298750000 0.357240577
vt 0.01562500 0.98437500
vt 0.48437500 0.98437500
vt 0.48437500 0.51562500
vt 0.01562500 0.51562500
vn -0.15990107 0.67082426 -0.72417295
vn -0.15990107 0.67082426 -0.72417295
vn -0.15990107 0.67082426 -0.72417295
vn -0.15990107 0.67082426 -0.72417295
f 3805/3805/3805 3806/3806/3806 3807/3807/3807
f 3805/3805/3805 3807/3807/3807 3808/3808/3808
v 0.623565890 0.347107312 0.428659203
v 0.623919235 0.345625000 0.430259422
v 0.745704062 0.298750000 0.359946922
v 0.745350718 0.300232312 0.358346703
vt 0.01562500 0.98437500
vt 0.48437500 0.98437500
vt 0.48437500 0.51562500
vt 0.01562500 0.51562500
vn 0.54720217 0.67082195 0.50056737
vn 0.54720217 0.67082195 0.50056737
vn 0.54720217 0.67082195 0.50056737
vn 0.54720217 0.67082195 0.50056737
f 3809/3809/3809 3810/3810/3810 3811/3811/3811
f 3809/3809/3809 3811/3811/3811 3812/3812/3812
v 0.622356735 0.345625000 0.427553077
v 0.622710077 0.344142687 0.429153297
v 0.623919235 0.345625000 0.430259422
vt 0.48437500 0.51562500
vt 0.48437500 0.98437500
vt 0.01562500 0.98437500
vn -0.82158543 0.31622601 0.47434005
vn -0.82158543 0.31622601 0.47434005
vn -0.82158543 0.31622601 0.47434005
f 3813/3813/3813 3814/3814/3814 3815/3815/3815
v 0.623565890 0.347107312 0.428659203
v 0.622356735 0.345625000 0.427553077
v 0.623919235 0.345625000 0.430259422
vt 0.48437500 0.51562500
vt 0.48437500 0.98437500
vt 0.01562500 0.98437500
vn -0.82158543 0.31622601 0.47434005
vn -0.82158543 0.31622601 0.47434005
vn -0.82158543 0.31622601 0.47434005
f 3816/3816/3816 3817/3817/3817 3818/3818/3818
v 0.745704062 0.298750000 0.359946922
v 0.744494905 0.297267687 0.358840797
v 0.744141562 0.298750000 0.357240577
vt 0.01562500 0.98437500
vt 0.48437500 0.98437500
vt 0.48437500 0.51562500
vn 0.82158543 -0.31622601 -0.47434005
vn 0.82158543 -0.31622601 -0.47434005
vn 0.82158543 -0.31622601 -0.47434005
f 3819/3819/3819 3820/3820/3820 3821/3821/3821
v 0.745704062 0.298750000 0.359946922
v 0.744141562 0.298750000 0.357240577
v 0.745350718 0.300232312 0.358346703
vt 0.01562500 0.98437500
vt 0.48437500 0.98437500
vt 0.48437500 0.51562500
vn 0.82158543 -0.31622601 -0.47434005
vn 0.82158543 -0.31622601 -0.47434005
vn 0.82158543 -0.31622601 -0.47434005
f 3822/3822/3822 3823/3823/3823 3824/3824/3824
g gore_seam_12_2
usemtl parachute
v 0.745704062 0.298750000 0.359946922
v 0.744205640 0.297425000 0.359007813
v 0.852458812 0.219300000 0.296507813
v 0.853957235 0.220625000 0.297446922
vt 0.01562500 0.98437500
vt 0.48437500 0.98437500
vt 0.48437500 0.51562500
vt 0.01562500 0.51562500
vn 0.02899561 -0.59962627 0.79975471
vn 0.02899561 -0.59962627 0.79975471
vn 0.02899561 -0.59962627 0.79975471
vn 0.02899561 -0.59962627 0.79975471
f 3825/3825/3825 3826/3826/3826 3827/3827/3827
f 3825/3825/3825 3827/3827/3827 3828/3828/3828
v 0.744205640 0.297425000 0.359007813
v 0.744141562 0.298750000 0.357240577
v 0.852394735 0.220625000 0.294740577
v 0.852458812 0.219300000 0.296507813
vt 0.01562500 0.98437500
vt 0.48437500 0.98437500
vt 0.48437500 0.51562500
vt 0.01562500 0.51562500
vn -0.67811009 -0.59962657 -0.42498787
vn -0.67811009 -0.59962657 -0.42498787
vn -0.67811009 -0.59962657 -0.42498787
vn -0.67811009 -0.59962657 -0.42498787
f 3829/3829/3829 3830/3830/3830 3831/3831/3831
f 3829/3829/3829 3831/3831/3831 3832/3832/3832
v 0.744141562 0.298750000 0.357240577
v 0.745639985 0.300075000 0.358179688
v 0.853893157 0.221950000 0.295679688
v 0.852394735 0.220625000 0.294740577
vt 0.01562500 0.98437500
vt 0.48437500 0.98437500
vt 0.48437500 0.51562500
vt 0.01562500 0.51562500
vn -0.02899561 0.59962627 -0.79975471
vn -0.02899561 0.59962627 -0.79975471
vn -0.02899561 0.59962627 -0.79975471
vn -0.02899561 0.59962627 -0.79975471
f 3833/3833/3833 3834/3834/3834 3835/3835/3835
f 3833/3833/3833 3835/3835/3835 3836/3836/3836
v 0.745639985 0.300075000 0.358179688
v 0.745704062 0.298750000 0.359946922
v 0.853957235 0.220625000 0.297446922
v 0.853893157 0.221950000 0.295679688
vt 0.01562500 0.98437500
vt 0.48437500 0.98437500
vt 0.48437500 0.51562500
vt 0.01562500 0.51562500
vn 0.67811009 0.59962657 0.42498787
vn 0.67811009 0.59962657 0.42498787
vn 0.67811009 0.59962657 0.42498787
vn 0.67811009 0.59962657 0.42498787
f 3837/3837/3837 3838/3838/3838 3839/3839/3839
f 3837/3837/3837 3839/3839/3839 3840/3840/3840
v 0.744141562 0.298750000 0.357240577
v 0.744205640 0.297425000 0.359007813
v 0.745704062 0.298750000 0.359946922
vt 0.48437500 0.51562500
vt 0.48437500 0.98437500
vt 0.01562500 0.98437500
vn -0.73439022 0.52999678 0.42399814
vn -0.73439022 0.52999678 0.42399814
vn -0.73439022 0.52999678 0.42399814
f 3841/3841/3841 3842/3842/3842 3843/3843/3843
v 0.745639985 0.300075000 0.358179688
v 0.744141562 0.298750000 0.357240577
v 0.745704062 0.298750000 0.359946922
vt 0.48437500 0.51562500
vt 0.48437500 0.98437500
vt 0.01562500 0.98437500
vn -0.73439022 0.52999678 0.42399814
vn -0.73439022 0.52999678 0.42399814
vn -0.73439022 0.52999678 0.42399814
f 3844/3844/3844 3845/3845/3845 3846/3846/3846
v 0.853957235 0.220625000 0.297446922
v 0.852458812 0.219300000 0.296507813
v 0.852394735 0.220625000 0.294740577
vt 0.01562500 0.98437500
vt 0.48437500 0.98437500
vt 0.48437500 0.51562500
vn 0.73439022 -0.52999678 -0.42399814
vn 0.73439022 -0.52999678 -0.42399814
vn 0.73439022 -0.52999678 -0.42399814
f 3847/3847/3847 3848/3848/3848 3849/3849/3849
v 0.853957235 0.220625000 0.297446922
v 0.852394735 0.220625000 0.294740577
v 0.853893157 0.221950000 0.295679688
vt 0.01562500 0.98437500
vt 0.48437500 0.98437500
vt 0.48437500 0.51562500
vn 0.73439022 -0.52999678 -0.42399814
vn 0.73439022 -0.52999678 -0.42399814
vn 0.73439022 -0.52999678 -0.42399814
f 3850/3850/3850 3851/3851/3851 3852/3852/3852
g gore_seam_12_3
usemtl parachute
v 0.853957235 0.220625000 0.297446922
v 0.852136452 0.219624720 0.296693923
v 0.919794688 0.125874720 0.257631423
v 0.921615468 0.126875000 0.258384422
vt 0.01562500 0.98437500
vt 0.48437500 0.98437500
vt 0.48437500 0.51562500
vt 0.01562500 0.51562500
vn -0.11688794 -0.45268082 0.88397810
vn -0.11688794 -0.45268082 0.88397810
vn -0.11688794 -0.45268082 0.88397810
vn -0.11688794 -0.45268082 0.88397810
f 3853/3853/3853 3854/3854/3854 3855/3855/3855
f 3853/3853/3853 3855/3855/3855 3856/3856/3856
v 0.852136452 0.219624720 0.296693923
v 0.852394735 0.220625000 0.294740577
v 0.920052967 0.126875000 0.255678077
v 0.919794688 0.125874720 0.257631423
vt 0.01562500 0.98437500
vt 0.48437500 0.98437500
vt 0.48437500 0.51562500
vt 0.01562500 0.51562500
vn -0.82399115 -0.45267957 -0.34076355
vn -0.82399115 -0.45267957 -0.34076355
vn -0.82399115 -0.45267957 -0.34076355
vn -0.82399115 -0.45267957 -0.34076355
f 3857/3857/3857 3858/3858/3858 3859/3859/3859
f 3857/3857/3857 3859/3859/3859 3860/3860/3860
v 0.852394735 0.220625000 0.294740577
v 0.854215515 0.221625280 0.295493577
v 0.921873750 0.127875280 0.256431077
v 0.920052967 0.126875000 0.255678077
vt 0.01562500 0.98437500
vt 0.48437500 0.98437500
vt 0.48437500 0.51562500
vt 0.01562500 0.51562500
vn 0.11688794 0.45268082 -0.88397810
vn 0.11688794 0.45268082 -0.88397810
vn 0.11688794 0.45268082 -0.88397810
vn 0.11688794 0.45268082 -0.88397810
f 3861/3861/3861 3862/3862/3862 3863/3863/3863
f 3861/3861/3861 3863/3863/3863 3864/3864/3864
v 0.854215515 0.221625280 0.295493577
v 0.853957235 0.220625000 0.297446922
v 0.921615468 0.126875000 0.258384422
v 0.921873750 0.127875280 0.256431077
vt 0.01562500 0.98437500
vt 0.48437500 0.98437500
vt 0.48437500 0.51562500
vt 0.01562500 0.51562500
vn 0.82399115 0.45267957 0.34076355
vn 0.82399115 0.45267957 0.34076355
vn 0.82399115 0.45267957 0.34076355
vn 0.82399115 0.45267957 0.34076355
f 3865/3865/3865 3866/3866/3866 3867/3867/3867
f 3865/3865/3865 3867/3867/3867 3868/3868/3868
v 0.852394735 0.220625000 0.294740577
v 0.852136452 0.219624720 0.296693923
v 0.853957235 0.220625000 0.297446922
vt 0.48437500 0.51562500
vt 0.48437500 0.98437500
vt 0.01562500 0.98437500
vn -0.55441426 0.76822362 0.32008952
vn -0.55441426 0.76822362 0.32008952
vn -0.55441426 0.76822362 0.32008952
f 3869/3869/3869 3870/3870/3870 3871/3871/3871
v 0.854215515 0.221625280 0.295493577
v 0.852394735 0.220625000 0.294740577
v 0.853957235 0.220625000 0.297446922
vt 0.48437500 0.51562500
vt 0.48437500 0.98437500
vt 0.01562500 0.98437500
vn -0.55441426 0.76822362 0.32008952
vn -0.55441426 0.76822362 0.32008952
vn -0.55441426 0.76822362 0.32008952
f 3872/3872/3872 3873/3873/3873 3874/3874/3874
v 0.921615468 0.126875000 0.258384422
v 0.919794688 0.125874720 0.257631423
v 0.920052967 0.126875000 0.255678077
vt 0.01562500 0.98437500
vt 0.48437500 0.98437500
vt 0.48437500 0.51562500
vn 0.55441426 -0.76822362 -0.32008952
vn 0.55441426 -0.76822362 -0.32008952
vn 0.55441426 -0.76822362 -0.32008952
f 3875/3875/3875 3876/3876/3876 3877/3877/3877
v 0.921615468 0.126875000 0.258384422
v 0.920052967 0.126875000 0.255678077
v 0.921873750 0.127875280 0.256431077
vt 0.01562500 0.98437500
vt 0.48437500 0.98437500
vt 0.48437500 0.51562500
vn 0.55441426 -0.76822362 -0.32008952
vn 0.55441426 -0.76822362 -0.32008952
vn 0.55441426 -0.76822362 -0.32008952
f 3878/3878/3878 3879/3879/3879 3880/3880/3880
g gore_seam_12_4
usemtl parachute
v 0.920834220 0.126719532 0.258586000
v 0.919294422 0.126610937 0.257004842
v 0.932826062 0.048485937 0.249192342
v 0.934365860 0.048594533 0.250773500
vt 0.01562500 0.98437500
vt 0.48437500 0.98437500
vt 0.48437500 0.51562500
vt 0.01562500 0.51562500
vn -0.69683451 -0.18985987 0.69164651
vn -0.69683451 -0.18985987 0.69164651
vn -0.69683451 -0.18985987 0.69164651
vn -0.69683451 -0.18985987 0.69164651
f 3881/3881/3881 3882/3882/3882 3883/3883/3883
f 3881/3881/3881 3883/3883/3883 3884/3884/3884
v 0.919294422 0.126610937 0.257004842
v 0.920834220 0.127030468 0.255476500
v 0.934365860 0.048905470 0.247664000
v 0.932826062 0.048485937 0.249192342
vt 0.01562500 0.98437500
vt 0.48437500 0.98437500
vt 0.48437500 0.51562500
vt 0.01562500 0.51562500
vn -0.69683498 -0.04914069 -0.71554608
vn -0.69683498 -0.04914069 -0.71554608
vn -0.69683498 -0.04914069 -0.71554608
vn -0.69683498 -0.04914069 -0.71554608
f 3885/3885/3885 3886/3886/3886 3887/3887/3887
f 3885/3885/3885 3887/3887/3887 3888/3888/3888
v 0.920834220 0.127030468 0.255476500
v 0.922374015 0.127139062 0.257057655
v 0.935905673 0.049014062 0.249245155
v 0.934365860 0.048905470 0.247664000
vt 0.01562500 0.98437500
vt 0.48437500 0.98437500
vt 0.48437500 0.51562500
vt 0.01562500 0.51562500
vn 0.69683449 0.18986001 -0.69164649
vn 0.69683449 0.18986001 -0.69164649
vn 0.69683449 0.18986001 -0.69164649
vn 0.69683449 0.18986001 -0.69164649
f 3889/3889/3889 3890/3890/3890 3891/3891/3891
f 3889/3889/3889 3891/3891/3891 3892/3892/3892
v 0.922374015 0.127139062 0.257057655
v 0.920834220 0.126719532 0.258586000
v 0.934365860 0.048594533 0.250773500
v 0.935905673 0.049014062 0.249245155
vt 0.01562500 0.98437500
vt 0.48437500 0.98437500
vt 0.48437500 0.51562500
vt 0.01562500 0.51562500
vn 0.69683498 0.04914069 0.71554608
vn 0.69683498 0.04914069 0.71554608
vn 0.69683498 0.04914069 0.71554608
vn 0.69683498 0.04914069 0.71554608
f 3893/3893/3893 3894/3894/3894 3895/3895/3895
f 3893/3893/3893 3895/3895/3895 3896/3896/3896
v 0.920834220 0.127030468 0.255476500
v 0.919294422 0.126610937 0.257004842
v 0.920834220 0.126719532 0.258586000
vt 0.48437500 0.51562500
vt 0.48437500 0.98437500
vt 0.01562500 0.98437500
vn -0.16984309 0.98058080 0.09805414
vn -0.16984309 0.98058080 0.09805414
vn -0.16984309 0.98058080 0.09805414
f 3897/3897/3897 3898/3898/3898 3899/3899/3899
v 0.922374015 0.127139062 0.257057655
v 0.920834220 0.127030468 0.255476500
v 0.920834220 0.126719532 0.258586000
vt 0.48437500 0.51562500
vt 0.48437500 0.98437500
vt 0.01562500 0.98437500
vn -0.16984309 0.98058080 0.09805414
vn -0.16984309 0.98058080 0.09805414
vn -0.16984309 0.98058080 0.09805414
f 3900/3900/3900 3901/3901/3901 3902/3902/3902
v 0.934365860 0.048594533 0.250773500
v 0.932826062 0.048485937 0.249192342
v 0.934365860 0.048905470 0.247664000
vt 0.01562500 0.98437500
vt 0.48437500 0.98437500
vt 0.48437500 0.51562500
vn 0.16984309 -0.98058080 -0.09805414
vn 0.16984309 -0.98058080 -0.09805414
vn 0.16984309 -0.98058080 -0.09805414
f 3903/3903/3903 3904/3904/3904 3905/3905/3905
v 0.934365860 0.048594533 0.250773500
v 0.934365860 0.048905470 0.247664000
v 0.935905673 0.049014062 0.249245155
vt 0.01562500 0.98437500
vt 0.48437500 0.98437500
vt 0.48437500 0.51562500
vn 0.16984142 -0.98058109 -0.09805417
vn 0.16984142 -0.98058109 -0.09805417
vn 0.16984142 -0.98058109 -0.09805417
f 3906/3906/3906 3907/3907/3907 3908/3908/3908
g gore_seam_12_5
usemtl parachute
v 0.933584610 0.048750000 0.247865577
v 0.935491765 0.047883280 0.248568703
v 0.908428470 0.001008280 0.264193702
v 0.906521327 0.001875000 0.263490577
vt 0.01562500 0.98437500
vt 0.48437500 0.98437500
vt 0.48437500 0.51562500
vt 0.01562500 0.51562500
vn 0.15597086 -0.39223209 -0.90654679
vn 0.15597086 -0.39223209 -0.90654679
vn 0.15597086 -0.39223209 -0.90654679
vn 0.15597086 -0.39223209 -0.90654679
f 3909/3909/3909 3910/3910/3910 3911/3911/3911
f 3909/3909/3909 3911/3911/3911 3912/3912/3912
v 0.935491765 0.047883280 0.248568703
v 0.935147110 0.048750000 0.250571922
v 0.908083828 0.001875000 0.266196922
v 0.908428470 0.001008280 0.264193702
vt 0.01562500 0.98437500
vt 0.48437500 0.98437500
vt 0.48437500 0.51562500
vt 0.01562500 0.51562500
vn 0.86307817 -0.39223217 0.31819803
vn 0.86307817 -0.39223217 0.31819803
vn 0.86307817 -0.39223217 0.31819803
vn 0.86307817 -0.39223217 0.31819803
f 3913/3913/3913 3914/3914/3914 3915/3915/3915
f 3913/3913/3913 3915/3915/3915 3916/3916/3916
v 0.935147110 0.048750000 0.250571922
v 0.933239970 0.049616717 0.249868798
v 0.906176673 0.002741717 0.265493798
v 0.908083828 0.001875000 0.266196922
vt 0.01562500 0.98437500
vt 0.48437500 0.98437500
vt 0.48437500 0.51562500
vt 0.01562500 0.51562500
vn -0.15597181 0.39223252 0.90654644
vn -0.15597181 0.39223252 0.90654644
vn -0.15597181 0.39223252 0.90654644
vn -0.15597181 0.39223252 0.90654644
f 3917/3917/3917 3918/3918/3918 3919/3919/3919
f 3917/3917/3917 3919/3919/3919 3920/3920/3920
v 0.933239970 0.049616717 0.249868798
v 0.933584610 0.048750000 0.247865577
v 0.906521327 0.001875000 0.263490577
v 0.906176673 0.002741717 0.265493798
vt 0.01562500 0.98437500
vt 0.48437500 0.98437500
vt 0.48437500 0.51562500
vt 0.01562500 0.51562500
vn -0.86307913 0.39223457 -0.31819250
vn -0.86307913 0.39223457 -0.31819250
vn -0.86307913 0.39223457 -0.31819250
vn -0.86307913 0.39223457 -0.31819250
f 3921/3921/3921 3922/3922/3922 3923/3923/3923
f 3921/3921/3921 3923/3923/3923 3924/3924/3924
v 0.935147110 0.048750000 0.250571922
v 0.935491765 0.047883280 0.248568703
v 0.933584610 0.048750000 0.247865577
vt 0.48437500 0.51562500
vt 0.48437500 0.98437500
vt 0.01562500 0.98437500
vn 0.48038287 0.83205201 -0.27734771
vn 0.48038287 0.83205201 -0.27734771
vn 0.48038287 0.83205201 -0.27734771
f 3925/3925/3925 3926/3926/3926 3927/3927/3927
v 0.933239970 0.049616717 0.249868798
v 0.935147110 0.048750000 0.250571922
v 0.933584610 0.048750000 0.247865577
vt 0.48437500 0.51562500
vt 0.48437500 0.98437500
vt 0.01562500 0.98437500
vn 0.48038633 0.83204935 -0.27734970
vn 0.48038633 0.83204935 -0.27734970
vn 0.48038633 0.83204935 -0.27734970
f 3928/3928/3928 3929/3929/3929 3930/3930/3930
v 0.906521327 0.001875000 0.263490577
v 0.908428470 0.001008280 0.264193702
v 0.908083828 0.001875000 0.266196922
vt 0.01562500 0.98437500
vt 0.48437500 0.98437500
vt 0.48437500 0.51562500
vn -0.48038633 -0.83204935 0.27734970
vn -0.48038633 -0.83204935 0.27734970
vn -0.48038633 -0.83204935 0.27734970
f 3931/3931/3931 3932/3932/3932 3933/3933/3933
v 0.906521327 0.001875000 0.263490577
v 0.908083828 0.001875000 0.266196922
v 0.906176673 0.002741717 0.265493798
vt 0.01562500 0.98437500
vt 0.48437500 0.98437500
vt 0.48437500 0.51562500
vn -0.48038287 -0.83205201 0.27734771
vn -0.48038287 -0.83205201 0.27734771
vn -0.48038287 -0.83205201 0.27734771
f 3934/3934/3934 3935/3935/3935 3936/3936/3936
g vent_rim_00
usemtl parachute
v 0.531741470 0.360156250 0.499653297
v 0.534375000 0.357500000 0.500000000
v 0.533203703 0.357500000 0.508896908
v 0.530570173 0.360156250 0.508550188
vt 0.01562500 0.98437500
vt 0.48437500 0.98437500
vt 0.48437500 0.51562500
vt 0.01562500 0.51562500
vn -0.70105677 -0.70710743 -0.09229563
vn -0.70105677 -0.70710743 -0.09229563
vn -0.70105677 -0.70710743 -0.09229563
vn -0.70105677 -0.70710743 -0.09229563
f 3937/3937/3937 3938/3938/3938 3939/3939/3939
f 3937/3937/3937 3939/3939/3939 3940/3940/3940
v 0.534375000 0.357500000 0.500000000
v 0.537008533 0.360156250 0.500346703
v 0.535837220 0.360156250 0.509243610
v 0.533203703 0.357500000 0.508896908
vt 0.01562500 0.98437500
vt 0.48437500 0.98437500
vt 0.48437500 0.51562500
vt 0.01562500 0.51562500
vn 0.70105661 -0.70710743 0.09229684
vn 0.70105661 -0.70710743 0.09229684
vn 0.70105661 -0.70710743 0.09229684
vn 0.70105661 -0.70710743 0.09229684
f 3941/3941/3941 3942/3942/3942 3943/3943/3943
f 3941/3941/3941 3943/3943/3943 3944/3944/3944
v 0.537008533 0.360156250 0.500346703
v 0.534375000 0.362812500 0.500000000
v 0.533203703 0.362812500 0.508896908
v 0.535837220 0.360156250 0.509243610
vt 0.01562500 0.98437500
vt 0.48437500 0.98437500
vt 0.48437500 0.51562500
vt 0.01562500 0.51562500
vn 0.70105677 0.70710743 0.09229563
vn 0.70105677 0.70710743 0.09229563
vn 0.70105677 0.70710743 0.09229563
vn 0.70105677 0.70710743 0.09229563
f 3945/3945/3945 3946/3946/3946 3947/3947/3947
f 3945/3945/3945 3947/3947/3947 3948/3948/3948
v 0.534375000 0.362812500 0.500000000
v 0.531741470 0.360156250 0.499653297
v 0.530570173 0.360156250 0.508550188
v 0.533203703 0.362812500 0.508896908
vt 0.01562500 0.98437500
vt 0.48437500 0.98437500
vt 0.48437500 0.51562500
vt 0.01562500 0.51562500
vn -0.70105675 0.70710743 -0.09229579
vn -0.70105675 0.70710743 -0.09229579
vn -0.70105675 0.70710743 -0.09229579
vn -0.70105675 0.70710743 -0.09229579
f 3949/3949/3949 3950/3950/3950 3951/3951/3951
f 3949/3949/3949 3951/3951/3951 3952/3952/3952
v 0.537008533 0.360156250 0.500346703
v 0.534375000 0.357500000 0.500000000
v 0.531741470 0.360156250 0.499653297
vt 0.48437500 0.51562500
vt 0.48437500 0.98437500
vt 0.01562500 0.98437500
vn 0.13052329 -0.00000000 -0.99144524
vn 0.13052329 -0.00000000 -0.99144524
vn 0.13052329 -0.00000000 -0.99144524
f 3953/3953/3953 3954/3954/3954 3955/3955/3955
v 0.534375000 0.362812500 0.500000000
v 0.537008533 0.360156250 0.500346703
v 0.531741470 0.360156250 0.499653297
vt 0.48437500 0.51562500
vt 0.48437500 0.98437500
vt 0.01562500 0.98437500
vn 0.13052329 0.00000000 -0.99144524
vn 0.13052329 0.00000000 -0.99144524
vn 0.13052329 0.00000000 -0.99144524
f 3956/3956/3956 3957/3957/3957 3958/3958/3958
v 0.530570173 0.360156250 0.508550188
v 0.533203703 0.357500000 0.508896908
v 0.535837220 0.360156250 0.509243610
vt 0.01562500 0.98437500
vt 0.48437500 0.98437500
vt 0.48437500 0.51562500
vn -0.13052656 0.00000253 0.99144481
vn -0.13052656 0.00000253 0.99144481
vn -0.13052656 0.00000253 0.99144481
f 3959/3959/3959 3960/3960/3960 3961/3961/3961
v 0.530570173 0.360156250 0.508550188
v 0.535837220 0.360156250 0.509243610
v 0.533203703 0.362812500 0.508896908
vt 0.01562500 0.98437500
vt 0.48437500 0.98437500
vt 0.48437500 0.51562500
vn -0.13052656 -0.00000253 0.99144481
vn -0.13052656 -0.00000253 0.99144481
vn -0.13052656 -0.00000253 0.99144481
f 3962/3962/3962 3963/3963/3963 3964/3964/3964
g vent_rim_01
usemtl parachute
v 0.530749640 0.360156250 0.507880405
v 0.533203703 0.357500000 0.508896908
v 0.529769625 0.357500000 0.517187500
v 0.527315563 0.360156250 0.516171000
vt 0.01562500 0.98437500
vt 0.48437500 0.98437500
vt 0.48437500 0.51562500
vt 0.01562500 0.51562500
vn -0.65328072 -0.70710756 -0.27059787
vn -0.65328072 -0.70710756 -0.27059787
vn -0.65328072 -0.70710756 -0.27059787
vn -0.65328072 -0.70710756 -0.27059787
f 3965/3965/3965 3966/3966/3966 3967/3967/3967
f 3965/3965/3965 3967/3967/3967 3968/3968/3968
v 0.533203703 0.357500000 0.508896908
v 0.535657750 0.360156250 0.509913408
v 0.532223673 0.360156250 0.518204000
v 0.529769625 0.357500000 0.517187500
vt 0.01562500 0.98437500
vt 0.48437500 0.98437500
vt 0.48437500 0.51562500
vt 0.01562500 0.51562500
vn 0.65328249 -0.70710563 0.27059861
vn 0.65328249 -0.70710563 0.27059861
vn 0.65328249 -0.70710563 0.27059861
vn 0.65328249 -0.70710563 0.27059861
f 3969/3969/3969 3970/3970/3970 3971/3971/3971
f 3969/3969/3969 3971/3971/3971 3972/3972/3972
v 0.535657750 0.360156250 0.509913408
v 0.533203703 0.362812500 0.508896908
v 0.529769625 0.362812500 0.517187500
v 0.532223673 0.360156250 0.518204000
vt 0.01562500 0.98437500
vt 0.48437500 0.98437500
vt 0.48437500 0.51562500
vt 0.01562500 0.51562500
vn 0.65328249 0.70710563 0.27059861
vn 0.65328249 0.70710563 0.27059861
vn 0.65328249 0.70710563 0.27059861
vn 0.65328249 0.70710563 0.27059861
f 3973/3973/3973 3974/3974/3974 3975/3975/3975
f 3973/3973/3973 3975/3975/3975 3976/3976/3976
v 0.533203703 0.362812500 0.508896908
v 0.530749640 0.360156250 0.507880405
v 0.527315563 0.360156250 0.516171000
v 0.529769625 0.362812500 0.517187500
vt 0.01562500 0.98437500
vt 0.48437500 0.98437500
vt 0.48437500 0.51562500
vt 0.01562500 0.51562500
vn -0.65328072 0.70710756 -0.27059787
vn -0.65328072 0.70710756 -0.27059787
vn -0.65328072 0.70710756 -0.27059787
vn -0.65328072 0.70710756 -0.27059787
f 3977/3977/3977 3978/3978/3978 3979/3979/3979
f 3977/3977/3977 3979/3979/3979 3980/3980/3980
v 0.535657750 0.360156250 0.509913408
v 0.533203703 0.357500000 0.508896908
v 0.530749640 0.360156250 0.507880405
vt 0.48437500 0.51562500
vt 0.48437500 0.98437500
vt 0.01562500 0.98437500
vn 0.38268255 0.00000113 -0.92387990
vn 0.38268255 0.00000113 -0.92387990
vn 0.38268255 0.00000113 -0.92387990
f 3981/3981/3981 3982/3982/3982 3983/3983/3983
v 0.533203703 0.362812500 0.508896908
v 0.535657750 0.360156250 0.509913408
v 0.530749640 0.360156250 0.507880405
vt 0.48437500 0.51562500
vt 0.48437500 0.98437500
vt 0.01562500 0.98437500
vn 0.38268255 -0.00000113 -0.92387990
vn 0.38268255 -0.00000113 -0.92387990
vn 0.38268255 -0.00000113 -0.92387990
f 3984/3984/3984 3985/3985/3985 3986/3986/3986
v 0.527315563 0.360156250 0.516171000
v 0.529769625 0.357500000 0.517187500
v 0.532223673 0.360156250 0.518204000
vt 0.01562500 0.98437500
vt 0.48437500 0.98437500
vt 0.48437500 0.51562500
vn -0.38268255 -0.00000113 0.92387990
vn -0.38268255 -0.00000113 0.92387990
vn -0.38268255 -0.00000113 0.92387990
f 3987/3987/3987 3988/3988/3988 3989/3989/3989
v 0.527315563 0.360156250 0.516171000
v 0.532223673 0.360156250 0.518204000
v 0.529769625 0.362812500 0.517187500
vt 0.01562500 0.98437500
vt 0.48437500 0.98437500
vt 0.48437500 0.51562500
vn -0.38268255 0.00000113 0.92387990
vn -0.38268255 0.00000113 0.92387990
vn -0.38268255 0.00000113 0.92387990
f 3990/3990/3990 3991/3991/3991 3992/3992/3992
g vent_rim_02
usemtl parachute
v 0.527662283 0.360156250 0.515570485
v 0.529769625 0.357500000 0.517187500
v 0.524306797 0.357500000 0.524306797
v 0.522199452 0.360156250 0.522689765
vt 0.01562500 0.98437500
vt 0.48437500 0.98437500
vt 0.48437500 0.51562500
vt 0.01562500 0.51562500
vn -0.56098608 -0.70710611 -0.43045972
vn -0.56098608 -0.70710611 -0.43045972
vn -0.56098608 -0.70710611 -0.43045972
vn -0.56098608 -0.70710611 -0.43045972
f 3993/3993/3993 3994/3994/3994 3995/3995/3995
f 3993/3993/3993 3995/3995/3995 3996/3996/3996
v 0.529769625 0.357500000 0.517187500
v 0.531876970 0.360156250 0.518804515
v 0.526414140 0.360156250 0.525923812
v 0.524306797 0.357500000 0.524306797
vt 0.01562500 0.98437500
vt 0.48437500 0.98437500
vt 0.48437500 0.51562500
vt 0.01562500 0.51562500
vn 0.56098608 -0.70710611 0.43045972
vn 0.56098608 -0.70710611 0.43045972
vn 0.56098608 -0.70710611 0.43045972
vn 0.56098608 -0.70710611 0.43045972
f 3997/3997/3997 3998/3998/3998 3999/3999/3999
f 3997/3997/3997 3999/3999/3999 4000/4000/4000
v 0.531876970 0.360156250 0.518804515
v 0.529769625 0.362812500 0.517187500
v 0.524306797 0.362812500 0.524306797
v 0.526414140 0.360156250 0.525923812
vt 0.01562500 0.98437500
vt 0.48437500 0.98437500
vt 0.48437500 0.51562500
vt 0.01562500 0.51562500
vn 0.56098608 0.70710611 0.43045972
vn 0.56098608 0.70710611 0.43045972
vn 0.56098608 0.70710611 0.43045972
vn 0.56098608 0.70710611 0.43045972
f 4001/4001/4001 4002/4002/4002 4003/4003/4003
f 4001/4001/4001 4003/4003/4003 4004/4004/4004
v 0.529769625 0.362812500 0.517187500
v 0.527662283 0.360156250 0.515570485
v 0.522199452 0.360156250 0.522689765
v 0.524306797 0.362812500 0.524306797
vt 0.01562500 0.98437500
vt 0.48437500 0.98437500
vt 0.48437500 0.51562500
vt 0.01562500 0.51562500
vn -0.56098562 0.70710611 -0.43046031
vn -0.56098562 0.70710611 -0.43046031
vn -0.56098562 0.70710611 -0.43046031
vn -0.56098562 0.70710611 -0.43046031
f 4005/4005/4005 4006/4006/4006 4007/4007/4007
f 4005/4005/4005 4007/4007/4007 4008/4008/4008
v 0.531876970 0.360156250 0.518804515
v 0.529769625 0.357500000 0.517187500
v 0.527662283 0.360156250 0.515570485
vt 0.48437500 0.51562500
vt 0.48437500 0.98437500
vt 0.01562500 0.98437500
vn 0.60875998 -0.00000000 -0.79335445
vn 0.60875998 -0.00000000 -0.79335445
vn 0.60875998 -0.00000000 -0.79335445
f 4009/4009/4009 4010/4010/4010 4011/4011/4011
v 0.529769625 0.362812500 0.517187500
v 0.531876970 0.360156250 0.518804515
v 0.527662283 0.360156250 0.515570485
vt 0.48437500 0.51562500
vt 0.48437500 0.98437500
vt 0.01562500 0.98437500
vn 0.60875998 0.00000000 -0.79335445
vn 0.60875998 0.00000000 -0.79335445
vn 0.60875998 0.00000000 -0.79335445
f 4012/4012/4012 4013/4013/4013 4014/4014/4014
v 0.522199452 0.360156250 0.522689765
v 0.524306797 0.357500000 0.524306797
v 0.526414140 0.360156250 0.525923812
vt 0.01562500 0.98437500
vt 0.48437500 0.98437500
vt 0.48437500 0.51562500
vn -0.60876183 0.00000233 0.79335303
vn -0.60876183 0.00000233 0.79335303
vn -0.60876183 0.00000233 0.79335303
f 4015/4015/4015 4016/4016/4016 4017/4017/4017
v 0.522199452 0.360156250 0.522689765
v 0.526414140 0.360156250 0.525923812
v 0.524306797 0.362812500 0.524306797
vt 0.01562500 0.98437500
vt 0.48437500 0.98437500
vt 0.48437500 0.51562500
vn -0.60876183 -0.00000233 0.79335303
vn -0.60876183 -0.00000233 0.79335303
vn -0.60876183 -0.00000233 0.79335303
f 4018/4018/4018 4019/4019/4019 4020/4020/4020
g vent_rim_03
usemtl parachute
v 0.522689765 0.360156250 0.522199452
v 0.524306797 0.357500000 0.524306797
v 0.517187500 0.357500000 0.529769625
v 0.515570485 0.360156250 0.527662283
vt 0.01562500 0.98437500
vt 0.48437500 0.98437500
vt 0.48437500 0.51562500
vt 0.01562500 0.51562500
vn -0.43045895 -0.70710737 -0.56098508
vn -0.43045895 -0.70710737 -0.56098508
vn -0.43045895 -0.70710737 -0.56098508
vn -0.43045895 -0.70710737 -0.56098508
f 4021/4021/4021 4022/4022/4022 4023/4023/4023
f 4021/4021/4021 4023/4023/4023 4024/4024/4024
v 0.524306797 0.357500000 0.524306797
v 0.525923812 0.360156250 0.526414140
v 0.518804515 0.360156250 0.531876970
v 0.517187500 0.357500000 0.529769625
vt 0.01562500 0.98437500
vt 0.48437500 0.98437500
vt 0.48437500 0.51562500
vt 0.01562500 0.51562500
vn 0.43045972 -0.70710611 0.56098608
vn 0.43045972 -0.70710611 0.56098608
vn 0.43045972 -0.70710611 0.56098608
vn 0.43045972 -0.70710611 0.56098608
f 4025/4025/4025 4026/4026/4026 4027/4027/4027
f 4025/4025/4025 4027/4027/4027 4028/4028/4028
v 0.525923812 0.360156250 0.526414140
v 0.524306797 0.362812500 0.524306797
v 0.517187500 0.362812500 0.529769625
v 0.518804515 0.360156250 0.531876970
vt 0.01562500 0.98437500
vt 0.48437500 0.98437500
vt 0.48437500 0.51562500
vt 0.01562500 0.51562500
vn 0.43045972 0.70710611 0.56098608
vn 0.43045972 0.70710611 0.56098608
vn 0.43045972 0.70710611 0.56098608
vn 0.43045972 0.70710611 0.56098608
f 4029/4029/4029 4030/4030/4030 4031/4031/4031
f 4029/4029/4029 4031/4031/4031 4032/4032/4032
v 0.524306797 0.362812500 0.524306797
v 0.522689765 0.360156250 0.522199452
v 0.515570485 0.360156250 0.527662283
v 0.517187500 0.362812500 0.529769625
vt 0.01562500 0.98437500
vt 0.48437500 0.98437500
vt 0.48437500 0.51562500
vt 0.01562500 0.51562500
vn -0.43045954 0.70710737 -0.56098462
vn -0.43045954 0.70710737 -0.56098462
vn -0.43045954 0.70710737 -0.56098462
vn -0.43045954 0.70710737 -0.56098462
f 4033/4033/4033 4034/4034/4034 4035/4035/4035
f 4033/4033/4033 4035/4035/4035 4036/4036/4036
v 0.525923812 0.360156250 0.526414140
v 0.524306797 0.357500000 0.524306797
v 0.522689765 0.360156250 0.522199452
vt 0.48437500 0.51562500
vt 0.48437500 0.98437500
vt 0.01562500 0.98437500
vn 0.79335303 0.00000233 -0.60876183
vn 0.79335303 0.00000233 -0.60876183
vn 0.79335303 0.00000233 -0.60876183
f 4037/4037/4037 4038/4038/4038 4039/4039/4039
v 0.524306797 0.362812500 0.524306797
v 0.525923812 0.360156250 0.526414140
v 0.522689765 0.360156250 0.522199452
vt 0.48437500 0.51562500
vt 0.48437500 0.98437500
vt 0.01562500 0.98437500
vn 0.79335303 -0.00000233 -0.60876183
vn 0.79335303 -0.00000233 -0.60876183
vn 0.79335303 -0.00000233 -0.60876183
f 4040/4040/4040 4041/4041/4041 4042/4042/4042
v 0.515570485 0.360156250 0.527662283
v 0.517187500 0.357500000 0.529769625
v 0.518804515 0.360156250 0.531876970
vt 0.01562500 0.98437500
vt 0.48437500 0.98437500
vt 0.48437500 0.51562500
vn -0.79335445 -0.00000000 0.60875998
vn -0.79335445 -0.00000000 0.60875998
vn -0.79335445 -0.00000000 0.60875998
f 4043/4043/4043 4044/4044/4044 4045/4045/4045
v 0.515570485 0.360156250 0.527662283
v 0.518804515 0.360156250 0.531876970
v 0.517187500 0.362812500 0.529769625
vt 0.01562500 0.98437500
vt 0.48437500 0.98437500
vt 0.48437500 0.51562500
vn -0.79335445 0.00000000 0.60875998
vn -0.79335445 0.00000000 0.60875998
vn -0.79335445 0.00000000 0.60875998
f 4046/4046/4046 4047/4047/4047 4048/4048/4048
g vent_rim_04
usemtl parachute
v 0.516171000 0.360156250 0.527315563
v 0.517187500 0.357500000 0.529769625
v 0.508896908 0.357500000 0.533203703
v 0.507880405 0.360156250 0.530749640
vt 0.01562500 0.98437500
vt 0.48437500 0.98437500
vt 0.48437500 0.51562500
vt 0.01562500 0.51562500
vn -0.27059787 -0.70710756 -0.65328072
vn -0.27059787 -0.70710756 -0.65328072
vn -0.27059787 -0.70710756 -0.65328072
vn -0.27059787 -0.70710756 -0.65328072
f 4049/4049/4049 4050/4050/4050 4051/4051/4051
f 4049/4049/4049 4051/4051/4051 4052/4052/4052
v 0.517187500 0.357500000 0.529769625
v 0.518204000 0.360156250 0.532223673
v 0.509913408 0.360156250 0.535657750
v 0.508896908 0.357500000 0.533203703
vt 0.01562500 0.98437500
vt 0.48437500 0.98437500
vt 0.48437500 0.51562500
vt 0.01562500 0.51562500
vn 0.27059861 -0.70710563 0.65328249
vn 0.27059861 -0.70710563 0.65328249
vn 0.27059861 -0.70710563 0.65328249
vn 0.27059861 -0.70710563 0.65328249
f 4053/4053/4053 4054/4054/4054 4055/4055/4055
f 4053/4053/4053 4055/4055/4055 4056/4056/4056
v 0.518204000 0.360156250 0.532223673
v 0.517187500 0.362812500 0.529769625
v 0.508896908 0.362812500 0.533203703
v 0.509913408 0.360156250 0.535657750
vt 0.01562500 0.98437500
vt 0.48437500 0.98437500
vt 0.48437500 0.51562500
vt 0.01562500 0.51562500
vn 0.27059861 0.70710563 0.65328249
vn 0.27059861 0.70710563 0.65328249
vn 0.27059861 0.70710563 0.65328249
vn 0.27059861 0.70710563 0.65328249
f 4057/4057/4057 4058/4058/4058 4059/4059/4059
f 4057/4057/4057 4059/4059/4059 4060/4060/4060
v 0.517187500 0.362812500 0.529769625
v 0.516171000 0.360156250 0.527315563
v 0.507880405 0.360156250 0.530749640
v 0.508896908 0.362812500 0.533203703
vt 0.01562500 0.98437500
vt 0.48437500 0.98437500
vt 0.48437500 0.51562500
vt 0.01562500 0.51562500
vn -0.27059787 0.70710756 -0.65328072
vn -0.27059787 0.70710756 -0.65328072
vn -0.27059787 0.70710756 -0.65328072
vn -0.27059787 0.70710756 -0.65328072
f 4061/4061/4061 4062/4062/4062 4063/4063/4063
f 4061/4061/4061 4063/4063/4063 4064/4064/4064
v 0.518204000 0.360156250 0.532223673
v 0.517187500 0.357500000 0.529769625
v 0.516171000 0.360156250 0.527315563
vt 0.48437500 0.51562500
vt 0.48437500 0.98437500
vt 0.01562500 0.98437500
vn 0.92387990 -0.00000113 -0.38268255
vn 0.92387990 -0.00000113 -0.38268255
vn 0.92387990 -0.00000113 -0.38268255
f 4065/4065/4065 4066/4066/4066 4067/4067/4067
v 0.517187500 0.362812500 0.529769625
v 0.518204000 0.360156250 0.532223673
v 0.516171000 0.360156250 0.527315563
vt 0.48437500 0.51562500
vt 0.48437500 0.98437500
vt 0.01562500 0.98437500
vn 0.92387990 0.00000113 -0.38268255
vn 0.92387990 0.00000113 -0.38268255
vn 0.92387990 0.00000113 -0.38268255
f 4068/4068/4068 4069/4069/4069 4070/4070/4070
v 0.507880405 0.360156250 0.530749640
v 0.508896908 0.357500000 0.533203703
v 0.509913408 0.360156250 0.535657750
vt 0.01562500 0.98437500
vt 0.48437500 0.98437500
vt 0.48437500 0.51562500
vn -0.92387990 0.00000113 0.38268255
vn -0.92387990 0.00000113 0.38268255
vn -0.92387990 0.00000113 0.38268255
f 4071/4071/4071 4072/4072/4072 4073/4073/4073
v 0.507880405 0.360156250 0.530749640
v 0.509913408 0.360156250 0.535657750
v 0.508896908 0.362812500 0.533203703
vt 0.01562500 0.98437500
vt 0.48437500 0.98437500
vt 0.48437500 0.51562500
vn -0.92387990 -0.00000113 0.38268255
vn -0.92387990 -0.00000113 0.38268255
vn -0.92387990 -0.00000113 0.38268255
f 4074/4074/4074 4075/4075/4075 4076/4076/4076
g vent_rim_05
usemtl parachute
v 0.508550188 0.360156250 0.530570173
v 0.508896908 0.357500000 0.533203703
v 0.500000000 0.357500000 0.534375000
v 0.499653297 0.360156250 0.531741470
vt 0.01562500 0.98437500
vt 0.48437500 0.98437500
vt 0.48437500 0.51562500
vt 0.01562500 0.51562500
vn -0.09229560 -0.70710770 -0.70105650
vn -0.09229560 -0.70710770 -0.70105650
vn -0.09229560 -0.70710770 -0.70105650
vn -0.09229560 -0.70710770 -0.70105650
f 4077/4077/4077 4078/4078/4078 4079/4079/4079
f 4077/4077/4077 4079/4079/4079 4080/4080/4080
v 0.508896908 0.357500000 0.533203703
v 0.509243610 0.360156250 0.535837220
v 0.500346703 0.360156250 0.537008533
v 0.500000000 0.357500000 0.534375000
vt 0.01562500 0.98437500
vt 0.48437500 0.98437500
vt 0.48437500 0.51562500
vt 0.01562500 0.51562500
vn 0.09229711 -0.70710537 0.70105866
vn 0.09229711 -0.70710537 0.70105866
vn 0.09229711 -0.70710537 0.70105866
vn 0.09229711 -0.70710537 0.70105866
f 4081/4081/4081 4082/4082/4082 4083/4083/4083
f 4081/4081/4081 4083/4083/4083 4084/4084/4084
v 0.509243610 0.360156250 0.535837220
v 0.508896908 0.362812500 0.533203703
v 0.500000000 0.362812500 0.534375000
v 0.500346703 0.360156250 0.537008533
vt 0.01562500 0.98437500
vt 0.48437500 0.98437500
vt 0.48437500 0.51562500
vt 0.01562500 0.51562500
vn 0.09229590 0.70710537 0.70105882
vn 0.09229590 0.70710537 0.70105882
vn 0.09229590 0.70710537 0.70105882
vn 0.09229590 0.70710537 0.70105882
f 4085/4085/4085 4086/4086/4086 4087/4087/4087
f 4085/4085/4085 4087/4087/4087 4088/4088/4088
v 0.508896908 0.362812500 0.533203703
v 0.508550188 0.360156250 0.530570173
v 0.499653297 0.360156250 0.531741470
v 0.500000000 0.362812500 0.534375000
vt 0.01562500 0.98437500
vt 0.48437500 0.98437500
vt 0.48437500 0.51562500
vt 0.01562500 0.51562500
vn -0.09229576 0.70710770 -0.70105648
vn -0.09229576 0.70710770 -0.70105648
vn -0.09229576 0.70710770 -0.70105648
vn -0.09229576 0.70710770 -0.70105648
f 4089/4089/4089 4090/4090/4090 4091/4091/4091
f 4089/4089/4089 4091/4091/4091 4092/4092/4092
v 0.509243610 0.360156250 0.535837220
v 0.508896908 0.357500000 0.533203703
v 0.508550188 0.360156250 0.530570173
vt 0.48437500 0.51562500
vt 0.48437500 0.98437500
vt 0.01562500 0.98437500
vn 0.99144481 0.00000253 -0.13052656
vn 0.99144481 0.00000253 -0.13052656
vn 0.99144481 0.00000253 -0.13052656
f 4093/4093/4093 4094/4094/4094 4095/4095/4095
v 0.508896908 0.362812500 0.533203703
v 0.509243610 0.360156250 0.535837220
v 0.508550188 0.360156250 0.530570173
vt 0.48437500 0.51562500
vt 0.48437500 0.98437500
vt 0.01562500 0.98437500
vn 0.99144481 -0.00000253 -0.13052656
vn 0.99144481 -0.00000253 -0.13052656
vn 0.99144481 -0.00000253 -0.13052656
f 4096/4096/4096 4097/4097/4097 4098/4098/4098
v 0.499653297 0.360156250 0.531741470
v 0.500000000 0.357500000 0.534375000
v 0.500346703 0.360156250 0.537008533
vt 0.01562500 0.98437500
vt 0.48437500 0.98437500
vt 0.48437500 0.51562500
vn -0.99144524 -0.00000000 0.13052329
vn -0.99144524 -0.00000000 0.13052329
vn -0.99144524 -0.00000000 0.13052329
f 4099/4099/4099 4100/4100/4100 4101/4101/4101
v 0.499653297 0.360156250 0.531741470
v 0.500346703 0.360156250 0.537008533
v 0.500000000 0.362812500 0.534375000
vt 0.01562500 0.98437500
vt 0.48437500 0.98437500
vt 0.48437500 0.51562500
vn -0.99144524 0.00000000 0.13052329
vn -0.99144524 0.00000000 0.13052329
vn -0.99144524 0.00000000 0.13052329
f 4102/4102/4102 4103/4103/4103 4104/4104/4104
g vent_rim_06
usemtl parachute
v 0.500346703 0.360156250 0.531741470
v 0.500000000 0.357500000 0.534375000
v 0.491103093 0.357500000 0.533203703
v 0.491449812 0.360156250 0.530570173
vt 0.01562500 0.98437500
vt 0.48437500 0.98437500
vt 0.48437500 0.51562500
vt 0.01562500 0.51562500
vn 0.09229563 -0.70710743 -0.70105677
vn 0.09229563 -0.70710743 -0.70105677
vn 0.09229563 -0.70710743 -0.70105677
vn 0.09229563 -0.70710743 -0.70105677
f 4105/4105/4105 4106/4106/4106 4107/4107/4107
f 4105/4105/4105 4107/4107/4107 4108/4108/4108
v 0.500000000 0.357500000 0.534375000
v 0.499653297 0.360156250 0.537008533
v 0.490756390 0.360156250 0.535837220
v 0.491103093 0.357500000 0.533203703
vt 0.01562500 0.98437500
vt 0.48437500 0.98437500
vt 0.48437500 0.51562500
vt 0.01562500 0.51562500
vn -0.09229684 -0.70710743 0.70105661
vn -0.09229684 -0.70710743 0.70105661
vn -0.09229684 -0.70710743 0.70105661
vn -0.09229684 -0.70710743 0.70105661
f 4109/4109/4109 4110/4110/4110 4111/4111/4111
f 4109/4109/4109 4111/4111/4111 4112/4112/4112
v 0.499653297 0.360156250 0.537008533
v 0.500000000 0.362812500 0.534375000
v 0.491103093 0.362812500 0.533203703
v 0.490756390 0.360156250 0.535837220
vt 0.01562500 0.98437500
vt 0.48437500 0.98437500
vt 0.48437500 0.51562500
vt 0.01562500 0.51562500
vn -0.09229563 0.70710743 0.70105677
vn -0.09229563 0.70710743 0.70105677
vn -0.09229563 0.70710743 0.70105677
vn -0.09229563 0.70710743 0.70105677
f 4113/4113/4113 4114/4114/4114 4115/4115/4115
f 4113/4113/4113 4115/4115/4115 4116/4116/4116
v 0.500000000 0.362812500 0.534375000
v 0.500346703 0.360156250 0.531741470
v 0.491449812 0.360156250 0.530570173
v 0.491103093 0.362812500 0.533203703
vt 0.01562500 0.98437500
vt 0.48437500 0.98437500
vt 0.48437500 0.51562500
vt 0.01562500 0.51562500
vn 0.09229579 0.70710743 -0.70105675
vn 0.09229579 0.70710743 -0.70105675
vn 0.09229579 0.70710743 -0.70105675
vn 0.09229579 0.70710743 -0.70105675
f 4117/4117/4117 4118/4118/4118 4119/4119/4119
f 4117/4117/4117 4119/4119/4119 4120/4120/4120
v 0.499653297 0.360156250 0.537008533
v 0.500000000 0.357500000 0.534375000
v 0.500346703 0.360156250 0.531741470
vt 0.48437500 0.51562500
vt 0.48437500 0.98437500
vt 0.01562500 0.98437500
vn 0.99144524 0.00000000 0.13052329
vn 0.99144524 0.00000000 0.13052329
vn 0.99144524 0.00000000 0.13052329
f 4121/4121/4121 4122/4122/4122 4123/4123/4123
v 0.500000000 0.362812500 0.534375000
v 0.499653297 0.360156250 0.537008533
v 0.500346703 0.360156250 0.531741470
vt 0.48437500 0.51562500
vt 0.48437500 0.98437500
vt 0.01562500 0.98437500
vn 0.99144524 -0.00000000 0.13052329
vn 0.99144524 -0.00000000 0.13052329
vn 0.99144524 -0.00000000 0.13052329
f 4124/4124/4124 4125/4125/4125 4126/4126/4126
v 0.491449812 0.360156250 0.530570173
v 0.491103093 0.357500000 0.533203703
v 0.490756390 0.360156250 0.535837220
vt 0.01562500 0.98437500
vt 0.48437500 0.98437500
vt 0.48437500 0.51562500
vn -0.99144481 0.00000253 -0.13052656
vn -0.99144481 0.00000253 -0.13052656
vn -0.99144481 0.00000253 -0.13052656
f 4127/4127/4127 4128/4128/4128 4129/4129/4129
v 0.491449812 0.360156250 0.530570173
v 0.490756390 0.360156250 0.535837220
v 0.491103093 0.362812500 0.533203703
vt 0.01562500 0.98437500
vt 0.48437500 0.98437500
vt 0.48437500 0.51562500
vn -0.99144481 -0.00000253 -0.13052656
vn -0.99144481 -0.00000253 -0.13052656
vn -0.99144481 -0.00000253 -0.13052656
f 4130/4130/4130 4131/4131/4131 4132/4132/4132
g vent_rim_07
usemtl parachute
v 0.492119595 0.360156250 0.530749640
v 0.491103093 0.357500000 0.533203703
v 0.482812500 0.357500000 0.529769625
v 0.483829000 0.360156250 0.527315563
vt 0.01562500 0.98437500
vt 0.48437500 0.98437500
vt 0.48437500 0.51562500
vt 0.01562500 0.51562500
vn 0.27059787 -0.70710756 -0.65328072
vn 0.27059787 -0.70710756 -0.65328072
vn 0.27059787 -0.70710756 -0.65328072
vn 0.27059787 -0.70710756 -0.65328072
f 4133/4133/4133 4134/4134/4134 4135/4135/4135
f 4133/4133/4133 4135/4135/4135 4136/4136/4136
v 0.491103093 0.357500000 0.533203703
v 0.490086592 0.360156250 0.535657750
v 0.481796000 0.360156250 0.532223673
v 0.482812500 0.357500000 0.529769625
vt 0.01562500 0.98437500
vt 0.48437500 0.98437500
vt 0.48437500 0.51562500
vt 0.01562500 0.51562500
vn -0.27059861 -0.70710563 0.65328249
vn -0.27059861 -0.70710563 0.65328249
vn -0.27059861 -0.70710563 0.65328249
vn -0.27059861 -0.70710563 0.65328249
f 4137/4137/4137 4138/4138/4138 4139/4139/4139
f 4137/4137/4137 4139/4139/4139 4140/4140/4140
v 0.490086592 0.360156250 0.535657750
v 0.491103093 0.362812500 0.533203703
v 0.482812500 0.362812500 0.529769625
v 0.481796000 0.360156250 0.532223673
vt 0.01562500 0.98437500
vt 0.48437500 0.98437500
vt 0.48437500 0.51562500
vt 0.01562500 0.51562500
vn -0.27059861 0.70710563 0.65328249
vn -0.27059861 0.70710563 0.65328249
vn -0.27059861 0.70710563 0.65328249
vn -0.27059861 0.70710563 0.65328249
f 4141/4141/4141 4142/4142/4142 4143/4143/4143
f 4141/4141/4141 4143/4143/4143 4144/4144/4144
v 0.491103093 0.362812500 0.533203703
v 0.492119595 0.360156250 0.530749640
v 0.483829000 0.360156250 0.527315563
v 0.482812500 0.362812500 0.529769625
vt 0.01562500 0.98437500
vt 0.48437500 0.98437500
vt 0.48437500 0.51562500
vt 0.01562500 0.51562500
vn 0.27059787 0.70710756 -0.65328072
vn 0.27059787 0.70710756 -0.65328072
vn 0.27059787 0.70710756 -0.65328072
vn 0.27059787 0.70710756 -0.65328072
f 4145/4145/4145 4146/4146/4146 4147/4147/4147
f 4145/4145/4145 4147/4147/4147 4148/4148/4148
v 0.490086592 0.360156250 0.535657750
v 0.491103093 0.357500000 0.533203703
v 0.492119595 0.360156250 0.530749640
vt 0.48437500 0.51562500
vt 0.48437500 0.98437500
vt 0.01562500 0.98437500
vn 0.92387990 0.00000113 0.38268255
vn 0.92387990 0.00000113 0.38268255
vn 0.92387990 0.00000113 0.38268255
f 4149/4149/4149 4150/4150/4150 4151/4151/4151
v 0.491103093 0.362812500 0.533203703
v 0.490086592 0.360156250 0.535657750
v 0.492119595 0.360156250 0.530749640
vt 0.48437500 0.51562500
vt 0.48437500 0.98437500
vt 0.01562500 0.98437500
vn 0.92387990 -0.00000113 0.38268255
vn 0.92387990 -0.00000113 0.38268255
vn 0.92387990 -0.00000113 0.38268255
f 4152/4152/4152 4153/4153/4153 4154/4154/4154
v 0.483829000 0.360156250 0.527315563
v 0.482812500 0.357500000 0.529769625
v 0.481796000 0.360156250 0.532223673
vt 0.01562500 0.98437500
vt 0.48437500 0.98437500
vt 0.48437500 0.51562500
vn -0.92387990 -0.00000113 -0.38268255
vn -0.92387990 -0.00000113 -0.38268255
vn -0.92387990 -0.00000113 -0.38268255
f 4155/4155/4155 4156/4156/4156 4157/4157/4157
v 0.483829000 0.360156250 0.527315563
v 0.481796000 0.360156250 0.532223673
v 0.482812500 0.362812500 0.529769625
vt 0.01562500 0.98437500
vt 0.48437500 0.98437500
vt 0.48437500 0.51562500
vn -0.92387990 0.00000113 -0.38268255
vn -0.92387990 0.00000113 -0.38268255
vn -0.92387990 0.00000113 -0.38268255
f 4158/4158/4158 4159/4159/4159 4160/4160/4160
g vent_rim_08
usemtl parachute
v 0.484429515 0.360156250 0.527662283
v 0.482812500 0.357500000 0.529769625
v 0.475693203 0.357500000 0.524306797
v 0.477310235 0.360156250 0.522199452
vt 0.01562500 0.98437500
vt 0.48437500 0.98437500
vt 0.48437500 0.51562500
vt 0.01562500 0.51562500
vn 0.43045972 -0.70710611 -0.56098608
vn 0.43045972 -0.70710611 -0.56098608
vn 0.43045972 -0.70710611 -0.56098608
vn 0.43045972 -0.70710611 -0.56098608
f 4161/4161/4161 4162/4162/4162 4163/4163/4163
f 4161/4161/4161 4163/4163/4163 4164/4164/4164
v 0.482812500 0.357500000 0.529769625
v 0.481195485 0.360156250 0.531876970
v 0.474076188 0.360156250 0.526414140
v 0.475693203 0.357500000 0.524306797
vt 0.01562500 0.98437500
vt 0.48437500 0.98437500
vt 0.48437500 0.51562500
vt 0.01562500 0.51562500
vn -0.43045972 -0.70710611 0.56098608
vn -0.43045972 -0.70710611 0.56098608
vn -0.43045972 -0.70710611 0.56098608
vn -0.43045972 -0.70710611 0.56098608
f 4165/4165/4165 4166/4166/4166 4167/4167/4167
f 4165/4165/4165 4167/4167/4167 4168/4168/4168
v 0.481195485 0.360156250 0.531876970
v 0.482812500 0.362812500 0.529769625
v 0.475693203 0.362812500 0.524306797
v 0.474076188 0.360156250 0.526414140
vt 0.01562500 0.98437500
vt 0.48437500 0.98437500
vt 0.48437500 0.51562500
vt 0.01562500 0.51562500
vn -0.43045972 0.70710611 0.56098608
vn -0.43045972 0.70710611 0.56098608
vn -0.43045972 0.70710611 0.56098608
vn -0.43045972 0.70710611 0.56098608
f 4169/4169/4169 4170/4170/4170 4171/4171/4171
f 4169/4169/4169 4171/4171/4171 4172/4172/4172
v 0.482812500 0.362812500 0.529769625
v 0.484429515 0.360156250 0.527662283
v 0.477310235 0.360156250 0.522199452
v 0.475693203 0.362812500 0.524306797
vt 0.01562500 0.98437500
vt 0.48437500 0.98437500
vt 0.48437500 0.51562500
vt 0.01562500 0.51562500
vn 0.43046031 0.70710611 -0.56098562
vn 0.43046031 0.70710611 -0.56098562
vn 0.43046031 0.70710611 -0.56098562
vn 0.43046031 0.70710611 -0.56098562
f 4173/4173/4173 4174/4174/4174 4175/4175/4175
f 4173/4173/4173 4175/4175/4175 4176/4176/4176
v 0.481195485 0.360156250 0.531876970
v 0.482812500 0.357500000 0.529769625
v 0.484429515 0.360156250 0.527662283
vt 0.48437500 0.51562500
vt 0.48437500 0.98437500
vt 0.01562500 0.98437500
vn 0.79335445 -0.00000000 0.60875998
vn 0.79335445 -0.00000000 0.60875998
vn 0.79335445 -0.00000000 0.60875998
f 4177/4177/4177 4178/4178/4178 4179/4179/4179
v 0.482812500 0.362812500 0.529769625
v 0.481195485 0.360156250 0.531876970
v 0.484429515 0.360156250 0.527662283
vt 0.48437500 0.51562500
vt 0.48437500 0.98437500
vt 0.01562500 0.98437500
vn 0.79335445 0.00000000 0.60875998
vn 0.79335445 0.00000000 0.60875998
vn 0.79335445 0.00000000 0.60875998
f 4180/4180/4180 4181/4181/4181 4182/4182/4182
v 0.477310235 0.360156250 0.522199452
v 0.475693203 0.357500000 0.524306797
v 0.474076188 0.360156250 0.526414140
vt 0.01562500 0.98437500
vt 0.48437500 0.98437500
vt 0.48437500 0.51562500
vn -0.79335303 0.00000233 -0.60876183
vn -0.79335303 0.00000233 -0.60876183
vn -0.79335303 0.00000233 -0.60876183
f 4183/4183/4183 4184/4184/4184 4185/4185/4185
v 0.477310235 0.360156250 0.522199452
v 0.474076188 0.360156250 0.526414140
v 0.475693203 0.362812500 0.524306797
vt 0.01562500 0.98437500
vt 0.48437500 0.98437500
vt 0.48437500 0.51562500
vn -0.79335303 -0.00000233 -0.60876183
vn -0.79335303 -0.00000233 -0.60876183
vn -0.79335303 -0.00000233 -0.60876183
f 4186/4186/4186 4187/4187/4187 4188/4188/4188
g vent_rim_09
usemtl parachute
v 0.477800548 0.360156250 0.522689765
v 0.475693203 0.357500000 0.524306797
v 0.470230375 0.357500000 0.517187500
v 0.472337717 0.360156250 0.515570485
vt 0.01562500 0.98437500
vt 0.48437500 0.98437500
vt 0.48437500 0.51562500
vt 0.01562500 0.51562500
vn 0.56098508 -0.70710737 -0.43045895
vn 0.56098508 -0.70710737 -0.43045895
vn 0.56098508 -0.70710737 -0.43045895
vn 0.56098508 -0.70710737 -0.43045895
f 4189/4189/4189 4190/4190/4190 4191/4191/4191
f 4189/4189/4189 4191/4191/4191 4192/4192/4192
v 0.475693203 0.357500000 0.524306797
v 0.473585860 0.360156250 0.525923812
v 0.468123032 0.360156250 0.518804515
v 0.470230375 0.357500000 0.517187500
vt 0.01562500 0.98437500
vt 0.48437500 0.98437500
vt 0.48437500 0.51562500
vt 0.01562500 0.51562500
vn -0.56098608 -0.70710611 0.43045972
vn -0.56098608 -0.70710611 0.43045972
vn -0.56098608 -0.70710611 0.43045972
vn -0.56098608 -0.70710611 0.43045972
f 4193/4193/4193 4194/4194/4194 4195/4195/4195
f 4193/4193/4193 4195/4195/4195 4196/4196/4196
v 0.473585860 0.360156250 0.525923812
v 0.475693203 0.362812500 0.524306797
v 0.470230375 0.362812500 0.517187500
v 0.468123032 0.360156250 0.518804515
vt 0.01562500 0.98437500
vt 0.48437500 0.98437500
vt 0.48437500 0.51562500
vt 0.01562500 0.51562500
vn -0.56098608 0.70710611 0.43045972
vn -0.56098608 0.70710611 0.43045972
vn -0.56098608 0.70710611 0.43045972
vn -0.56098608 0.70710611 0.43045972
f 4197/4197/4197 4198/4198/4198 4199/4199/4199
f 4197/4197/4197 4199/4199/4199 4200/4200/4200
v 0.475693203 0.362812500 0.524306797
v 0.477800548 0.360156250 0.522689765
v 0.472337717 0.360156250 0.515570485
v 0.470230375 0.362812500 0.517187500
vt 0.01562500 0.98437500
vt 0.48437500 0.98437500
vt 0.48437500 0.51562500
vt 0.01562500 0.51562500
vn 0.56098462 0.70710737 -0.43045954
vn 0.56098462 0.70710737 -0.43045954
vn 0.56098462 0.70710737 -0.43045954
vn 0.56098462 0.70710737 -0.43045954
f 4201/4201/4201 4202/4202/4202 4203/4203/4203
f 4201/4201/4201 4203/4203/4203 4204/4204/4204
v 0.473585860 0.360156250 0.525923812
v 0.475693203 0.357500000 0.524306797
v 0.477800548 0.360156250 0.522689765
vt 0.48437500 0.51562500
vt 0.48437500 0.98437500
vt 0.01562500 0.98437500
vn 0.60876183 0.00000233 0.79335303
vn 0.60876183 0.00000233 0.79335303
vn 0.60876183 0.00000233 0.79335303
f 4205/4205/4205 4206/4206/4206 4207/4207/4207
v 0.475693203 0.362812500 0.524306797
v 0.473585860 0.360156250 0.525923812
v 0.477800548 0.360156250 0.522689765
vt 0.48437500 0.51562500
vt 0.48437500 0.98437500
vt 0.01562500 0.98437500
vn 0.60876183 -0.00000233 0.79335303
vn 0.60876183 -0.00000233 0.79335303
vn 0.60876183 -0.00000233 0.79335303
f 4208/4208/4208 4209/4209/4209 4210/4210/4210
v 0.472337717 0.360156250 0.515570485
v 0.470230375 0.357500000 0.517187500
v 0.468123032 0.360156250 0.518804515
vt 0.01562500 0.98437500
vt 0.48437500 0.98437500
vt 0.48437500 0.51562500
vn -0.60875998 -0.00000000 -0.79335445
vn -0.60875998 -0.00000000 -0.79335445
vn -0.60875998 -0.00000000 -0.79335445
f 4211/4211/4211 4212/4212/4212 4213/4213/4213
v 0.472337717 0.360156250 0.515570485
v 0.468123032 0.360156250 0.518804515
v 0.470230375 0.362812500 0.517187500
vt 0.01562500 0.98437500
vt 0.48437500 0.98437500
vt 0.48437500 0.51562500
vn -0.60875998 0.00000000 -0.79335445
vn -0.60875998 0.00000000 -0.79335445
vn -0.60875998 0.00000000 -0.79335445
f 4214/4214/4214 4215/4215/4215 4216/4216/4216
g vent_rim_10
usemtl parachute
v 0.472684437 0.360156250 0.516171000
v 0.470230375 0.357500000 0.517187500
v 0.466796298 0.357500000 0.508896908
v 0.469250360 0.360156250 0.507880405
vt 0.01562500 0.98437500
vt 0.48437500 0.98437500
vt 0.48437500 0.51562500
vt 0.01562500 0.51562500
vn 0.65328072 -0.70710756 -0.27059787
vn 0.65328072 -0.70710756 -0.27059787
vn 0.65328072 -0.70710756 -0.27059787
vn 0.65328072 -0.70710756 -0.27059787
f 4217/4217/4217 4218/4218/4218 4219/4219/4219
f 4217/4217/4217 4219/4219/4219 4220/4220/4220
v 0.470230375 0.357500000 0.517187500
v 0.467776327 0.360156250 0.518204000
v 0.464342250 0.360156250 0.509913408
v 0.466796298 0.357500000 0.508896908
vt 0.01562500 0.98437500
vt 0.48437500 0.98437500
vt 0.48437500 0.51562500
vt 0.01562500 0.51562500
vn -0.65328249 -0.70710563 0.27059861
vn -0.65328249 -0.70710563 0.27059861
vn -0.65328249 -0.70710563 0.27059861
vn -0.65328249 -0.70710563 0.27059861
f 4221/4221/4221 4222/4222/4222 4223/4223/4223
f 4221/4221/4221 4223/4223/4223 4224/4224/4224
v 0.467776327 0.360156250 0.518204000
v 0.470230375 0.362812500 0.517187500
v 0.466796298 0.362812500 0.508896908
v 0.464342250 0.360156250 0.509913408
vt 0.01562500 0.98437500
vt 0.48437500 0.98437500
vt 0.48437500 0.51562500
vt 0.01562500 0.51562500
vn -0.65328249 0.70710563 0.27059861
vn -0.65328249 0.70710563 0.27059861
vn -0.65328249 0.70710563 0.27059861
vn -0.65328249 0.70710563 0.27059861
f 4225/4225/4225 4226/4226/4226 4227/4227/4227
f 4225/4225/4225 4227/4227/4227 4228/4228/4228
v 0.470230375 0.362812500 0.517187500
v 0.472684437 0.360156250 0.516171000
v 0.469250360 0.360156250 0.507880405
v 0.466796298 0.362812500 0.508896908
vt 0.01562500 0.98437500
vt 0.48437500 0.98437500
vt 0.48437500 0.51562500
vt 0.01562500 0.51562500
vn 0.65328072 0.70710756 -0.27059787
vn 0.65328072 0.70710756 -0.27059787
vn 0.65328072 0.70710756 -0.27059787
vn 0.65328072 0.70710756 -0.27059787
f 4229/4229/4229 4230/4230/4230 4231/4231/4231
f 4229/4229/4229 4231/4231/4231 4232/4232/4232
v 0.467776327 0.360156250 0.518204000
v 0.470230375 0.357500000 0.517187500
v 0.472684437 0.360156250 0.516171000
vt 0.48437500 0.51562500
vt 0.48437500 0.98437500
vt 0.01562500 0.98437500
vn 0.38268255 -0.00000113 0.92387990
vn 0.38268255 -0.00000113 0.92387990
vn 0.38268255 -0.00000113 0.92387990
f 4233/4233/4233 4234/4234/4234 4235/4235/4235
v 0.470230375 0.362812500 0.517187500
v 0.467776327 0.360156250 0.518204000
v 0.472684437 0.360156250 0.516171000
vt 0.48437500 0.51562500
vt 0.48437500 0.98437500
vt 0.01562500 0.98437500
vn 0.38268255 0.00000113 0.92387990
vn 0.38268255 0.00000113 0.92387990
vn 0.38268255 0.00000113 0.92387990
f 4236/4236/4236 4237/4237/4237 4238/4238/4238
v 0.469250360 0.360156250 0.507880405
v 0.466796298 0.357500000 0.508896908
v 0.464342250 0.360156250 0.509913408
vt 0.01562500 0.98437500
vt 0.48437500 0.98437500
vt 0.48437500 0.51562500
vn -0.38268255 0.00000113 -0.92387990
vn -0.38268255 0.00000113 -0.92387990
vn -0.38268255 0.00000113 -0.92387990
f 4239/4239/4239 4240/4240/4240 4241/4241/4241
v 0.469250360 0.360156250 0.507880405
v 0.464342250 0.360156250 0.509913408
v 0.466796298 0.362812500 0.508896908
vt 0.01562500 0.98437500
vt 0.48437500 0.98437500
vt 0.48437500 0.51562500
vn -0.38268255 -0.00000113 -0.92387990
vn -0.38268255 -0.00000113 -0.92387990
vn -0.38268255 -0.00000113 -0.92387990
f 4242/4242/4242 4243/4243/4243 4244/4244/4244
g vent_rim_11
usemtl parachute
v 0.469429828 0.360156250 0.508550188
v 0.466796298 0.357500000 0.508896908
v 0.465625000 0.357500000 0.500000000
v 0.468258530 0.360156250 0.499653297
vt 0.01562500 0.98437500
vt 0.48437500 0.98437500
vt 0.48437500 0.51562500
vt 0.01562500 0.51562500
vn 0.70105650 -0.70710770 -0.09229560
vn 0.70105650 -0.70710770 -0.09229560
vn 0.70105650 -0.70710770 -0.09229560
vn 0.70105650 -0.70710770 -0.09229560
f 4245/4245/4245 4246/4246/4246 4247/4247/4247
f 4245/4245/4245 4247/4247/4247 4248/4248/4248
v 0.466796298 0.357500000 0.508896908
v 0.464162782 0.360156250 0.509243610
v 0.462991467 0.360156250 0.500346703
v 0.465625000 0.357500000 0.500000000
vt 0.01562500 0.98437500
vt 0.48437500 0.98437500
vt 0.48437500 0.51562500
vt 0.01562500 0.51562500
vn -0.70105866 -0.70710537 0.09229711
vn -0.70105866 -0.70710537 0.09229711
vn -0.70105866 -0.70710537 0.09229711
vn -0.70105866 -0.70710537 0.09229711
f 4249/4249/4249 4250/4250/4250 4251/4251/4251
f 4249/4249/4249 4251/4251/4251 4252/4252/4252
v 0.464162782 0.360156250 0.509243610
v 0.466796298 0.362812500 0.508896908
v 0.465625000 0.362812500 0.500000000
v 0.462991467 0.360156250 0.500346703
vt 0.01562500 0.98437500
vt 0.48437500 0.98437500
vt 0.48437500 0.51562500
vt 0.01562500 0.51562500
vn -0.70105882 0.70710537 0.09229590
vn -0.70105882 0.70710537 0.09229590
vn -0.70105882 0.70710537 0.09229590
vn -0.70105882 0.70710537 0.09229590
f 4253/4253/4253 4254/4254/4254 4255/4255/4255
f 4253/4253/4253 4255/4255/4255 4256/4256/4256
v 0.466796298 0.362812500 0.508896908
v 0.469429828 0.360156250 0.508550188
v 0.468258530 0.360156250 0.499653297
v 0.465625000 0.362812500 0.500000000
vt 0.01562500 0.98437500
vt 0.48437500 0.98437500
vt 0.48437500 0.51562500
vt 0.01562500 0.51562500
vn 0.70105648 0.70710770 -0.09229576
vn 0.70105648 0.70710770 -0.09229576
vn 0.70105648 0.70710770 -0.09229576
vn 0.70105648 0.70710770 -0.09229576
f 4257/4257/4257 4258/4258/4258 4259/4259/4259
f 4257/4257/4257 4259/4259/4259 4260/4260/4260
v 0.464162782 0.360156250 0.509243610
v 0.466796298 0.357500000 0.508896908
v 0.469429828 0.360156250 0.508550188
vt 0.48437500 0.51562500
vt 0.48437500 0.98437500
vt 0.01562500 0.98437500
vn 0.13052656 0.00000253 0.99144481
vn 0.13052656 0.00000253 0.99144481
vn 0.13052656 0.00000253 0.99144481
f 4261/4261/4261 4262/4262/4262 4263/4263/4263
v 0.466796298 0.362812500 0.508896908
v 0.464162782 0.360156250 0.509243610
v 0.469429828 0.360156250 0.508550188
vt 0.48437500 0.51562500
vt 0.48437500 0.98437500
vt 0.01562500 0.98437500
vn 0.13052656 -0.00000253 0.99144481
vn 0.13052656 -0.00000253 0.99144481
vn 0.13052656 -0.00000253 0.99144481
f 4264/4264/4264 4265/4265/4265 4266/4266/4266
v 0.468258530 0.360156250 0.499653297
v 0.465625000 0.357500000 0.500000000
v 0.462991467 0.360156250 0.500346703
vt 0.01562500 0.98437500
vt 0.48437500 0.98437500
vt 0.48437500 0.51562500
vn -0.13052329 -0.00000000 -0.99144524
vn -0.13052329 -0.00000000 -0.99144524
vn -0.13052329 -0.00000000 -0.99144524
f 4267/4267/4267 4268/4268/4268 4269/4269/4269
v 0.468258530 0.360156250 0.499653297
v 0.462991467 0.360156250 0.500346703
v 0.465625000 0.362812500 0.500000000
vt 0.01562500 0.98437500
vt 0.48437500 0.98437500
vt 0.48437500 0.51562500
vn -0.13052329 0.00000000 -0.99144524
vn -0.13052329 0.00000000 -0.99144524
vn -0.13052329 0.00000000 -0.99144524
f 4270/4270/4270 4271/4271/4271 4272/4272/4272
g vent_rim_12
usemtl parachute
v 0.468258530 0.360156250 0.500346703
v 0.465625000 0.357500000 0.500000000
v 0.466796298 0.357500000 0.491103093
v 0.469429828 0.360156250 0.491449812
vt 0.01562500 0.98437500
vt 0.48437500 0.98437500
vt 0.48437500 0.51562500
vt 0.01562500 0.51562500
vn 0.70105677 -0.70710743 0.09229563
vn 0.70105677 -0.70710743 0.09229563
vn 0.70105677 -0.70710743 0.09229563
vn 0.70105677 -0.70710743 0.09229563
f 4273/4273/4273 4274/4274/4274 4275/4275/4275
f 4273/4273/4273 4275/4275/4275 4276/4276/4276
v 0.465625000 0.357500000 0.500000000
v 0.462991467 0.360156250 0.499653297
v 0.464162782 0.360156250 0.490756390
v 0.466796298 0.357500000 0.491103093
vt 0.01562500 0.98437500
vt 0.48437500 0.98437500
vt 0.48437500 0.51562500
vt 0.01562500 0.51562500
vn -0.70105661 -0.70710743 -0.09229684
vn -0.70105661 -0.70710743 -0.09229684
vn -0.70105661 -0.70710743 -0.09229684
vn -0.70105661 -0.70710743 -0.09229684
f 4277/4277/4277 4278/4278/4278 4279/4279/4279
f 4277/4277/4277 4279/4279/4279 4280/4280/4280
v 0.462991467 0.360156250 0.499653297
v 0.465625000 0.362812500 0.500000000
v 0.466796298 0.362812500 0.491103093
v 0.464162782 0.360156250 0.490756390
vt 0.01562500 0.98437500
vt 0.48437500 0.98437500
vt 0.48437500 0.51562500
vt 0.01562500 0.51562500
vn -0.70105677 0.70710743 -0.09229563
vn -0.70105677 0.70710743 -0.09229563
vn -0.70105677 0.70710743 -0.09229563
vn -0.70105677 0.70710743 -0.09229563
f 4281/4281/4281 4282/4282/4282 4283/4283/4283
f 4281/4281/4281 4283/4283/4283 4284/4284/4284
v 0.465625000 0.362812500 0.500000000
v 0.468258530 0.360156250 0.500346703
v 0.469429828 0.360156250 0.491449812
v 0.466796298 0.362812500 0.491103093
vt 0.01562500 0.98437500
vt 0.48437500 0.98437500
vt 0.48437500 0.51562500
vt 0.01562500 0.51562500
vn 0.70105675 0.70710743 0.09229579
vn 0.70105675 0.70710743 0.09229579
vn 0.70105675 0.70710743 0.09229579
vn 0.70105675 0.70710743 0.09229579
f 4285/4285/4285 4286/4286/4286 4287/4287/4287
f 4285/4285/4285 4287/4287/4287 4288/4288/4288
v 0.462991467 0.360156250 0.499653297
v 0.465625000 0.357500000 0.500000000
v 0.468258530 0.360156250 0.500346703
vt 0.48437500 0.51562500
vt 0.48437500 0.98437500
vt 0.01562500 0.98437500
vn -0.13052329 0.00000000 0.99144524
vn -0.13052329 0.00000000 0.99144524
vn -0.13052329 0.00000000 0.99144524
f 4289/4289/4289 4290/4290/4290 4291/4291/4291
v 0.465625000 0.362812500 0.500000000
v 0.462991467 0.360156250 0.499653297
v 0.468258530 0.360156250 0.500346703
vt 0.48437500 0.51562500
vt 0.48437500 0.98437500
vt 0.01562500 0.98437500
vn -0.13052329 -0.00000000 0.99144524
vn -0.13052329 -0.00000000 0.99144524
vn -0.13052329 -0.00000000 0.99144524
f 4292/4292/4292 4293/4293/4293 4294/4294/4294
v 0.469429828 0.360156250 0.491449812
v 0.466796298 0.357500000 0.491103093
v 0.464162782 0.360156250 0.490756390
vt 0.01562500 0.98437500
vt 0.48437500 0.98437500
vt 0.48437500 0.51562500
vn 0.13052656 0.00000253 -0.99144481
vn 0.13052656 0.00000253 -0.99144481
vn 0.13052656 0.00000253 -0.99144481
f 4295/4295/4295 4296/4296/4296 4297/4297/4297
v 0.469429828 0.360156250 0.491449812
v 0.464162782 0.360156250 0.490756390
v 0.466796298 0.362812500 0.491103093
vt 0.01562500 0.98437500
vt 0.48437500 0.98437500
vt 0.48437500 0.51562500
vn 0.13052656 -0.00000253 -0.99144481
vn 0.13052656 -0.00000253 -0.99144481
vn 0.13052656 -0.00000253 -0.99144481
f 4298/4298/4298 4299/4299/4299 4300/4300/4300
g vent_rim_13
usemtl parachute
v 0.469250360 0.360156250 0.492119595
v 0.466796298 0.357500000 0.491103093
v 0.470230375 0.357500000 0.482812500
v 0.472684437 0.360156250 0.483829000
vt 0.01562500 0.98437500
vt 0.48437500 0.98437500
vt 0.48437500 0.51562500
vt 0.01562500 0.51562500
vn 0.65328072 -0.70710756 0.27059787
vn 0.65328072 -0.70710756 0.27059787
vn 0.65328072 -0.70710756 0.27059787
vn 0.65328072 -0.70710756 0.27059787
f 4301/4301/4301 4302/4302/4302 4303/4303/4303
f 4301/4301/4301 4303/4303/4303 4304/4304/4304
v 0.466796298 0.357500000 0.491103093
v 0.464342250 0.360156250 0.490086592
v 0.467776327 0.360156250 0.481796000
v 0.470230375 0.357500000 0.482812500
vt 0.01562500 0.98437500
vt 0.48437500 0.98437500
vt 0.48437500 0.51562500
vt 0.01562500 0.51562500
vn -0.65328249 -0.70710563 -0.27059861
vn -0.65328249 -0.70710563 -0.27059861
vn -0.65328249 -0.70710563 -0.27059861
vn -0.65328249 -0.70710563 -0.27059861
f 4305/4305/4305 4306/4306/4306 4307/4307/4307
f 4305/4305/4305 4307/4307/4307 4308/4308/4308
v 0.464342250 0.360156250 0.490086592
v 0.466796298 0.362812500 0.491103093
v 0.470230375 0.362812500 0.482812500
v 0.467776327 0.360156250 0.481796000
vt 0.01562500 0.98437500
vt 0.48437500 0.98437500
vt 0.48437500 0.51562500
vt 0.01562500 0.51562500
vn -0.65328249 0.70710563 -0.27059861
vn -0.65328249 0.70710563 -0.27059861
vn -0.65328249 0.70710563 -0.27059861
vn -0.65328249 0.70710563 -0.27059861
f 4309/4309/4309 4310/4310/4310 4311/4311/4311
f 4309/4309/4309 4311/4311/4311 4312/4312/4312
v 0.466796298 0.362812500 0.491103093
v 0.469250360 0.360156250 0.492119595
v 0.472684437 0.360156250 0.483829000
v 0.470230375 0.362812500 0.482812500
vt 0.01562500 0.98437500
vt 0.48437500 0.98437500
vt 0.48437500 0.51562500
vt 0.01562500 0.51562500
vn 0.65328072 0.70710756 0.27059787
vn 0.65328072 0.70710756 0.27059787
vn 0.65328072 0.70710756 0.27059787
vn 0.65328072 0.70710756 0.27059787
f 4313/4313/4313 4314/4314/4314 4315/4315/4315
f 4313/4313/4313 4315/4315/4315 4316/4316/4316
v 0.464342250 0.360156250 0.490086592
v 0.466796298 0.357500000 0.491103093
v 0.469250360 0.360156250 0.492119595
vt 0.48437500 0.51562500
vt 0.48437500 0.98437500
vt 0.01562500 0.98437500
vn -0.38268255 0.00000113 0.92387990
vn -0.38268255 0.00000113 0.92387990
vn -0.38268255 0.00000113 0.92387990
f 4317/4317/4317 4318/4318/4318 4319/4319/4319
v 0.466796298 0.362812500 0.491103093
v 0.464342250 0.360156250 0.490086592
v 0.469250360 0.360156250 0.492119595
vt 0.48437500 0.51562500
vt 0.48437500 0.98437500
vt 0.01562500 0.98437500
vn -0.38268255 -0.00000113 0.92387990
vn -0.38268255 -0.00000113 0.92387990
vn -0.38268255 -0.00000113 0.92387990
f 4320/4320/4320 4321/4321/4321 4322/4322/4322
v 0.472684437 0.360156250 0.483829000
v 0.470230375 0.357500000 0.482812500
v 0.467776327 0.360156250 0.481796000
vt 0.01562500 0.98437500
vt 0.48437500 0.98437500
vt 0.48437500 0.51562500
vn 0.38268255 -0.00000113 -0.92387990
vn 0.38268255 -0.00000113 -0.92387990
vn 0.38268255 -0.00000113 -0.92387990
f 4323/4323/4323 4324/4324/4324 4325/4325/4325
v 0.472684437 0.360156250 0.483829000
v 0.467776327 0.360156250 0.481796000
v 0.470230375 0.362812500 0.482812500
vt 0.01562500 0.98437500
vt 0.48437500 0.98437500
vt 0.48437500 0.51562500
vn 0.38268255 0.00000113 -0.92387990
vn 0.38268255 0.00000113 -0.92387990
vn 0.38268255 0.00000113 -0.92387990
f 4326/4326/4326 4327/4327/4327 4328/4328/4328
g vent_rim_14
usemtl parachute
v 0.472337717 0.360156250 0.484429515
v 0.470230375 0.357500000 0.482812500
v 0.475693203 0.357500000 0.475693203
v 0.477800548 0.360156250 0.477310235
vt 0.01562500 0.98437500
vt 0.48437500 0.98437500
vt 0.48437500 0.51562500
vt 0.01562500 0.51562500
vn 0.56098608 -0.70710611 0.43045972
vn 0.56098608 -0.70710611 0.43045972
vn 0.56098608 -0.70710611 0.43045972
vn 0.56098608 -0.70710611 0.43045972
f 4329/4329/4329 4330/4330/4330 4331/4331/4331
f 4329/4329/4329 4331/4331/4331 4332/4332/4332
v 0.470230375 0.357500000 0.482812500
v 0.468123032 0.360156250 0.481195485
v 0.473585860 0.360156250 0.474076188
v 0.475693203 0.357500000 0.475693203
vt 0.01562500 0.98437500
vt 0.48437500 0.98437500
vt 0.48437500 0.51562500
vt 0.01562500 0.51562500
vn -0.56098608 -0.70710611 -0.43045972
vn -0.56098608 -0.70710611 -0.43045972
vn -0.56098608 -0.70710611 -0.43045972
vn -0.56098608 -0.70710611 -0.43045972
f 4333/4333/4333 4334/4334/4334 4335/4335/4335
f 4333/4333/4333 4335/4335/4335 4336/4336/4336
v 0.468123032 0.360156250 0.481195485
v 0.470230375 0.362812500 0.482812500
v 0.475693203 0.362812500 0.475693203
v 0.473585860 0.360156250 0.474076188
vt 0.01562500 0.98437500
vt 0.48437500 0.98437500
vt 0.48437500 0.51562500
vt 0.01562500 0.51562500
vn -0.56098608 0.70710611 -0.43045972
vn -0.56098608 0.70710611 -0.43045972
vn -0.56098608 0.70710611 -0.43045972
vn -0.56098608 0.70710611 -0.43045972
f 4337/4337/4337 4338/4338/4338 4339/4339/4339
f 4337/4337/4337 4339/4339/4339 4340/4340/4340
v 0.470230375 0.362812500 0.482812500
v 0.472337717 0.360156250 0.484429515
v 0.477800548 0.360156250 0.477310235
v 0.475693203 0.362812500 0.475693203
vt 0.01562500 0.98437500
vt 0.48437500 0.98437500
vt 0.48437500 0.51562500
vt 0.01562500 0.51562500
vn 0.56098562 0.70710611 0.43046031
vn 0.56098562 0.70710611 0.43046031
vn 0.56098562 0.70710611 0.43046031
vn 0.56098562 0.70710611 0.43046031
f 4341/4341/4341 4342/4342/4342 4343/4343/4343
f 4341/4341/4341 4343/4343/4343 4344/4344/4344
v 0.468123032 0.360156250 0.481195485
v 0.470230375 0.357500000 0.482812500
v 0.472337717 0.360156250 0.484429515
vt 0.48437500 0.51562500
vt 0.48437500 0.98437500
vt 0.01562500 0.98437500
vn -0.60875998 0.00000000 0.79335445
vn -0.60875998 0.00000000 0.79335445
vn -0.60875998 0.00000000 0.79335445
f 4345/4345/4345 4346/4346/4346 4347/4347/4347
v 0.470230375 0.362812500 0.482812500
v 0.468123032 0.360156250 0.481195485
v 0.472337717 0.360156250 0.484429515
vt 0.48437500 0.51562500
vt 0.48437500 0.98437500
vt 0.01562500 0.98437500
vn -0.60875998 -0.00000000 0.79335445
vn -0.60875998 -0.00000000 0.79335445
vn -0.60875998 -0.00000000 0.79335445
f 4348/4348/4348 4349/4349/4349 4350/4350/4350
v 0.477800548 0.360156250 0.477310235
v 0.475693203 0.357500000 0.475693203
v 0.473585860 0.360156250 0.474076188
vt 0.01562500 0.98437500
vt 0.48437500 0.98437500
vt 0.48437500 0.51562500
vn 0.60876183 0.00000233 -0.79335303
vn 0.60876183 0.00000233 -0.79335303
vn 0.60876183 0.00000233 -0.79335303
f 4351/4351/4351 4352/4352/4352 4353/4353/4353
v 0.477800548 0.360156250 0.477310235
v 0.473585860 0.360156250 0.474076188
v 0.475693203 0.362812500 0.475693203
vt 0.01562500 0.98437500
vt 0.48437500 0.98437500
vt 0.48437500 0.51562500
vn 0.60876183 -0.00000233 -0.79335303
vn 0.60876183 -0.00000233 -0.79335303
vn 0.60876183 -0.00000233 -0.79335303
f 4354/4354/4354 4355/4355/4355 4356/4356/4356
g vent_rim_15
usemtl parachute
v 0.477310235 0.360156250 0.477800548
v 0.475693203 0.357500000 0.475693203
v 0.482812500 0.357500000 0.470230375
v 0.484429515 0.360156250 0.472337717
vt 0.01562500 0.98437500
vt 0.48437500 0.98437500
vt 0.48437500 0.51562500
vt 0.01562500 0.51562500
vn 0.43045895 -0.70710737 0.56098508
vn 0.43045895 -0.70710737 0.56098508
vn 0.43045895 -0.70710737 0.56098508
vn 0.43045895 -0.70710737 0.56098508
f 4357/4357/4357 4358/4358/4358 4359/4359/4359
f 4357/4357/4357 4359/4359/4359 4360/4360/4360
v 0.475693203 0.357500000 0.475693203
v 0.474076188 0.360156250 0.473585860
v 0.481195485 0.360156250 0.468123032
v 0.482812500 0.357500000 0.470230375
vt 0.01562500 0.98437500
vt 0.48437500 0.98437500
vt 0.48437500 0.51562500
vt 0.01562500 0.51562500
vn -0.43045972 -0.70710611 -0.56098608
vn -0.43045972 -0.70710611 -0.56098608
vn -0.43045972 -0.70710611 -0.56098608
vn -0.43045972 -0.70710611 -0.56098608
f 4361/4361/4361 4362/4362/4362 4363/4363/4363
f 4361/4361/4361 4363/4363/4363 4364/4364/4364
v 0.474076188 0.360156250 0.473585860
v 0.475693203 0.362812500 0.475693203
v 0.482812500 0.362812500 0.470230375
v 0.481195485 0.360156250 0.468123032
vt 0.01562500 0.98437500
vt 0.48437500 0.98437500
vt 0.48437500 0.51562500
vt 0.01562500 0.51562500
vn -0.43045972 0.70710611 -0.56098608
vn -0.43045972 0.70710611 -0.56098608
vn -0.43045972 0.70710611 -0.56098608
vn -0.43045972 0.70710611 -0.56098608
f 4365/4365/4365 4366/4366/4366 4367/4367/4367
f 4365/4365/4365 4367/4367/4367 4368/4368/4368
v 0.475693203 0.362812500 0.475693203
v 0.477310235 0.360156250 0.477800548
v 0.484429515 0.360156250 0.472337717
v 0.482812500 0.362812500 0.470230375
vt 0.01562500 0.98437500
vt 0.48437500 0.98437500
vt 0.48437500 0.51562500
vt 0.01562500 0.51562500
vn 0.43045954 0.70710737 0.56098462
vn 0.43045954 0.70710737 0.56098462
vn 0.43045954 0.70710737 0.56098462
vn 0.43045954 0.70710737 0.56098462
f 4369/4369/4369 4370/4370/4370 4371/4371/4371
f 4369/4369/4369 4371/4371/4371 4372/4372/4372
v 0.474076188 0.360156250 0.473585860
v 0.475693203 0.357500000 0.475693203
v 0.477310235 0.360156250 0.477800548
vt 0.48437500 0.51562500
vt 0.48437500 0.98437500
vt 0.01562500 0.98437500
vn -0.79335303 0.00000233 0.60876183
vn -0.79335303 0.00000233 0.60876183
vn -0.79335303 0.00000233 0.60876183
f 4373/4373/4373 4374/4374/4374 4375/4375/4375
v 0.475693203 0.362812500 0.475693203
v 0.474076188 0.360156250 0.473585860
v 0.477310235 0.360156250 0.477800548
vt 0.48437500 0.51562500
vt 0.48437500 0.98437500
vt 0.01562500 0.98437500
vn -0.79335303 -0.00000233 0.60876183
vn -0.79335303 -0.00000233 0.60876183
vn -0.79335303 -0.00000233 0.60876183
f 4376/4376/4376 4377/4377/4377 4378/4378/4378
v 0.484429515 0.360156250 0.472337717
v 0.482812500 0.357500000 0.470230375
v 0.481195485 0.360156250 0.468123032
vt 0.01562500 0.98437500
vt 0.48437500 0.98437500
vt 0.48437500 0.51562500
vn 0.79335445 0.00000000 -0.60875998
vn 0.79335445 0.00000000 -0.60875998
vn 0.79335445 0.00000000 -0.60875998
f 4379/4379/4379 4380/4380/4380 4381/4381/4381
v 0.484429515 0.360156250 0.472337717
v 0.481195485 0.360156250 0.468123032
v 0.482812500 0.362812500 0.470230375
vt 0.01562500 0.98437500
vt 0.48437500 0.98437500
vt 0.48437500 0.51562500
vn 0.79335445 -0.00000000 -0.60875998
vn 0.79335445 -0.00000000 -0.60875998
vn 0.79335445 -0.00000000 -0.60875998
f 4382/4382/4382 4383/4383/4383 4384/4384/4384
g vent_rim_16
usemtl parachute
v 0.483829000 0.360156250 0.472684437
v 0.482812500 0.357500000 0.470230375
v 0.491103093 0.357500000 0.466796298
v 0.492119595 0.360156250 0.469250360
vt 0.01562500 0.98437500
vt 0.48437500 0.98437500
vt 0.48437500 0.51562500
vt 0.01562500 0.51562500
vn 0.27059787 -0.70710756 0.65328072
vn 0.27059787 -0.70710756 0.65328072
vn 0.27059787 -0.70710756 0.65328072
vn 0.27059787 -0.70710756 0.65328072
f 4385/4385/4385 4386/4386/4386 4387/4387/4387
f 4385/4385/4385 4387/4387/4387 4388/4388/4388
v 0.482812500 0.357500000 0.470230375
v 0.481796000 0.360156250 0.467776327
v 0.490086592 0.360156250 0.464342250
v 0.491103093 0.357500000 0.466796298
vt 0.01562500 0.98437500
vt 0.48437500 0.98437500
vt 0.48437500 0.51562500
vt 0.01562500 0.51562500
vn -0.27059861 -0.70710563 -0.65328249
vn -0.27059861 -0.70710563 -0.65328249
vn -0.27059861 -0.70710563 -0.65328249
vn -0.27059861 -0.70710563 -0.65328249
f 4389/4389/4389 4390/4390/4390 4391/4391/4391
f 4389/4389/4389 4391/4391/4391 4392/4392/4392
v 0.481796000 0.360156250 0.467776327
v 0.482812500 0.362812500 0.470230375
v 0.491103093 0.362812500 0.466796298
v 0.490086592 0.360156250 0.464342250
vt 0.01562500 0.98437500
vt 0.48437500 0.98437500
vt 0.48437500 0.51562500
vt 0.01562500 0.51562500
vn -0.27059861 0.70710563 -0.65328249
vn -0.27059861 0.70710563 -0.65328249
vn -0.27059861 0.70710563 -0.65328249
vn -0.27059861 0.70710563 -0.65328249
f 4393/4393/4393 4394/4394/4394 4395/4395/4395
f 4393/4393/4393 4395/4395/4395 4396/4396/4396
v 0.482812500 0.362812500 0.470230375
v 0.483829000 0.360156250 0.472684437
v 0.492119595 0.360156250 0.469250360
v 0.491103093 0.362812500 0.466796298
vt 0.01562500 0.98437500
vt 0.48437500 0.98437500
vt 0.48437500 0.51562500
vt 0.01562500 0.51562500
vn 0.27059787 0.70710756 0.65328072
vn 0.27059787 0.70710756 0.65328072
vn 0.27059787 0.70710756 0.65328072
vn 0.27059787 0.70710756 0.65328072
f 4397/4397/4397 4398/4398/4398 4399/4399/4399
f 4397/4397/4397 4399/4399/4399 4400/4400/4400
v 0.481796000 0.360156250 0.467776327
v 0.482812500 0.357500000 0.470230375
v 0.483829000 0.360156250 0.472684437
vt 0.48437500 0.51562500
vt 0.48437500 0.98437500
vt 0.01562500 0.98437500
vn -0.92387990 -0.00000113 0.38268255
vn -0.92387990 -0.00000113 0.38268255
vn -0.92387990 -0.00000113 0.38268255
f 4401/4401/4401 4402/4402/4402 4403/4403/4403
v 0.482812500 0.362812500 0.470230375
v 0.481796000 0.360156250 0.467776327
v 0.483829000 0.360156250 0.472684437
vt 0.48437500 0.51562500
vt 0.48437500 0.98437500
vt 0.01562500 0.98437500
vn -0.92387990 0.00000113 0.38268255
vn -0.92387990 0.00000113 0.38268255
vn -0.92387990 0.00000113 0.38268255
f 4404/4404/4404 4405/4405/4405 4406/4406/4406
v 0.492119595 0.360156250 0.469250360
v 0.491103093 0.357500000 0.466796298
v 0.490086592 0.360156250 0.464342250
vt 0.01562500 0.98437500
vt 0.48437500 0.98437500
vt 0.48437500 0.51562500
vn 0.92387990 0.00000113 -0.38268255
vn 0.92387990 0.00000113 -0.38268255
vn 0.92387990 0.00000113 -0.38268255
f 4407/4407/4407 4408/4408/4408 4409/4409/4409
v 0.492119595 0.360156250 0.469250360
v 0.490086592 0.360156250 0.464342250
v 0.491103093 0.362812500 0.466796298
vt 0.01562500 0.98437500
vt 0.48437500 0.98437500
vt 0.48437500 0.51562500
vn 0.92387990 -0.00000113 -0.38268255
vn 0.92387990 -0.00000113 -0.38268255
vn 0.92387990 -0.00000113 -0.38268255
f 4410/4410/4410 4411/4411/4411 4412/4412/4412
g vent_rim_17
usemtl parachute
v 0.491449812 0.360156250 0.469429828
v 0.491103093 0.357500000 0.466796298
v 0.500000000 0.357500000 0.465625000
v 0.500346703 0.360156250 0.468258530
vt 0.01562500 0.98437500
vt 0.48437500 0.98437500
vt 0.48437500 0.51562500
vt 0.01562500 0.51562500
vn 0.09229560 -0.70710770 0.70105650
vn 0.09229560 -0.70710770 0.70105650
vn 0.09229560 -0.70710770 0.70105650
vn 0.09229560 -0.70710770 0.70105650
f 4413/4413/4413 4414/4414/4414 4415/4415/4415
f 4413/4413/4413 4415/4415/4415 4416/4416/4416
v 0.491103093 0.357500000 0.466796298
v 0.490756390 0.360156250 0.464162782
v 0.499653297 0.360156250 0.462991467
v 0.500000000 0.357500000 0.465625000
vt 0.01562500 0.98437500
vt 0.48437500 0.98437500
vt 0.48437500 0.51562500
vt 0.01562500 0.51562500
vn -0.09229711 -0.70710537 -0.70105866
vn -0.09229711 -0.70710537 -0.70105866
vn -0.09229711 -0.70710537 -0.70105866
vn -0.09229711 -0.70710537 -0.70105866
f 4417/4417/4417 4418/4418/4418 4419/4419/4419
f 4417/4417/4417 4419/4419/4419 4420/4420/4420
v 0.490756390 0.360156250 0.464162782
v 0.491103093 0.362812500 0.466796298
v 0.500000000 0.362812500 0.465625000
v 0.499653297 0.360156250 0.462991467
vt 0.01562500 0.98437500
vt 0.48437500 0.98437500
vt 0.48437500 0.51562500
vt 0.01562500 0.51562500
vn -0.09229590 0.70710537 -0.70105882
vn -0.09229590 0.70710537 -0.70105882
vn -0.09229590 0.70710537 -0.70105882
vn -0.09229590 0.70710537 -0.70105882
f 4421/4421/4421 4422/4422/4422 4423/4423/4423
f 4421/4421/4421 4423/4423/4423 4424/4424/4424
v 0.491103093 0.362812500 0.466796298
v 0.491449812 0.360156250 0.469429828
v 0.500346703 0.360156250 0.468258530
v 0.500000000 0.362812500 0.465625000
vt 0.01562500 0.98437500
vt 0.48437500 0.98437500
vt 0.48437500 0.51562500
vt 0.01562500 0.51562500
vn 0.09229576 0.70710770 0.70105648
vn 0.09229576 0.70710770 0.70105648
vn 0.09229576 0.70710770 0.70105648
vn 0.09229576 0.70710770 0.70105648
f 4425/4425/4425 4426/4426/4426 4427/4427/4427
f 4425/4425/4425 4427/4427/4427 4428/4428/4428
v 0.490756390 0.360156250 0.464162782
v 0.491103093 0.357500000 0.466796298
v 0.491449812 0.360156250 0.469429828
vt 0.48437500 0.51562500
vt 0.48437500 0.98437500
vt 0.01562500 0.98437500
vn -0.99144481 0.00000253 0.13052656
vn -0.99144481 0.00000253 0.13052656
vn -0.99144481 0.00000253 0.13052656
f 4429/4429/4429 4430/4430/4430 4431/4431/4431
v 0.491103093 0.362812500 0.466796298
v 0.490756390 0.360156250 0.464162782
v 0.491449812 0.360156250 0.469429828
vt 0.48437500 0.51562500
vt 0.48437500 0.98437500
vt 0.01562500 0.98437500
vn -0.99144481 -0.00000253 0.13052656
vn -0.99144481 -0.00000253 0.13052656
vn -0.99144481 -0.00000253 0.13052656
f 4432/4432/4432 4433/4433/4433 4434/4434/4434
v 0.500346703 0.360156250 0.468258530
v 0.500000000 0.357500000 0.465625000
v 0.499653297 0.360156250 0.462991467
vt 0.01562500 0.98437500
vt 0.48437500 0.98437500
vt 0.48437500 0.51562500
vn 0.99144524 0.00000000 -0.13052329
vn 0.99144524 0.00000000 -0.13052329
vn 0.99144524 0.00000000 -0.13052329
f 4435/4435/4435 4436/4436/4436 4437/4437/4437
v 0.500346703 0.360156250 0.468258530
v 0.499653297 0.360156250 0.462991467
v 0.500000000 0.362812500 0.465625000
vt 0.01562500 0.98437500
vt 0.48437500 0.98437500
vt 0.48437500 0.51562500
vn 0.99144524 -0.00000000 -0.13052329
vn 0.99144524 -0.00000000 -0.13052329
vn 0.99144524 -0.00000000 -0.13052329
f 4438/4438/4438 4439/4439/4439 4440/4440/4440
g vent_rim_18
usemtl parachute
v 0.499653297 0.360156250 0.468258530
v 0.500000000 0.357500000 0.465625000
v 0.508896908 0.357500000 0.466796298
v 0.508550188 0.360156250 0.469429828
vt 0.01562500 0.98437500
vt 0.48437500 0.98437500
vt 0.48437500 0.51562500
vt 0.01562500 0.51562500
vn -0.09229563 -0.70710743 0.70105677
vn -0.09229563 -0.70710743 0.70105677
vn -0.09229563 -0.70710743 0.70105677
vn -0.09229563 -0.70710743 0.70105677
f 4441/4441/4441 4442/4442/4442 4443/4443/4443
f 4441/4441/4441 4443/4443/4443 4444/4444/4444
v 0.500000000 0.357500000 0.465625000
v 0.500346703 0.360156250 0.462991467
v 0.509243610 0.360156250 0.464162782
v 0.508896908 0.357500000 0.466796298
vt 0.01562500 0.98437500
vt 0.48437500 0.98437500
vt 0.48437500 0.51562500
vt 0.01562500 0.51562500
vn 0.09229684 -0.70710743 -0.70105661
vn 0.09229684 -0.70710743 -0.70105661
vn 0.09229684 -0.70710743 -0.70105661
vn 0.09229684 -0.70710743 -0.70105661
f 4445/4445/4445 4446/4446/4446 4447/4447/4447
f 4445/4445/4445 4447/4447/4447 4448/4448/4448
v 0.500346703 0.360156250 0.462991467
v 0.500000000 0.362812500 0.465625000
v 0.508896908 0.362812500 0.466796298
v 0.509243610 0.360156250 0.464162782
vt 0.01562500 0.98437500
vt 0.48437500 0.98437500
vt 0.48437500 0.51562500
vt 0.01562500 0.51562500
vn 0.09229563 0.70710743 -0.70105677
vn 0.09229563 0.70710743 -0.70105677
vn 0.09229563 0.70710743 -0.70105677
vn 0.09229563 0.70710743 -0.70105677
f 4449/4449/4449 4450/4450/4450 4451/4451/4451
f 4449/4449/4449 4451/4451/4451 4452/4452/4452
v 0.500000000 0.362812500 0.465625000
v 0.499653297 0.360156250 0.468258530
v 0.508550188 0.360156250 0.469429828
v 0.508896908 0.362812500 0.466796298
vt 0.01562500 0.98437500
vt 0.48437500 0.98437500
vt 0.48437500 0.51562500
vt 0.01562500 0.51562500
vn -0.09229579 0.70710743 0.70105675
vn -0.09229579 0.70710743 0.70105675
vn -0.09229579 0.70710743 0.70105675
vn -0.09229579 0.70710743 0.70105675
f 4453/4453/4453 4454/4454/4454 4455/4455/4455
f 4453/4453/4453 4455/4455/4455 4456/4456/4456
v 0.500346703 0.360156250 0.462991467
v 0.500000000 0.357500000 0.465625000
v 0.499653297 0.360156250 0.468258530
vt 0.48437500 0.51562500
vt 0.48437500 0.98437500
vt 0.01562500 0.98437500
vn -0.99144524 -0.00000000 -0.13052329
vn -0.99144524 -0.00000000 -0.13052329
vn -0.99144524 -0.00000000 -0.13052329
f 4457/4457/4457 4458/4458/4458 4459/4459/4459
v 0.500000000 0.362812500 0.465625000
v 0.500346703 0.360156250 0.462991467
v 0.499653297 0.360156250 0.468258530
vt 0.48437500 0.51562500
vt 0.48437500 0.98437500
vt 0.01562500 0.98437500
vn -0.99144524 0.00000000 -0.13052329
vn -0.99144524 0.00000000 -0.13052329
vn -0.99144524 0.00000000 -0.13052329
f 4460/4460/4460 4461/4461/4461 4462/4462/4462
v 0.508550188 0.360156250 0.469429828
v 0.508896908 0.357500000 0.466796298
v 0.509243610 0.360156250 0.464162782
vt 0.01562500 0.98437500
vt 0.48437500 0.98437500
vt 0.48437500 0.51562500
vn 0.99144481 0.00000253 0.13052656
vn 0.99144481 0.00000253 0.13052656
vn 0.99144481 0.00000253 0.13052656
f 4463/4463/4463 4464/4464/4464 4465/4465/4465
v 0.508550188 0.360156250 0.469429828
v 0.509243610 0.360156250 0.464162782
v 0.508896908 0.362812500 0.466796298
vt 0.01562500 0.98437500
vt 0.48437500 0.98437500
vt 0.48437500 0.51562500
vn 0.99144481 -0.00000253 0.13052656
vn 0.99144481 -0.00000253 0.13052656
vn 0.99144481 -0.00000253 0.13052656
f 4466/4466/4466 4467/4467/4467 4468/4468/4468
g vent_rim_19
usemtl parachute
v 0.507880405 0.360156250 0.469250360
v 0.508896908 0.357500000 0.466796298
v 0.517187500 0.357500000 0.470230375
v 0.516171000 0.360156250 0.472684437
vt 0.01562500 0.98437500
vt 0.48437500 0.98437500
vt 0.48437500 0.51562500
vt 0.01562500 0.51562500
vn -0.27059787 -0.70710756 0.65328072
vn -0.27059787 -0.70710756 0.65328072
vn -0.27059787 -0.70710756 0.65328072
vn -0.27059787 -0.70710756 0.65328072
f 4469/4469/4469 4470/4470/4470 4471/4471/4471
f 4469/4469/4469 4471/4471/4471 4472/4472/4472
v 0.508896908 0.357500000 0.466796298
v 0.509913408 0.360156250 0.464342250
v 0.518204000 0.360156250 0.467776327
v 0.517187500 0.357500000 0.470230375
vt 0.01562500 0.98437500
vt 0.48437500 0.98437500
vt 0.48437500 0.51562500
vt 0.01562500 0.51562500
vn 0.27059861 -0.70710563 -0.65328249
vn 0.27059861 -0.70710563 -0.65328249
vn 0.27059861 -0.70710563 -0.65328249
vn 0.27059861 -0.70710563 -0.65328249
f 4473/4473/4473 4474/4474/4474 4475/4475/4475
f 4473/4473/4473 4475/4475/4475 4476/4476/4476
v 0.509913408 0.360156250 0.464342250
v 0.508896908 0.362812500 0.466796298
v 0.517187500 0.362812500 0.470230375
v 0.518204000 0.360156250 0.467776327
vt 0.01562500 0.98437500
vt 0.48437500 0.98437500
vt 0.48437500 0.51562500
vt 0.01562500 0.51562500
vn 0.27059861 0.70710563 -0.65328249
vn 0.27059861 0.70710563 -0.65328249
vn 0.27059861 0.70710563 -0.65328249
vn 0.27059861 0.70710563 -0.65328249
f 4477/4477/4477 4478/4478/4478 4479/4479/4479
f 4477/4477/4477 4479/4479/4479 4480/4480/4480
v 0.508896908 0.362812500 0.466796298
v 0.507880405 0.360156250 0.469250360
v 0.516171000 0.360156250 0.472684437
v 0.517187500 0.362812500 0.470230375
vt 0.01562500 0.98437500
vt 0.48437500 0.98437500
vt 0.48437500 0.51562500
vt 0.01562500 0.51562500
vn -0.27059787 0.70710756 0.65328072
vn -0.27059787 0.70710756 0.65328072
vn -0.27059787 0.70710756 0.65328072
vn -0.27059787 0.70710756 0.65328072
f 4481/4481/4481 4482/4482/4482 4483/4483/4483
f 4481/4481/4481 4483/4483/4483 4484/4484/4484
v 0.509913408 0.360156250 0.464342250
v 0.508896908 0.357500000 0.466796298
v 0.507880405 0.360156250 0.469250360
vt 0.48437500 0.51562500
vt 0.48437500 0.98437500
vt 0.01562500 0.98437500
vn -0.92387990 0.00000113 -0.38268255
vn -0.92387990 0.00000113 -0.38268255
vn -0.92387990 0.00000113 -0.38268255
f 4485/4485/4485 4486/4486/4486 4487/4487/4487
v 0.508896908 0.362812500 0.466796298
v 0.509913408 0.360156250 0.464342250
v 0.507880405 0.360156250 0.469250360
vt 0.48437500 0.51562500
vt 0.48437500 0.98437500
vt 0.01562500 0.98437500
vn -0.92387990 -0.00000113 -0.38268255
vn -0.92387990 -0.00000113 -0.38268255
vn -0.92387990 -0.00000113 -0.38268255
f 4488/4488/4488 4489/4489/4489 4490/4490/4490
v 0.516171000 0.360156250 0.472684437
v 0.517187500 0.357500000 0.470230375
v 0.518204000 0.360156250 0.467776327
vt 0.01562500 0.98437500
vt 0.48437500 0.98437500
vt 0.48437500 0.51562500
vn 0.92387990 -0.00000113 0.38268255
vn 0.92387990 -0.00000113 0.38268255
vn 0.92387990 -0.00000113 0.38268255
f 4491/4491/4491 4492/4492/4492 4493/4493/4493
v 0.516171000 0.360156250 0.472684437
v 0.518204000 0.360156250 0.467776327
v 0.517187500 0.362812500 0.470230375
vt 0.01562500 0.98437500
vt 0.48437500 0.98437500
vt 0.48437500 0.51562500
vn 0.92387990 0.00000113 0.38268255
vn 0.92387990 0.00000113 0.38268255
vn 0.92387990 0.00000113 0.38268255
f 4494/4494/4494 4495/4495/4495 4496/4496/4496
g vent_rim_20
usemtl parachute
v 0.515570485 0.360156250 0.472337717
v 0.517187500 0.357500000 0.470230375
v 0.524306797 0.357500000 0.475693203
v 0.522689765 0.360156250 0.477800548
vt 0.01562500 0.98437500
vt 0.48437500 0.98437500
vt 0.48437500 0.51562500
vt 0.01562500 0.51562500
vn -0.43045972 -0.70710611 0.56098608
vn -0.43045972 -0.70710611 0.56098608
vn -0.43045972 -0.70710611 0.56098608
vn -0.43045972 -0.70710611 0.56098608
f 4497/4497/4497 4498/4498/4498 4499/4499/4499
f 4497/4497/4497 4499/4499/4499 4500/4500/4500
v 0.517187500 0.357500000 0.470230375
v 0.518804515 0.360156250 0.468123032
v 0.525923812 0.360156250 0.473585860
v 0.524306797 0.357500000 0.475693203
vt 0.01562500 0.98437500
vt 0.48437500 0.98437500
vt 0.48437500 0.51562500
vt 0.01562500 0.51562500
vn 0.43045972 -0.70710611 -0.56098608
vn 0.43045972 -0.70710611 -0.56098608
vn 0.43045972 -0.70710611 -0.56098608
vn 0.43045972 -0.70710611 -0.56098608
f 4501/4501/4501 4502/4502/4502 4503/4503/4503
f 4501/4501/4501 4503/4503/4503 4504/4504/4504
v 0.518804515 0.360156250 0.468123032
v 0.517187500 0.362812500 0.470230375
v 0.524306797 0.362812500 0.475693203
v 0.525923812 0.360156250 0.473585860
vt 0.01562500 0.98437500
vt 0.48437500 0.98437500
vt 0.48437500 0.51562500
vt 0.01562500 0.51562500
vn 0.43045972 0.70710611 -0.56098608
vn 0.43045972 0.70710611 -0.56098608
vn 0.43045972 0.70710611 -0.56098608
vn 0.43045972 0.70710611 -0.56098608
f 4505/4505/4505 4506/4506/4506 4507/4507/4507
f 4505/4505/4505 4507/4507/4507 4508/4508/4508
v 0.517187500 0.362812500 0.470230375
v 0.515570485 0.360156250 0.472337717
v 0.522689765 0.360156250 0.477800548
v 0.524306797 0.362812500 0.475693203
vt 0.01562500 0.98437500
vt 0.48437500 0.98437500
vt 0.48437500 0.51562500
vt 0.01562500 0.51562500
vn -0.43046031 0.70710611 0.56098562
vn -0.43046031 0.70710611 0.56098562
vn -0.43046031 0.70710611 0.56098562
vn -0.43046031 0.70710611 0.56098562
f 4509/4509/4509 4510/4510/4510 4511/4511/4511
f 4509/4509/4509 4511/4511/4511 4512/4512/4512
v 0.518804515 0.360156250 0.468123032
v 0.517187500 0.357500000 0.470230375
v 0.515570485 0.360156250 0.472337717
vt 0.48437500 0.51562500
vt 0.48437500 0.98437500
vt 0.01562500 0.98437500
vn -0.79335445 -0.00000000 -0.60875998
vn -0.79335445 -0.00000000 -0.60875998
vn -0.79335445 -0.00000000 -0.60875998
f 4513/4513/4513 4514/4514/4514 4515/4515/4515
v 0.517187500 0.362812500 0.470230375
v 0.518804515 0.360156250 0.468123032
v 0.515570485 0.360156250 0.472337717
vt 0.48437500 0.51562500
vt 0.48437500 0.98437500
vt 0.01562500 0.98437500
vn -0.79335445 0.00000000 -0.60875998
vn -0.79335445 0.00000000 -0.60875998
vn -0.79335445 0.00000000 -0.60875998
f 4516/4516/4516 4517/4517/4517 4518/4518/4518
v 0.522689765 0.360156250 0.477800548
v 0.524306797 0.357500000 0.475693203
v 0.525923812 0.360156250 0.473585860
vt 0.01562500 0.98437500
vt 0.48437500 0.98437500
vt 0.48437500 0.51562500
vn 0.79335303 0.00000233 0.60876183
vn 0.79335303 0.00000233 0.60876183
vn 0.79335303 0.00000233 0.60876183
f 4519/4519/4519 4520/4520/4520 4521/4521/4521
v 0.522689765 0.360156250 0.477800548
v 0.525923812 0.360156250 0.473585860
v 0.524306797 0.362812500 0.475693203
vt 0.01562500 0.98437500
vt 0.48437500 0.98437500
vt 0.48437500 0.51562500
vn 0.79335303 -0.00000233 0.60876183
vn 0.79335303 -0.00000233 0.60876183
vn 0.79335303 -0.00000233 0.60876183
f 4522/4522/4522 4523/4523/4523 4524/4524/4524
g vent_rim_21
usemtl parachute
v 0.522199452 0.360156250 0.477310235
v 0.524306797 0.357500000 0.475693203
v 0.529769625 0.357500000 0.482812500
v 0.527662283 0.360156250 0.484429515
vt 0.01562500 0.98437500
vt 0.48437500 0.98437500
vt 0.48437500 0.51562500
vt 0.01562500 0.51562500
vn -0.56098508 -0.70710737 0.43045895
vn -0.56098508 -0.70710737 0.43045895
vn -0.56098508 -0.70710737 0.43045895
vn -0.56098508 -0.70710737 0.43045895
f 4525/4525/4525 4526/4526/4526 4527/4527/4527
f 4525/4525/4525 4527/4527/4527 4528/4528/4528
v 0.524306797 0.357500000 0.475693203
v 0.526414140 0.360156250 0.474076188
v 0.531876970 0.360156250 0.481195485
v 0.529769625 0.357500000 0.482812500
vt 0.01562500 0.98437500
vt 0.48437500 0.98437500
vt 0.48437500 0.51562500
vt 0.01562500 0.51562500
vn 0.56098608 -0.70710611 -0.43045972
vn 0.56098608 -0.70710611 -0.43045972
vn 0.56098608 -0.70710611 -0.43045972
vn 0.56098608 -0.70710611 -0.43045972
f 4529/4529/4529 4530/4530/4530 4531/4531/4531
f 4529/4529/4529 4531/4531/4531 4532/4532/4532
v 0.526414140 0.360156250 0.474076188
v 0.524306797 0.362812500 0.475693203
v 0.529769625 0.362812500 0.482812500
v 0.531876970 0.360156250 0.481195485
vt 0.01562500 0.98437500
vt 0.48437500 0.98437500
vt 0.48437500 0.51562500
vt 0.01562500 0.51562500
vn 0.56098608 0.70710611 -0.43045972
vn 0.56098608 0.70710611 -0.43045972
vn 0.56098608 0.70710611 -0.43045972
vn 0.56098608 0.70710611 -0.43045972
f 4533/4533/4533 4534/4534/4534 4535/4535/4535
f 4533/4533/4533 4535/4535/4535 4536/4536/4536
v 0.524306797 0.362812500 0.475693203
v 0.522199452 0.360156250 0.477310235
v 0.527662283 0.360156250 0.484429515
v 0.529769625 0.362812500 0.482812500
vt 0.01562500 0.98437500
vt 0.48437500 0.98437500
vt 0.48437500 0.51562500
vt 0.01562500 0.51562500
vn -0.56098462 0.70710737 0.43045954
vn -0.56098462 0.70710737 0.43045954
vn -0.56098462 0.70710737 0.43045954
vn -0.56098462 0.70710737 0.43045954
f 4537/4537/4537 4538/4538/4538 4539/4539/4539
f 4537/4537/4537 4539/4539/4539 4540/4540/4540
v 0.526414140 0.360156250 0.474076188
v 0.524306797 0.357500000 0.475693203
v 0.522199452 0.360156250 0.477310235
vt 0.48437500 0.51562500
vt 0.48437500 0.98437500
vt 0.01562500 0.98437500
vn -0.60876183 0.00000233 -0.79335303
vn -0.60876183 0.00000233 -0.79335303
vn -0.60876183 0.00000233 -0.79335303
f 4541/4541/4541 4542/4542/4542 4543/4543/4543
v 0.524306797 0.362812500 0.475693203
v 0.526414140 0.360156250 0.474076188
v 0.522199452 0.360156250 0.477310235
vt 0.48437500 0.51562500
vt 0.48437500 0.98437500
vt 0.01562500 0.98437500
vn -0.60876183 -0.00000233 -0.79335303
vn -0.60876183 -0.00000233 -0.79335303
vn -0.60876183 -0.00000233 -0.79335303
f 4544/4544/4544 4545/4545/4545 4546/4546/4546
v 0.527662283 0.360156250 0.484429515
v 0.529769625 0.357500000 0.482812500
v 0.531876970 0.360156250 0.481195485
vt 0.01562500 0.98437500
vt 0.48437500 0.98437500
vt 0.48437500 0.51562500
vn 0.60875998 -0.00000000 0.79335445
vn 0.60875998 -0.00000000 0.79335445
vn 0.60875998 -0.00000000 0.79335445
f 4547/4547/4547 4548/4548/4548 4549/4549/4549
v 0.527662283 0.360156250 0.484429515
v 0.531876970 0.360156250 0.481195485
v 0.529769625 0.362812500 0.482812500
vt 0.01562500 0.98437500
vt 0.48437500 0.98437500
vt 0.48437500 0.51562500
vn 0.60875998 0.00000000 0.79335445
vn 0.60875998 0.00000000 0.79335445
vn 0.60875998 0.00000000 0.79335445
f 4550/4550/4550 4551/4551/4551 4552/4552/4552
g vent_rim_22
usemtl parachute
v 0.527315563 0.360156250 0.483829000
v 0.529769625 0.357500000 0.482812500
v 0.533203703 0.357500000 0.491103093
v 0.530749640 0.360156250 0.492119595
vt 0.01562500 0.98437500
vt 0.48437500 0.98437500
vt 0.48437500 0.51562500
vt 0.01562500 0.51562500
vn -0.65328072 -0.70710756 0.27059787
vn -0.65328072 -0.70710756 0.27059787
vn -0.65328072 -0.70710756 0.27059787
vn -0.65328072 -0.70710756 0.27059787
f 4553/4553/4553 4554/4554/4554 4555/4555/4555
f 4553/4553/4553 4555/4555/4555 4556/4556/4556
v 0.529769625 0.357500000 0.482812500
v 0.532223673 0.360156250 0.481796000
v 0.535657750 0.360156250 0.490086592
v 0.533203703 0.357500000 0.491103093
vt 0.01562500 0.98437500
vt 0.48437500 0.98437500
vt 0.48437500 0.51562500
vt 0.01562500 0.51562500
vn 0.65328249 -0.70710563 -0.27059861
vn 0.65328249 -0.70710563 -0.27059861
vn 0.65328249 -0.70710563 -0.27059861
vn 0.65328249 -0.70710563 -0.27059861
f 4557/4557/4557 4558/4558/4558 4559/4559/4559
f 4557/4557/4557 4559/4559/4559 4560/4560/4560
v 0.532223673 0.360156250 0.481796000
v 0.529769625 0.362812500 0.482812500
v 0.533203703 0.362812500 0.491103093
v 0.535657750 0.360156250 0.490086592
vt 0.01562500 0.98437500
vt 0.48437500 0.98437500
vt 0.48437500 0.51562500
vt 0.01562500 0.51562500
vn 0.65328249 0.70710563 -0.27059861
vn 0.65328249 0.70710563 -0.27059861
vn 0.65328249 0.70710563 -0.27059861
vn 0.65328249 0.70710563 -0.27059861
f 4561/4561/4561 4562/4562/4562 4563/4563/4563
f 4561/4561/4561 4563/4563/4563 4564/4564/4564
v 0.529769625 0.362812500 0.482812500
v 0.527315563 0.360156250 0.483829000
v 0.530749640 0.360156250 0.492119595
v 0.533203703 0.362812500 0.491103093
vt 0.01562500 0.98437500
vt 0.48437500 0.98437500
vt 0.48437500 0.51562500
vt 0.01562500 0.51562500
vn -0.65328072 0.70710756 0.27059787
vn -0.65328072 0.70710756 0.27059787
vn -0.65328072 0.70710756 0.27059787
vn -0.65328072 0.70710756 0.27059787
f 4565/4565/4565 4566/4566/4566 4567/4567/4567
f 4565/4565/4565 4567/4567/4567 4568/4568/4568
v 0.532223673 0.360156250 0.481796000
v 0.529769625 0.357500000 0.482812500
v 0.527315563 0.360156250 0.483829000
vt 0.48437500 0.51562500
vt 0.48437500 0.98437500
vt 0.01562500 0.98437500
vn -0.38268255 -0.00000113 -0.92387990
vn -0.38268255 -0.00000113 -0.92387990
vn -0.38268255 -0.00000113 -0.92387990
f 4569/4569/4569 4570/4570/4570 4571/4571/4571
v 0.529769625 0.362812500 0.482812500
v 0.532223673 0.360156250 0.481796000
v 0.527315563 0.360156250 0.483829000
vt 0.48437500 0.51562500
vt 0.48437500 0.98437500
vt 0.01562500 0.98437500
vn -0.38268255 0.00000113 -0.92387990
vn -0.38268255 0.00000113 -0.92387990
vn -0.38268255 0.00000113 -0.92387990
f 4572/4572/4572 4573/4573/4573 4574/4574/4574
v 0.530749640 0.360156250 0.492119595
v 0.533203703 0.357500000 0.491103093
v 0.535657750 0.360156250 0.490086592
vt 0.01562500 0.98437500
vt 0.48437500 0.98437500
vt 0.48437500 0.51562500
vn 0.38268255 0.00000113 0.92387990
vn 0.38268255 0.00000113 0.92387990
vn 0.38268255 0.00000113 0.92387990
f 4575/4575/4575 4576/4576/4576 4577/4577/4577
v 0.530749640 0.360156250 0.492119595
v 0.535657750 0.360156250 0.490086592
v 0.533203703 0.362812500 0.491103093
vt 0.01562500 0.98437500
vt 0.48437500 0.98437500
vt 0.48437500 0.51562500
vn 0.38268255 -0.00000113 0.92387990
vn 0.38268255 -0.00000113 0.92387990
vn 0.38268255 -0.00000113 0.92387990
f 4578/4578/4578 4579/4579/4579 4580/4580/4580
g vent_rim_23
usemtl parachute
v 0.530570173 0.360156250 0.491449812
v 0.533203703 0.357500000 0.491103093
v 0.534375000 0.357500000 0.500000000
v 0.531741470 0.360156250 0.500346703
vt 0.01562500 0.98437500
vt 0.48437500 0.98437500
vt 0.48437500 0.51562500
vt 0.01562500 0.51562500
vn -0.70105650 -0.70710770 0.09229560
vn -0.70105650 -0.70710770 0.09229560
vn -0.70105650 -0.70710770 0.09229560
vn -0.70105650 -0.70710770 0.09229560
f 4581/4581/4581 4582/4582/4582 4583/4583/4583
f 4581/4581/4581 4583/4583/4583 4584/4584/4584
v 0.533203703 0.357500000 0.491103093
v 0.535837220 0.360156250 0.490756390
v 0.537008533 0.360156250 0.499653297
v 0.534375000 0.357500000 0.500000000
vt 0.01562500 0.98437500
vt 0.48437500 0.98437500
vt 0.48437500 0.51562500
vt 0.01562500 0.51562500
vn 0.70105866 -0.70710537 -0.09229711
vn 0.70105866 -0.70710537 -0.09229711
vn 0.70105866 -0.70710537 -0.09229711
vn 0.70105866 -0.70710537 -0.09229711
f 4585/4585/4585 4586/4586/4586 4587/4587/4587
f 4585/4585/4585 4587/4587/4587 4588/4588/4588
v 0.535837220 0.360156250 0.490756390
v 0.533203703 0.362812500 0.491103093
v 0.534375000 0.362812500 0.500000000
v 0.537008533 0.360156250 0.499653297
vt 0.01562500 0.98437500
vt 0.48437500 0.98437500
vt 0.48437500 0.51562500
vt 0.01562500 0.51562500
vn 0.70105882 0.70710537 -0.09229590
vn 0.70105882 0.70710537 -0.09229590
vn 0.70105882 0.70710537 -0.09229590
vn 0.70105882 0.70710537 -0.09229590
f 4589/4589/4589 4590/4590/4590 4591/4591/4591
f 4589/4589/4589 4591/4591/4591 4592/4592/4592
v 0.533203703 0.362812500 0.491103093
v 0.530570173 0.360156250 0.491449812
v 0.531741470 0.360156250 0.500346703
v 0.534375000 0.362812500 0.500000000
vt 0.01562500 0.98437500
vt 0.48437500 0.98437500
vt 0.48437500 0.51562500
vt 0.01562500 0.51562500
vn -0.70105648 0.70710770 0.09229576
vn -0.70105648 0.70710770 0.09229576
vn -0.70105648 0.70710770 0.09229576
vn -0.70105648 0.70710770 0.09229576
f 4593/4593/4593 4594/4594/4594 4595/4595/4595
f 4593/4593/4593 4595/4595/4595 4596/4596/4596
v 0.535837220 0.360156250 0.490756390
v 0.533203703 0.357500000 0.491103093
v 0.530570173 0.360156250 0.491449812
vt 0.48437500 0.51562500
vt 0.48437500 0.98437500
vt 0.01562500 0.98437500
vn -0.13052656 0.00000253 -0.99144481
vn -0.13052656 0.00000253 -0.99144481
vn -0.13052656 0.00000253 -0.99144481
f 4597/4597/4597 4598/4598/4598 4599/4599/4599
v 0.533203703 0.362812500 0.491103093
v 0.535837220 0.360156250 0.490756390
v 0.530570173 0.360156250 0.491449812
vt 0.48437500 0.51562500
vt 0.48437500 0.98437500
vt 0.01562500 0.98437500
vn -0.13052656 -0.00000253 -0.99144481
vn -0.13052656 -0.00000253 -0.99144481
vn -0.13052656 -0.00000253 -0.99144481
f 4600/4600/4600 4601/4601/4601 4602/4602/4602
v 0.531741470 0.360156250 0.500346703
v 0.534375000 0.357500000 0.500000000
v 0.537008533 0.360156250 0.499653297
vt 0.01562500 0.98437500
vt 0.48437500 0.98437500
vt 0.48437500 0.51562500
vn 0.13052329 0.00000000 0.99144524
vn 0.13052329 0.00000000 0.99144524
vn 0.13052329 0.00000000 0.99144524
f 4603/4603/4603 4604/4604/4604 4605/4605/4605
v 0.531741470 0.360156250 0.500346703
v 0.537008533 0.360156250 0.499653297
v 0.534375000 0.362812500 0.500000000
vt 0.01562500 0.98437500
vt 0.48437500 0.98437500
vt 0.48437500 0.51562500
vn 0.13052329 -0.00000000 0.99144524
vn 0.13052329 -0.00000000 0.99144524
vn 0.13052329 -0.00000000 0.99144524
f 4606/4606/4606 4607/4607/4607 4608/4608/4608
g skirt_rim_00
usemtl parachute
v 0.966116470 0.000781250 0.499653297
v 0.968750000 -0.001875000 0.500000000
v 0.952777735 -0.001875000 0.621321422
v 0.950144202 0.000781250 0.620974717
vt 0.01562500 0.98437500
vt 0.48437500 0.98437500
vt 0.48437500 0.51562500
vt 0.01562500 0.51562500
vn -0.70105674 -0.70710743 -0.09229586
vn -0.70105674 -0.70710743 -0.09229586
vn -0.70105674 -0.70710743 -0.09229586
vn -0.70105674 -0.70710743 -0.09229586
f 4609/4609/4609 4610/4610/4610 4611/4611/4611
f 4609/4609/4609 4611/4611/4611 4612/4612/4612
v 0.968750000 -0.001875000 0.500000000
v 0.971383530 0.000781250 0.500346703
v 0.955411250 0.000781250 0.621668140
v 0.952777735 -0.001875000 0.621321422
vt 0.01562500 0.98437500
vt 0.48437500 0.98437500
vt 0.48437500 0.51562500
vt 0.01562500 0.51562500
vn 0.70105673 -0.70710743 0.09229593
vn 0.70105673 -0.70710743 0.09229593
vn 0.70105673 -0.70710743 0.09229593
vn 0.70105673 -0.70710743 0.09229593
f 4613/4613/4613 4614/4614/4614 4615/4615/4615
f 4613/4613/4613 4615/4615/4615 4616/4616/4616
v 0.971383530 0.000781250 0.500346703
v 0.968750000 0.003437500 0.500000000
v 0.952777735 0.003437500 0.621321422
v 0.955411250 0.000781250 0.621668140
vt 0.01562500 0.98437500
vt 0.48437500 0.98437500
vt 0.48437500 0.51562500
vt 0.01562500 0.51562500
vn 0.70105674 0.70710743 0.09229586
vn 0.70105674 0.70710743 0.09229586
vn 0.70105674 0.70710743 0.09229586
vn 0.70105674 0.70710743 0.09229586
f 4617/4617/4617 4618/4618/4618 4619/4619/4619
f 4617/4617/4617 4619/4619/4619 4620/4620/4620
v 0.968750000 0.003437500 0.500000000
v 0.966116470 0.000781250 0.499653297
v 0.950144202 0.000781250 0.620974717
v 0.952777735 0.003437500 0.621321422
vt 0.01562500 0.98437500
vt 0.48437500 0.98437500
vt 0.48437500 0.51562500
vt 0.01562500 0.51562500
vn -0.70105674 0.70710743 -0.09229586
vn -0.70105674 0.70710743 -0.09229586
vn -0.70105674 0.70710743 -0.09229586
vn -0.70105674 0.70710743 -0.09229586
f 4621/4621/4621 4622/4622/4622 4623/4623/4623
f 4621/4621/4621 4623/4623/4623 4624/4624/4624
v 0.971383530 0.000781250 0.500346703
v 0.968750000 -0.001875000 0.500000000
v 0.966116470 0.000781250 0.499653297
vt 0.48437500 0.51562500
vt 0.48437500 0.98437500
vt 0.01562500 0.98437500
vn 0.13052329 -0.00000000 -0.99144524
vn 0.13052329 -0.00000000 -0.99144524
vn 0.13052329 -0.00000000 -0.99144524
f 4625/4625/4625 4626/4626/4626 4627/4627/4627
v 0.968750000 0.003437500 0.500000000
v 0.971383530 0.000781250 0.500346703
v 0.966116470 0.000781250 0.499653297
vt 0.48437500 0.51562500
vt 0.48437500 0.98437500
vt 0.01562500 0.98437500
vn 0.13052329 0.00000000 -0.99144524
vn 0.13052329 0.00000000 -0.99144524
vn 0.13052329 0.00000000 -0.99144524
f 4628/4628/4628 4629/4629/4629 4630/4630/4630
v 0.950144202 0.000781250 0.620974717
v 0.952777735 -0.001875000 0.621321422
v 0.955411250 0.000781250 0.621668140
vt 0.01562500 0.98437500
vt 0.48437500 0.98437500
vt 0.48437500 0.51562500
vn -0.13052656 -0.00000330 0.99144481
vn -0.13052656 -0.00000330 0.99144481
vn -0.13052656 -0.00000330 0.99144481
f 4631/4631/4631 4632/4632/4632 4633/4633/4633
v 0.950144202 0.000781250 0.620974717
v 0.955411250 0.000781250 0.621668140
v 0.952777735 0.003437500 0.621321422
vt 0.01562500 0.98437500
vt 0.48437500 0.98437500
vt 0.48437500 0.51562500
vn -0.13052656 0.00000330 0.99144481
vn -0.13052656 0.00000330 0.99144481
vn -0.13052656 0.00000330 0.99144481
f 4634/4634/4634 4635/4635/4635 4636/4636/4636
g skirt_rim_01
usemtl parachute
v 0.950323672 0.000781250 0.620304923
v 0.952777735 -0.001875000 0.621321422
v 0.905949405 -0.001875000 0.734375000
v 0.903495360 0.000781250 0.733358500
vt 0.01562500 0.98437500
vt 0.48437500 0.98437500
vt 0.48437500 0.51562500
vt 0.01562500 0.51562500
vn -0.65328076 -0.70710756 -0.27059777
vn -0.65328076 -0.70710756 -0.27059777
vn -0.65328076 -0.70710756 -0.27059777
vn -0.65328076 -0.70710756 -0.27059777
f 4637/4637/4637 4638/4638/4638 4639/4639/4639
f 4637/4637/4637 4639/4639/4639 4640/4640/4640
v 0.952777735 -0.001875000 0.621321422
v 0.955231780 0.000781250 0.622337937
v 0.908403468 0.000781250 0.735391500
v 0.905949405 -0.001875000 0.734375000
vt 0.01562500 0.98437500
vt 0.48437500 0.98437500
vt 0.48437500 0.51562500
vt 0.01562500 0.51562500
vn 0.65328182 -0.70710643 0.27059815
vn 0.65328182 -0.70710643 0.27059815
vn 0.65328182 -0.70710643 0.27059815
vn 0.65328182 -0.70710643 0.27059815
f 4641/4641/4641 4642/4642/4642 4643/4643/4643
f 4641/4641/4641 4643/4643/4643 4644/4644/4644
v 0.955231780 0.000781250 0.622337937
v 0.952777735 0.003437500 0.621321422
v 0.905949405 0.003437500 0.734375000
v 0.908403468 0.000781250 0.735391500
vt 0.01562500 0.98437500
vt 0.48437500 0.98437500
vt 0.48437500 0.51562500
vt 0.01562500 0.51562500
vn 0.65328180 0.70710643 0.27059820
vn 0.65328180 0.70710643 0.27059820
vn 0.65328180 0.70710643 0.27059820
vn 0.65328180 0.70710643 0.27059820
f 4645/4645/4645 4646/4646/4646 4647/4647/4647
f 4645/4645/4645 4647/4647/4647 4648/4648/4648
v 0.952777735 0.003437500 0.621321422
v 0.950323672 0.000781250 0.620304923
v 0.903495360 0.000781250 0.733358500
v 0.905949405 0.003437500 0.734375000
vt 0.01562500 0.98437500
vt 0.48437500 0.98437500
vt 0.48437500 0.51562500
vt 0.01562500 0.51562500
vn -0.65328079 0.70710756 -0.27059769
vn -0.65328079 0.70710756 -0.27059769
vn -0.65328079 0.70710756 -0.27059769
vn -0.65328079 0.70710756 -0.27059769
f 4649/4649/4649 4650/4650/4650 4651/4651/4651
f 4649/4649/4649 4651/4651/4651 4652/4652/4652
v 0.955231780 0.000781250 0.622337937
v 0.952777735 -0.001875000 0.621321422
v 0.950323672 0.000781250 0.620304923
vt 0.48437500 0.51562500
vt 0.48437500 0.98437500
vt 0.01562500 0.98437500
vn 0.38268506 0.00000384 -0.92387886
vn 0.38268506 0.00000384 -0.92387886
vn 0.38268506 0.00000384 -0.92387886
f 4653/4653/4653 4654/4654/4654 4655/4655/4655
v 0.952777735 0.003437500 0.621321422
v 0.955231780 0.000781250 0.622337937
v 0.950323672 0.000781250 0.620304923
vt 0.48437500 0.51562500
vt 0.48437500 0.98437500
vt 0.01562500 0.98437500
vn 0.38268506 -0.00000384 -0.92387886
vn 0.38268506 -0.00000384 -0.92387886
vn 0.38268506 -0.00000384 -0.92387886
f 4656/4656/4656 4657/4657/4657 4658/4658/4658
v 0.903495360 0.000781250 0.733358500
v 0.905949405 -0.001875000 0.734375000
v 0.908403468 0.000781250 0.735391500
vt 0.01562500 0.98437500
vt 0.48437500 0.98437500
vt 0.48437500 0.51562500
vn -0.38268255 0.00000113 0.92387990
vn -0.38268255 0.00000113 0.92387990
vn -0.38268255 0.00000113 0.92387990
f 4659/4659/4659 4660/4660/4660 4661/4661/4661
v 0.903495360 0.000781250 0.733358500
v 0.908403468 0.000781250 0.735391500
v 0.905949405 0.003437500 0.734375000
vt 0.01562500 0.98437500
vt 0.48437500 0.98437500
vt 0.48437500 0.51562500
vn -0.38268255 -0.00000113 0.92387990
vn -0.38268255 -0.00000113 0.92387990
vn -0.38268255 -0.00000113 0.92387990
f 4662/4662/4662 4663/4663/4663 4664/4664/4664
g skirt_rim_02
usemtl parachute
v 0.903842062 0.000781250 0.732757985
v 0.905949405 -0.001875000 0.734375000
v 0.831456297 -0.001875000 0.831456297
v 0.829348952 0.000781250 0.829839283
vt 0.01562500 0.98437500
vt 0.48437500 0.98437500
vt 0.48437500 0.51562500
vt 0.01562500 0.51562500
vn -0.56098603 -0.70710611 -0.43045978
vn -0.56098603 -0.70710611 -0.43045978
vn -0.56098603 -0.70710611 -0.43045978
vn -0.56098603 -0.70710611 -0.43045978
f 4665/4665/4665 4666/4666/4666 4667/4667/4667
f 4665/4665/4665 4667/4667/4667 4668/4668/4668
v 0.905949405 -0.001875000 0.734375000
v 0.908056750 0.000781250 0.735992015
v 0.833563658 0.000781250 0.833073327
v 0.831456297 -0.001875000 0.831456297
vt 0.01562500 0.98437500
vt 0.48437500 0.98437500
vt 0.48437500 0.51562500
vt 0.01562500 0.51562500
vn 0.56098611 -0.70710611 0.43045968
vn 0.56098611 -0.70710611 0.43045968
vn 0.56098611 -0.70710611 0.43045968
vn 0.56098611 -0.70710611 0.43045968
f 4669/4669/4669 4670/4670/4670 4671/4671/4671
f 4669/4669/4669 4671/4671/4671 4672/4672/4672
v 0.908056750 0.000781250 0.735992015
v 0.905949405 0.003437500 0.734375000
v 0.831456297 0.003437500 0.831456297
v 0.833563658 0.000781250 0.833073327
vt 0.01562500 0.98437500
vt 0.48437500 0.98437500
vt 0.48437500 0.51562500
vt 0.01562500 0.51562500
vn 0.56098603 0.70710611 0.43045978
vn 0.56098603 0.70710611 0.43045978
vn 0.56098603 0.70710611 0.43045978
vn 0.56098603 0.70710611 0.43045978
f 4673/4673/4673 4674/4674/4674 4675/4675/4675
f 4673/4673/4673 4675/4675/4675 4676/4676/4676
v 0.905949405 0.003437500 0.734375000
v 0.903842062 0.000781250 0.732757985
v 0.829348952 0.000781250 0.829839283
v 0.831456297 0.003437500 0.831456297
vt 0.01562500 0.98437500
vt 0.48437500 0.98437500
vt 0.48437500 0.51562500
vt 0.01562500 0.51562500
vn -0.56098603 0.70710611 -0.43045978
vn -0.56098603 0.70710611 -0.43045978
vn -0.56098603 0.70710611 -0.43045978
vn -0.56098603 0.70710611 -0.43045978
f 4677/4677/4677 4678/4678/4678 4679/4679/4679
f 4677/4677/4677 4679/4679/4679 4680/4680/4680
v 0.908056750 0.000781250 0.735992015
v 0.905949405 -0.001875000 0.734375000
v 0.903842062 0.000781250 0.732757985
vt 0.48437500 0.51562500
vt 0.48437500 0.98437500
vt 0.01562500 0.98437500
vn 0.60875998 0.00000000 -0.79335445
vn 0.60875998 0.00000000 -0.79335445
vn 0.60875998 0.00000000 -0.79335445
f 4681/4681/4681 4682/4682/4682 4683/4683/4683
v 0.905949405 0.003437500 0.734375000
v 0.908056750 0.000781250 0.735992015
v 0.903842062 0.000781250 0.732757985
vt 0.48437500 0.51562500
vt 0.48437500 0.98437500
vt 0.01562500 0.98437500
vn 0.60875998 0.00000000 -0.79335445
vn 0.60875998 0.00000000 -0.79335445
vn 0.60875998 0.00000000 -0.79335445
f 4684/4684/4684 4685/4685/4685 4686/4686/4686
v 0.829348952 0.000781250 0.829839283
v 0.831456297 -0.001875000 0.831456297
v 0.833563658 0.000781250 0.833073327
vt 0.01562500 0.98437500
vt 0.48437500 0.98437500
vt 0.48437500 0.51562500
vn -0.60876041 -0.00000054 0.79335412
vn -0.60876041 -0.00000054 0.79335412
vn -0.60876041 -0.00000054 0.79335412
f 4687/4687/4687 4688/4688/4688 4689/4689/4689
v 0.829348952 0.000781250 0.829839283
v 0.833563658 0.000781250 0.833073327
v 0.831456297 0.003437500 0.831456297
vt 0.01562500 0.98437500
vt 0.48437500 0.98437500
vt 0.48437500 0.51562500
vn -0.60876041 0.00000054 0.79335412
vn -0.60876041 0.00000054 0.79335412
vn -0.60876041 0.00000054 0.79335412
f 4690/4690/4690 4691/4691/4691 4692/4692/4692
g skirt_rim_03
usemtl parachute
v 0.829839283 0.000781250 0.829348952
v 0.831456297 -0.001875000 0.831456297
v 0.734375000 -0.001875000 0.905949405
v 0.732757985 0.000781250 0.903842062
vt 0.01562500 0.98437500
vt 0.48437500 0.98437500
vt 0.48437500 0.51562500
vt 0.01562500 0.51562500
vn -0.43045978 -0.70710611 -0.56098603
vn -0.43045978 -0.70710611 -0.56098603
vn -0.43045978 -0.70710611 -0.56098603
vn -0.43045978 -0.70710611 -0.56098603
f 4693/4693/4693 4694/4694/4694 4695/4695/4695
f 4693/4693/4693 4695/4695/4695 4696/4696/4696
v 0.831456297 -0.001875000 0.831456297
v 0.833073327 0.000781250 0.833563658
v 0.735992015 0.000781250 0.908056750
v 0.734375000 -0.001875000 0.905949405
vt 0.01562500 0.98437500
vt 0.48437500 0.98437500
vt 0.48437500 0.51562500
vt 0.01562500 0.51562500
vn 0.43045791 -0.70710902 0.56098380
vn 0.43045791 -0.70710902 0.56098380
vn 0.43045791 -0.70710902 0.56098380
vn 0.43045791 -0.70710902 0.56098380
f 4697/4697/4697 4698/4698/4698 4699/4699/4699
f 4697/4697/4697 4699/4699/4699 4700/4700/4700
v 0.833073327 0.000781250 0.833563658
v 0.831456297 0.003437500 0.831456297
v 0.734375000 0.003437500 0.905949405
v 0.735992015 0.000781250 0.908056750
vt 0.01562500 0.98437500
vt 0.48437500 0.98437500
vt 0.48437500 0.51562500
vt 0.01562500 0.51562500
vn 0.43045801 0.70710902 0.56098372
vn 0.43045801 0.70710902 0.56098372
vn 0.43045801 0.70710902 0.56098372
vn 0.43045801 0.70710902 0.56098372
f 4701/4701/4701 4702/4702/4702 4703/4703/4703
f 4701/4701/4701 4703/4703/4703 4704/4704/4704
v 0.831456297 0.003437500 0.831456297
v 0.829839283 0.000781250 0.829348952
v 0.732757985 0.000781250 0.903842062
v 0.734375000 0.003437500 0.905949405
vt 0.01562500 0.98437500
vt 0.48437500 0.98437500
vt 0.48437500 0.51562500
vt 0.01562500 0.51562500
vn -0.43045978 0.70710611 -0.56098603
vn -0.43045978 0.70710611 -0.56098603
vn -0.43045978 0.70710611 -0.56098603
vn -0.43045978 0.70710611 -0.56098603
f 4705/4705/4705 4706/4706/4706 4707/4707/4707
f 4705/4705/4705 4707/4707/4707 4708/4708/4708
v 0.833073327 0.000781250 0.833563658
v 0.831456297 -0.001875000 0.831456297
v 0.829839283 0.000781250 0.829348952
vt 0.48437500 0.51562500
vt 0.48437500 0.98437500
vt 0.01562500 0.98437500
vn 0.79335412 -0.00000054 -0.60876041
vn 0.79335412 -0.00000054 -0.60876041
vn 0.79335412 -0.00000054 -0.60876041
f 4709/4709/4709 4710/4710/4710 4711/4711/4711
v 0.831456297 0.003437500 0.831456297
v 0.833073327 0.000781250 0.833563658
v 0.829839283 0.000781250 0.829348952
vt 0.48437500 0.51562500
vt 0.48437500 0.98437500
vt 0.01562500 0.98437500
vn 0.79335412 0.00000054 -0.60876041
vn 0.79335412 0.00000054 -0.60876041
vn 0.79335412 0.00000054 -0.60876041
f 4712/4712/4712 4713/4713/4713 4714/4714/4714
v 0.732757985 0.000781250 0.903842062
v 0.734375000 -0.001875000 0.905949405
v 0.735992015 0.000781250 0.908056750
vt 0.01562500 0.98437500
vt 0.48437500 0.98437500
vt 0.48437500 0.51562500
vn -0.79335445 0.00000000 0.60875998
vn -0.79335445 0.00000000 0.60875998
vn -0.79335445 0.00000000 0.60875998
f 4715/4715/4715 4716/4716/4716 4717/4717/4717
v 0.732757985 0.000781250 0.903842062
v 0.735992015 0.000781250 0.908056750
v 0.734375000 0.003437500 0.905949405
vt 0.01562500 0.98437500
vt 0.48437500 0.98437500
vt 0.48437500 0.51562500
vn -0.79335445 0.00000000 0.60875998
vn -0.79335445 0.00000000 0.60875998
vn -0.79335445 0.00000000 0.60875998
f 4718/4718/4718 4719/4719/4719 4720/4720/4720
g skirt_rim_04
usemtl parachute
v 0.733358500 0.000781250 0.903495360
v 0.734375000 -0.001875000 0.905949405
v 0.621321422 -0.001875000 0.952777735
v 0.620304923 0.000781250 0.950323672
vt 0.01562500 0.98437500
vt 0.48437500 0.98437500
vt 0.48437500 0.51562500
vt 0.01562500 0.51562500
vn -0.27059850 -0.70710563 -0.65328254
vn -0.27059850 -0.70710563 -0.65328254
vn -0.27059850 -0.70710563 -0.65328254
vn -0.27059850 -0.70710563 -0.65328254
f 4721/4721/4721 4722/4722/4722 4723/4723/4723
f 4721/4721/4721 4723/4723/4723 4724/4724/4724
v 0.734375000 -0.001875000 0.905949405
v 0.735391500 0.000781250 0.908403468
v 0.622337937 0.000781250 0.955231780
v 0.621321422 -0.001875000 0.952777735
vt 0.01562500 0.98437500
vt 0.48437500 0.98437500
vt 0.48437500 0.51562500
vt 0.01562500 0.51562500
vn 0.27059772 -0.70710756 0.65328078
vn 0.27059772 -0.70710756 0.65328078
vn 0.27059772 -0.70710756 0.65328078
vn 0.27059772 -0.70710756 0.65328078
f 4725/4725/4725 4726/4726/4726 4727/4727/4727
f 4725/4725/4725 4727/4727/4727 4728/4728/4728
v 0.735391500 0.000781250 0.908403468
v 0.734375000 0.003437500 0.905949405
v 0.621321422 0.003437500 0.952777735
v 0.622337937 0.000781250 0.955231780
vt 0.01562500 0.98437500
vt 0.48437500 0.98437500
vt 0.48437500 0.51562500
vt 0.01562500 0.51562500
vn 0.27059777 0.70710756 0.65328076
vn 0.27059777 0.70710756 0.65328076
vn 0.27059777 0.70710756 0.65328076
vn 0.27059777 0.70710756 0.65328076
f 4729/4729/4729 4730/4730/4730 4731/4731/4731
f 4729/4729/4729 4731/4731/4731 4732/4732/4732
v 0.734375000 0.003437500 0.905949405
v 0.733358500 0.000781250 0.903495360
v 0.620304923 0.000781250 0.950323672
v 0.621321422 0.003437500 0.952777735
vt 0.01562500 0.98437500
vt 0.48437500 0.98437500
vt 0.48437500 0.51562500
vt 0.01562500 0.51562500
vn -0.27059843 0.70710563 -0.65328257
vn -0.27059843 0.70710563 -0.65328257
vn -0.27059843 0.70710563 -0.65328257
vn -0.27059843 0.70710563 -0.65328257
f 4733/4733/4733 4734/4734/4734 4735/4735/4735
f 4733/4733/4733 4735/4735/4735 4736/4736/4736
v 0.735391500 0.000781250 0.908403468
v 0.734375000 -0.001875000 0.905949405
v 0.733358500 0.000781250 0.903495360
vt 0.48437500 0.51562500
vt 0.48437500 0.98437500
vt 0.01562500 0.98437500
vn 0.92387990 0.00000113 -0.38268255
vn 0.92387990 0.00000113 -0.38268255
vn 0.92387990 0.00000113 -0.38268255
f 4737/4737/4737 4738/4738/4738 4739/4739/4739
v 0.734375000 0.003437500 0.905949405
v 0.735391500 0.000781250 0.908403468
v 0.733358500 0.000781250 0.903495360
vt 0.48437500 0.51562500
vt 0.48437500 0.98437500
vt 0.01562500 0.98437500
vn 0.92387990 -0.00000113 -0.38268255
vn 0.92387990 -0.00000113 -0.38268255
vn 0.92387990 -0.00000113 -0.38268255
f 4740/4740/4740 4741/4741/4741 4742/4742/4742
v 0.620304923 0.000781250 0.950323672
v 0.621321422 -0.001875000 0.952777735
v 0.622337937 0.000781250 0.955231780
vt 0.01562500 0.98437500
vt 0.48437500 0.98437500
vt 0.48437500 0.51562500
vn -0.92387886 0.00000384 0.38268506
vn -0.92387886 0.00000384 0.38268506
vn -0.92387886 0.00000384 0.38268506
f 4743/4743/4743 4744/4744/4744 4745/4745/4745
v 0.620304923 0.000781250 0.950323672
v 0.622337937 0.000781250 0.955231780
v 0.621321422 0.003437500 0.952777735
vt 0.01562500 0.98437500
vt 0.48437500 0.98437500
vt 0.48437500 0.51562500
vn -0.92387886 -0.00000384 0.38268506
vn -0.92387886 -0.00000384 0.38268506
vn -0.92387886 -0.00000384 0.38268506
f 4746/4746/4746 4747/4747/4747 4748/4748/4748
g skirt_rim_05
usemtl parachute
v 0.620974717 0.000781250 0.950144202
v 0.621321422 -0.001875000 0.952777735
v 0.500000000 -0.001875000 0.968750000
v 0.499653297 0.000781250 0.966116470
vt 0.01562500 0.98437500
vt 0.48437500 0.98437500
vt 0.48437500 0.51562500
vt 0.01562500 0.51562500
vn -0.09229586 -0.70710743 -0.70105674
vn -0.09229586 -0.70710743 -0.70105674
vn -0.09229586 -0.70710743 -0.70105674
vn -0.09229586 -0.70710743 -0.70105674
f 4749/4749/4749 4750/4750/4750 4751/4751/4751
f 4749/4749/4749 4751/4751/4751 4752/4752/4752
v 0.621321422 -0.001875000 0.952777735
v 0.621668140 0.000781250 0.955411250
v 0.500346703 0.000781250 0.971383530
v 0.500000000 -0.001875000 0.968750000
vt 0.01562500 0.98437500
vt 0.48437500 0.98437500
vt 0.48437500 0.51562500
vt 0.01562500 0.51562500
vn 0.09229617 -0.70710564 0.70105851
vn 0.09229617 -0.70710564 0.70105851
vn 0.09229617 -0.70710564 0.70105851
vn 0.09229617 -0.70710564 0.70105851
f 4753/4753/4753 4754/4754/4754 4755/4755/4755
f 4753/4753/4753 4755/4755/4755 4756/4756/4756
v 0.621668140 0.000781250 0.955411250
v 0.621321422 0.003437500 0.952777735
v 0.500000000 0.003437500 0.968750000
v 0.500346703 0.000781250 0.971383530
vt 0.01562500 0.98437500
vt 0.48437500 0.98437500
vt 0.48437500 0.51562500
vt 0.01562500 0.51562500
vn 0.09229609 0.70710564 0.70105852
vn 0.09229609 0.70710564 0.70105852
vn 0.09229609 0.70710564 0.70105852
vn 0.09229609 0.70710564 0.70105852
f 4757/4757/4757 4758/4758/4758 4759/4759/4759
f 4757/4757/4757 4759/4759/4759 4760/4760/4760
v 0.621321422 0.003437500 0.952777735
v 0.620974717 0.000781250 0.950144202
v 0.499653297 0.000781250 0.966116470
v 0.500000000 0.003437500 0.968750000
vt 0.01562500 0.98437500
vt 0.48437500 0.98437500
vt 0.48437500 0.51562500
vt 0.01562500 0.51562500
vn -0.09229586 0.70710743 -0.70105674
vn -0.09229586 0.70710743 -0.70105674
vn -0.09229586 0.70710743 -0.70105674
vn -0.09229586 0.70710743 -0.70105674
f 4761/4761/4761 4762/4762/4762 4763/4763/4763
f 4761/4761/4761 4763/4763/4763 4764/4764/4764
v 0.621668140 0.000781250 0.955411250
v 0.621321422 -0.001875000 0.952777735
v 0.620974717 0.000781250 0.950144202
vt 0.48437500 0.51562500
vt 0.48437500 0.98437500
vt 0.01562500 0.98437500
vn 0.99144481 -0.00000330 -0.13052656
vn 0.99144481 -0.00000330 -0.13052656
vn 0.99144481 -0.00000330 -0.13052656
f 4765/4765/4765 4766/4766/4766 4767/4767/4767
v 0.621321422 0.003437500 0.952777735
v 0.621668140 0.000781250 0.955411250
v 0.620974717 0.000781250 0.950144202
vt 0.48437500 0.51562500
vt 0.48437500 0.98437500
vt 0.01562500 0.98437500
vn 0.99144481 0.00000330 -0.13052656
vn 0.99144481 0.00000330 -0.13052656
vn 0.99144481 0.00000330 -0.13052656
f 4768/4768/4768 4769/4769/4769 4770/4770/4770
v 0.499653297 0.000781250 0.966116470
v 0.500000000 -0.001875000 0.968750000
v 0.500346703 0.000781250 0.971383530
vt 0.01562500 0.98437500
vt 0.48437500 0.98437500
vt 0.48437500 0.51562500
vn -0.99144524 -0.00000000 0.13052329
vn -0.99144524 -0.00000000 0.13052329
vn -0.99144524 -0.00000000 0.13052329
f 4771/4771/4771 4772/4772/4772 4773/4773/4773
v 0.499653297 0.000781250 0.966116470
v 0.500346703 0.000781250 0.971383530
v 0.500000000 0.003437500 0.968750000
vt 0.01562500 0.98437500
vt 0.48437500 0.98437500
vt 0.48437500 0.51562500
vn -0.99144524 0.00000000 0.13052329
vn -0.99144524 0.00000000 0.13052329
vn -0.99144524 0.00000000 0.13052329
f 4774/4774/4774 4775/4775/4775 4776/4776/4776
g skirt_rim_06
usemtl parachute
v 0.500346703 0.000781250 0.966116470
v 0.500000000 -0.001875000 0.968750000
v 0.378678578 -0.001875000 0.952777735
v 0.379025280 0.000781250 0.950144202
vt 0.01562500 0.98437500
vt 0.48437500 0.98437500
vt 0.48437500 0.51562500
vt 0.01562500 0.51562500
vn 0.09229586 -0.70710743 -0.70105674
vn 0.09229586 -0.70710743 -0.70105674
vn 0.09229586 -0.70710743 -0.70105674
vn 0.09229586 -0.70710743 -0.70105674
f 4777/4777/4777 4778/4778/4778 4779/4779/4779
f 4777/4777/4777 4779/4779/4779 4780/4780/4780
v 0.500000000 -0.001875000 0.968750000
v 0.499653297 0.000781250 0.971383530
v 0.378331860 0.000781250 0.955411250
v 0.378678578 -0.001875000 0.952777735
vt 0.01562500 0.98437500
vt 0.48437500 0.98437500
vt 0.48437500 0.51562500
vt 0.01562500 0.51562500
vn -0.09229593 -0.70710743 0.70105673
vn -0.09229593 -0.70710743 0.70105673
vn -0.09229593 -0.70710743 0.70105673
vn -0.09229593 -0.70710743 0.70105673
f 4781/4781/4781 4782/4782/4782 4783/4783/4783
f 4781/4781/4781 4783/4783/4783 4784/4784/4784
v 0.499653297 0.000781250 0.971383530
v 0.500000000 0.003437500 0.968750000
v 0.378678578 0.003437500 0.952777735
v 0.378331860 0.000781250 0.955411250
vt 0.01562500 0.98437500
vt 0.48437500 0.98437500
vt 0.48437500 0.51562500
vt 0.01562500 0.51562500
vn -0.09229586 0.70710743 0.70105674
vn -0.09229586 0.70710743 0.70105674
vn -0.09229586 0.70710743 0.70105674
vn -0.09229586 0.70710743 0.70105674
f 4785/4785/4785 4786/4786/4786 4787/4787/4787
f 4785/4785/4785 4787/4787/4787 4788/4788/4788
v 0.500000000 0.003437500 0.968750000
v 0.500346703 0.000781250 0.966116470
v 0.379025280 0.000781250 0.950144202
v 0.378678578 0.003437500 0.952777735
vt 0.01562500 0.98437500
vt 0.48437500 0.98437500
vt 0.48437500 0.51562500
vt 0.01562500 0.51562500
vn 0.09229586 0.70710743 -0.70105674
vn 0.09229586 0.70710743 -0.70105674
vn 0.09229586 0.70710743 -0.70105674
vn 0.09229586 0.70710743 -0.70105674
f 4789/4789/4789 4790/4790/4790 4791/4791/4791
f 4789/4789/4789 4791/4791/4791 4792/4792/4792
v 0.499653297 0.000781250 0.971383530
v 0.500000000 -0.001875000 0.968750000
v 0.500346703 0.000781250 0.966116470
vt 0.48437500 0.51562500
vt 0.48437500 0.98437500
vt 0.01562500 0.98437500
vn 0.99144524 0.00000000 0.13052329
vn 0.99144524 0.00000000 0.13052329
vn 0.99144524 0.00000000 0.13052329
f 4793/4793/4793 4794/4794/4794 4795/4795/4795
v 0.500000000 0.003437500 0.968750000
v 0.499653297 0.000781250 0.971383530
v 0.500346703 0.000781250 0.966116470
vt 0.48437500 0.51562500
vt 0.48437500 0.98437500
vt 0.01562500 0.98437500
vn 0.99144524 -0.00000000 0.13052329
vn 0.99144524 -0.00000000 0.13052329
vn 0.99144524 -0.00000000 0.13052329
f 4796/4796/4796 4797/4797/4797 4798/4798/4798
v 0.379025280 0.000781250 0.950144202
v 0.378678578 -0.001875000 0.952777735
v 0.378331860 0.000781250 0.955411250
vt 0.01562500 0.98437500
vt 0.48437500 0.98437500
vt 0.48437500 0.51562500
vn -0.99144481 -0.00000330 -0.13052656
vn -0.99144481 -0.00000330 -0.13052656
vn -0.99144481 -0.00000330 -0.13052656
f 4799/4799/4799 4800/4800/4800 4801/4801/4801
v 0.379025280 0.000781250 0.950144202
v 0.378331860 0.000781250 0.955411250
v 0.378678578 0.003437500 0.952777735
vt 0.01562500 0.98437500
vt 0.48437500 0.98437500
vt 0.48437500 0.51562500
vn -0.99144481 0.00000330 -0.13052656
vn -0.99144481 0.00000330 -0.13052656
vn -0.99144481 0.00000330 -0.13052656
f 4802/4802/4802 4803/4803/4803 4804/4804/4804
g skirt_rim_07
usemtl parachute
v 0.379695077 0.000781250 0.950323672
v 0.378678578 -0.001875000 0.952777735
v 0.265625000 -0.001875000 0.905949405
v 0.266641500 0.000781250 0.903495360
vt 0.01562500 0.98437500
vt 0.48437500 0.98437500
vt 0.48437500 0.51562500
vt 0.01562500 0.51562500
vn 0.27059777 -0.70710756 -0.65328076
vn 0.27059777 -0.70710756 -0.65328076
vn 0.27059777 -0.70710756 -0.65328076
vn 0.27059777 -0.70710756 -0.65328076
f 4805/4805/4805 4806/4806/4806 4807/4807/4807
f 4805/4805/4805 4807/4807/4807 4808/4808/4808
v 0.378678578 -0.001875000 0.952777735
v 0.377662063 0.000781250 0.955231780
v 0.264608500 0.000781250 0.908403468
v 0.265625000 -0.001875000 0.905949405
vt 0.01562500 0.98437500
vt 0.48437500 0.98437500
vt 0.48437500 0.51562500
vt 0.01562500 0.51562500
vn -0.27059815 -0.70710643 0.65328182
vn -0.27059815 -0.70710643 0.65328182
vn -0.27059815 -0.70710643 0.65328182
vn -0.27059815 -0.70710643 0.65328182
f 4809/4809/4809 4810/4810/4810 4811/4811/4811
f 4809/4809/4809 4811/4811/4811 4812/4812/4812
v 0.377662063 0.000781250 0.955231780
v 0.378678578 0.003437500 0.952777735
v 0.265625000 0.003437500 0.905949405
v 0.264608500 0.000781250 0.908403468
vt 0.01562500 0.98437500
vt 0.48437500 0.98437500
vt 0.48437500 0.51562500
vt 0.01562500 0.51562500
vn -0.27059820 0.70710643 0.65328180
vn -0.27059820 0.70710643 0.65328180
vn -0.27059820 0.70710643 0.65328180
vn -0.27059820 0.70710643 0.65328180
f 4813/4813/4813 4814/4814/4814 4815/4815/4815
f 4813/4813/4813 4815/4815/4815 4816/4816/4816
v 0.378678578 0.003437500 0.952777735
v 0.379695077 0.000781250 0.950323672
v 0.266641500 0.000781250 0.903495360
v 0.265625000 0.003437500 0.905949405
vt 0.01562500 0.98437500
vt 0.48437500 0.98437500
vt 0.48437500 0.51562500
vt 0.01562500 0.51562500
vn 0.27059769 0.70710756 -0.65328079
vn 0.27059769 0.70710756 -0.65328079
vn 0.27059769 0.70710756 -0.65328079
vn 0.27059769 0.70710756 -0.65328079
f 4817/4817/4817 4818/4818/4818 4819/4819/4819
f 4817/4817/4817 4819/4819/4819 4820/4820/4820
v 0.377662063 0.000781250 0.955231780
v 0.378678578 -0.001875000 0.952777735
v 0.379695077 0.000781250 0.950323672
vt 0.48437500 0.51562500
vt 0.48437500 0.98437500
vt 0.01562500 0.98437500
vn 0.92387886 0.00000384 0.38268506
vn 0.92387886 0.00000384 0.38268506
vn 0.92387886 0.00000384 0.38268506
f 4821/4821/4821 4822/4822/4822 4823/4823/4823
v 0.378678578 0.003437500 0.952777735
v 0.377662063 0.000781250 0.955231780
v 0.379695077 0.000781250 0.950323672
vt 0.48437500 0.51562500
vt 0.48437500 0.98437500
vt 0.01562500 0.98437500
vn 0.92387886 -0.00000384 0.38268506
vn 0.92387886 -0.00000384 0.38268506
vn 0.92387886 -0.00000384 0.38268506
f 4824/4824/4824 4825/4825/4825 4826/4826/4826
v 0.266641500 0.000781250 0.903495360
v 0.265625000 -0.001875000 0.905949405
v 0.264608500 0.000781250 0.908403468
vt 0.01562500 0.98437500
vt 0.48437500 0.98437500
vt 0.48437500 0.51562500
vn -0.92387990 0.00000113 -0.38268255
vn -0.92387990 0.00000113 -0.38268255
vn -0.92387990 0.00000113 -0.38268255
f 4827/4827/4827 4828/4828/4828 4829/4829/4829
v 0.266641500 0.000781250 0.903495360
v 0.264608500 0.000781250 0.908403468
v 0.265625000 0.003437500 0.905949405
vt 0.01562500 0.98437500
vt 0.48437500 0.98437500
vt 0.48437500 0.51562500
vn -0.92387990 -0.00000113 -0.38268255
vn -0.92387990 -0.00000113 -0.38268255
vn -0.92387990 -0.00000113 -0.38268255
f 4830/4830/4830 4831/4831/4831 4832/4832/4832
g skirt_rim_08
usemtl parachute
v 0.267242015 0.000781250 0.903842062
v 0.265625000 -0.001875000 0.905949405
v 0.168543703 -0.001875000 0.831456297
v 0.170160718 0.000781250 0.829348952
vt 0.01562500 0.98437500
vt 0.48437500 0.98437500
vt 0.48437500 0.51562500
vt 0.01562500 0.51562500
vn 0.43045978 -0.70710611 -0.56098603
vn 0.43045978 -0.70710611 -0.56098603
vn 0.43045978 -0.70710611 -0.56098603
vn 0.43045978 -0.70710611 -0.56098603
f 4833/4833/4833 4834/4834/4834 4835/4835/4835
f 4833/4833/4833 4835/4835/4835 4836/4836/4836
v 0.265625000 -0.001875000 0.905949405
v 0.264007985 0.000781250 0.908056750
v 0.166926672 0.000781250 0.833563658
v 0.168543703 -0.001875000 0.831456297
vt 0.01562500 0.98437500
vt 0.48437500 0.98437500
vt 0.48437500 0.51562500
vt 0.01562500 0.51562500
vn -0.43045968 -0.70710611 0.56098611
vn -0.43045968 -0.70710611 0.56098611
vn -0.43045968 -0.70710611 0.56098611
vn -0.43045968 -0.70710611 0.56098611
f 4837/4837/4837 4838/4838/4838 4839/4839/4839
f 4837/4837/4837 4839/4839/4839 4840/4840/4840
v 0.264007985 0.000781250 0.908056750
v 0.265625000 0.003437500 0.905949405
v 0.168543703 0.003437500 0.831456297
v 0.166926672 0.000781250 0.833563658
vt 0.01562500 0.98437500
vt 0.48437500 0.98437500
vt 0.48437500 0.51562500
vt 0.01562500 0.51562500
vn -0.43045978 0.70710611 0.56098603
vn -0.43045978 0.70710611 0.56098603
vn -0.43045978 0.70710611 0.56098603
vn -0.43045978 0.70710611 0.56098603
f 4841/4841/4841 4842/4842/4842 4843/4843/4843
f 4841/4841/4841 4843/4843/4843 4844/4844/4844
v 0.265625000 0.003437500 0.905949405
v 0.267242015 0.000781250 0.903842062
v 0.170160718 0.000781250 0.829348952
v 0.168543703 0.003437500 0.831456297
vt 0.01562500 0.98437500
vt 0.48437500 0.98437500
vt 0.48437500 0.51562500
vt 0.01562500 0.51562500
vn 0.43045978 0.70710611 -0.56098603
vn 0.43045978 0.70710611 -0.56098603
vn 0.43045978 0.70710611 -0.56098603
vn 0.43045978 0.70710611 -0.56098603
f 4845/4845/4845 4846/4846/4846 4847/4847/4847
f 4845/4845/4845 4847/4847/4847 4848/4848/4848
v 0.264007985 0.000781250 0.908056750
v 0.265625000 -0.001875000 0.905949405
v 0.267242015 0.000781250 0.903842062
vt 0.48437500 0.51562500
vt 0.48437500 0.98437500
vt 0.01562500 0.98437500
vn 0.79335445 0.00000000 0.60875998
vn 0.79335445 0.00000000 0.60875998
vn 0.79335445 0.00000000 0.60875998
f 4849/4849/4849 4850/4850/4850 4851/4851/4851
v 0.265625000 0.003437500 0.905949405
v 0.264007985 0.000781250 0.908056750
v 0.267242015 0.000781250 0.903842062
vt 0.48437500 0.51562500
vt 0.48437500 0.98437500
vt 0.01562500 0.98437500
vn 0.79335445 0.00000000 0.60875998
vn 0.79335445 0.00000000 0.60875998
vn 0.79335445 0.00000000 0.60875998
f 4852/4852/4852 4853/4853/4853 4854/4854/4854
v 0.170160718 0.000781250 0.829348952
v 0.168543703 -0.001875000 0.831456297
v 0.166926672 0.000781250 0.833563658
vt 0.01562500 0.98437500
vt 0.48437500 0.98437500
vt 0.48437500 0.51562500
vn -0.79335412 -0.00000054 -0.60876041
vn -0.79335412 -0.00000054 -0.60876041
vn -0.79335412 -0.00000054 -0.60876041
f 4855/4855/4855 4856/4856/4856 4857/4857/4857
v 0.170160718 0.000781250 0.829348952
v 0.166926672 0.000781250 0.833563658
v 0.168543703 0.003437500 0.831456297
vt 0.01562500 0.98437500
vt 0.48437500 0.98437500
vt 0.48437500 0.51562500
vn -0.79335412 0.00000054 -0.60876041
vn -0.79335412 0.00000054 -0.60876041
vn -0.79335412 0.00000054 -0.60876041
f 4858/4858/4858 4859/4859/4859 4860/4860/4860
g skirt_rim_09
usemtl parachute
v 0.170651047 0.000781250 0.829839283
v 0.168543703 -0.001875000 0.831456297
v 0.094050595 -0.001875000 0.734375000
v 0.096157938 0.000781250 0.732757985
vt 0.01562500 0.98437500
vt 0.48437500 0.98437500
vt 0.48437500 0.51562500
vt 0.01562500 0.51562500
vn 0.56098603 -0.70710611 -0.43045978
vn 0.56098603 -0.70710611 -0.43045978
vn 0.56098603 -0.70710611 -0.43045978
vn 0.56098603 -0.70710611 -0.43045978
f 4861/4861/4861 4862/4862/4862 4863/4863/4863
f 4861/4861/4861 4863/4863/4863 4864/4864/4864
v 0.168543703 -0.001875000 0.831456297
v 0.166436343 0.000781250 0.833073327
v 0.091943250 0.000781250 0.735992015
v 0.094050595 -0.001875000 0.734375000
vt 0.01562500 0.98437500
vt 0.48437500 0.98437500
vt 0.48437500 0.51562500
vt 0.01562500 0.51562500
vn -0.56098380 -0.70710902 0.43045791
vn -0.56098380 -0.70710902 0.43045791
vn -0.56098380 -0.70710902 0.43045791
vn -0.56098380 -0.70710902 0.43045791
f 4865/4865/4865 4866/4866/4866 4867/4867/4867
f 4865/4865/4865 4867/4867/4867 4868/4868/4868
v 0.166436343 0.000781250 0.833073327
v 0.168543703 0.003437500 0.831456297
v 0.094050595 0.003437500 0.734375000
v 0.091943250 0.000781250 0.735992015
vt 0.01562500 0.98437500
vt 0.48437500 0.98437500
vt 0.48437500 0.51562500
vt 0.01562500 0.51562500
vn -0.56098372 0.70710902 0.43045801
vn -0.56098372 0.70710902 0.43045801
vn -0.56098372 0.70710902 0.43045801
vn -0.56098372 0.70710902 0.43045801
f 4869/4869/4869 4870/4870/4870 4871/4871/4871
f 4869/4869/4869 4871/4871/4871 4872/4872/4872
v 0.168543703 0.003437500 0.831456297
v 0.170651047 0.000781250 0.829839283
v 0.096157938 0.000781250 0.732757985
v 0.094050595 0.003437500 0.734375000
vt 0.01562500 0.98437500
vt 0.48437500 0.98437500
vt 0.48437500 0.51562500
vt 0.01562500 0.51562500
vn 0.56098603 0.70710611 -0.43045978
vn 0.56098603 0.70710611 -0.43045978
vn 0.56098603 0.70710611 -0.43045978
vn 0.56098603 0.70710611 -0.43045978
f 4873/4873/4873 4874/4874/4874 4875/4875/4875
f 4873/4873/4873 4875/4875/4875 4876/4876/4876
v 0.166436343 0.000781250 0.833073327
v 0.168543703 -0.001875000 0.831456297
v 0.170651047 0.000781250 0.829839283
vt 0.48437500 0.51562500
vt 0.48437500 0.98437500
vt 0.01562500 0.98437500
vn 0.60876041 -0.00000054 0.79335412
vn 0.60876041 -0.00000054 0.79335412
vn 0.60876041 -0.00000054 0.79335412
f 4877/4877/4877 4878/4878/4878 4879/4879/4879
v 0.168543703 0.003437500 0.831456297
v 0.166436343 0.000781250 0.833073327
v 0.170651047 0.000781250 0.829839283
vt 0.48437500 0.51562500
vt 0.48437500 0.98437500
vt 0.01562500 0.98437500
vn 0.60876041 0.00000054 0.79335412
vn 0.60876041 0.00000054 0.79335412
vn 0.60876041 0.00000054 0.79335412
f 4880/4880/4880 4881/4881/4881 4882/4882/4882
v 0.096157938 0.000781250 0.732757985
v 0.094050595 -0.001875000 0.734375000
v 0.091943250 0.000781250 0.735992015
vt 0.01562500 0.98437500
vt 0.48437500 0.98437500
vt 0.48437500 0.51562500
vn -0.60875998 -0.00000000 -0.79335445
vn -0.60875998 -0.00000000 -0.79335445
vn -0.60875998 -0.00000000 -0.79335445
f 4883/4883/4883 4884/4884/4884 4885/4885/4885
v 0.096157938 0.000781250 0.732757985
v 0.091943250 0.000781250 0.735992015
v 0.094050595 0.003437500 0.734375000
vt 0.01562500 0.98437500
vt 0.48437500 0.98437500
vt 0.48437500 0.51562500
vn -0.60875998 0.00000000 -0.79335445
vn -0.60875998 0.00000000 -0.79335445
vn -0.60875998 0.00000000 -0.79335445
f 4886/4886/4886 4887/4887/4887 4888/4888/4888
g skirt_rim_10
usemtl parachute
v 0.096504640 0.000781250 0.733358500
v 0.094050595 -0.001875000 0.734375000
v 0.047222265 -0.001875000 0.621321422
v 0.049676328 0.000781250 0.620304923
vt 0.01562500 0.98437500
vt 0.48437500 0.98437500
vt 0.48437500 0.51562500
vt 0.01562500 0.51562500
vn 0.65328254 -0.70710563 -0.27059850
vn 0.65328254 -0.70710563 -0.27059850
vn 0.65328254 -0.70710563 -0.27059850
vn 0.65328254 -0.70710563 -0.27059850
f 4889/4889/4889 4890/4890/4890 4891/4891/4891
f 4889/4889/4889 4891/4891/4891 4892/4892/4892
v 0.094050595 -0.001875000 0.734375000
v 0.091596532 0.000781250 0.735391500
v 0.044768217 0.000781250 0.622337937
v 0.047222265 -0.001875000 0.621321422
vt 0.01562500 0.98437500
vt 0.48437500 0.98437500
vt 0.48437500 0.51562500
vt 0.01562500 0.51562500
vn -0.65328078 -0.70710756 0.27059772
vn -0.65328078 -0.70710756 0.27059772
vn -0.65328078 -0.70710756 0.27059772
vn -0.65328078 -0.70710756 0.27059772
f 4893/4893/4893 4894/4894/4894 4895/4895/4895
f 4893/4893/4893 4895/4895/4895 4896/4896/4896
v 0.091596532 0.000781250 0.735391500
v 0.094050595 0.003437500 0.734375000
v 0.047222265 0.003437500 0.621321422
v 0.044768217 0.000781250 0.622337937
vt 0.01562500 0.98437500
vt 0.48437500 0.98437500
vt 0.48437500 0.51562500
vt 0.01562500 0.51562500
vn -0.65328076 0.70710756 0.27059777
vn -0.65328076 0.70710756 0.27059777
vn -0.65328076 0.70710756 0.27059777
vn -0.65328076 0.70710756 0.27059777
f 4897/4897/4897 4898/4898/4898 4899/4899/4899
f 4897/4897/4897 4899/4899/4899 4900/4900/4900
v 0.094050595 0.003437500 0.734375000
v 0.096504640 0.000781250 0.733358500
v 0.049676328 0.000781250 0.620304923
v 0.047222265 0.003437500 0.621321422
vt 0.01562500 0.98437500
vt 0.48437500 0.98437500
vt 0.48437500 0.51562500
vt 0.01562500 0.51562500
vn 0.65328257 0.70710563 -0.27059843
vn 0.65328257 0.70710563 -0.27059843
vn 0.65328257 0.70710563 -0.27059843
vn 0.65328257 0.70710563 -0.27059843
f 4901/4901/4901 4902/4902/4902 4903/4903/4903
f 4901/4901/4901 4903/4903/4903 4904/4904/4904
v 0.091596532 0.000781250 0.735391500
v 0.094050595 -0.001875000 0.734375000
v 0.096504640 0.000781250 0.733358500
vt 0.48437500 0.51562500
vt 0.48437500 0.98437500
vt 0.01562500 0.98437500
vn 0.38268255 0.00000113 0.92387990
vn 0.38268255 0.00000113 0.92387990
vn 0.38268255 0.00000113 0.92387990
f 4905/4905/4905 4906/4906/4906 4907/4907/4907
v 0.094050595 0.003437500 0.734375000
v 0.091596532 0.000781250 0.735391500
v 0.096504640 0.000781250 0.733358500
vt 0.48437500 0.51562500
vt 0.48437500 0.98437500
vt 0.01562500 0.98437500
vn 0.38268255 -0.00000113 0.92387990
vn 0.38268255 -0.00000113 0.92387990
vn 0.38268255 -0.00000113 0.92387990
f 4908/4908/4908 4909/4909/4909 4910/4910/4910
v 0.049676328 0.000781250 0.620304923
v 0.047222265 -0.001875000 0.621321422
v 0.044768217 0.000781250 0.622337937
vt 0.01562500 0.98437500
vt 0.48437500 0.98437500
vt 0.48437500 0.51562500
vn -0.38268506 0.00000384 -0.92387886
vn -0.38268506 0.00000384 -0.92387886
vn -0.38268506 0.00000384 -0.92387886
f 4911/4911/4911 4912/4912/4912 4913/4913/4913
v 0.049676328 0.000781250 0.620304923
v 0.044768217 0.000781250 0.622337937
v 0.047222265 0.003437500 0.621321422
vt 0.01562500 0.98437500
vt 0.48437500 0.98437500
vt 0.48437500 0.51562500
vn -0.38268506 -0.00000384 -0.92387886
vn -0.38268506 -0.00000384 -0.92387886
vn -0.38268506 -0.00000384 -0.92387886
f 4914/4914/4914 4915/4915/4915 4916/4916/4916
g skirt_rim_11
usemtl parachute
v 0.049855798 0.000781250 0.620974717
v 0.047222265 -0.001875000 0.621321422
v 0.031250000 -0.001875000 0.500000000
v 0.033883530 0.000781250 0.499653297
vt 0.01562500 0.98437500
vt 0.48437500 0.98437500
vt 0.48437500 0.51562500
vt 0.01562500 0.51562500
vn 0.70105674 -0.70710743 -0.09229586
vn 0.70105674 -0.70710743 -0.09229586
vn 0.70105674 -0.70710743 -0.09229586
vn 0.70105674 -0.70710743 -0.09229586
f 4917/4917/4917 4918/4918/4918 4919/4919/4919
f 4917/4917/4917 4919/4919/4919 4920/4920/4920
v 0.047222265 -0.001875000 0.621321422
v 0.044588750 0.000781250 0.621668140
v 0.028616470 0.000781250 0.500346703
v 0.031250000 -0.001875000 0.500000000
vt 0.01562500 0.98437500
vt 0.48437500 0.98437500
vt 0.48437500 0.51562500
vt 0.01562500 0.51562500
vn -0.70105851 -0.70710564 0.09229617
vn -0.70105851 -0.70710564 0.09229617
vn -0.70105851 -0.70710564 0.09229617
vn -0.70105851 -0.70710564 0.09229617
f 4921/4921/4921 4922/4922/4922 4923/4923/4923
f 4921/4921/4921 4923/4923/4923 4924/4924/4924
v 0.044588750 0.000781250 0.621668140
v 0.047222265 0.003437500 0.621321422
v 0.031250000 0.003437500 0.500000000
v 0.028616470 0.000781250 0.500346703
vt 0.01562500 0.98437500
vt 0.48437500 0.98437500
vt 0.48437500 0.51562500
vt 0.01562500 0.51562500
vn -0.70105852 0.70710564 0.09229609
vn -0.70105852 0.70710564 0.09229609
vn -0.70105852 0.70710564 0.09229609
vn -0.70105852 0.70710564 0.09229609
f 4925/4925/4925 4926/4926/4926 4927/4927/4927
f 4925/4925/4925 4927/4927/4927 4928/4928/4928
v 0.047222265 0.003437500 0.621321422
v 0.049855798 0.000781250 0.620974717
v 0.033883530 0.000781250 0.499653297
v 0.031250000 0.003437500 0.500000000
vt 0.01562500 0.98437500
vt 0.48437500 0.98437500
vt 0.48437500 0.51562500
vt 0.01562500 0.51562500
vn 0.70105674 0.70710743 -0.09229586
vn 0.70105674 0.70710743 -0.09229586
vn 0.70105674 0.70710743 -0.09229586
vn 0.70105674 0.70710743 -0.09229586
f 4929/4929/4929 4930/4930/4930 4931/4931/4931
f 4929/4929/4929 4931/4931/4931 4932/4932/4932
v 0.044588750 0.000781250 0.621668140
v 0.047222265 -0.001875000 0.621321422
v 0.049855798 0.000781250 0.620974717
vt 0.48437500 0.51562500
vt 0.48437500 0.98437500
vt 0.01562500 0.98437500
vn 0.13052656 -0.00000330 0.99144481
vn 0.13052656 -0.00000330 0.99144481
vn 0.13052656 -0.00000330 0.99144481
f 4933/4933/4933 4934/4934/4934 4935/4935/4935
v 0.047222265 0.003437500 0.621321422
v 0.044588750 0.000781250 0.621668140
v 0.049855798 0.000781250 0.620974717
vt 0.48437500 0.51562500
vt 0.48437500 0.98437500
vt 0.01562500 0.98437500
vn 0.13052656 0.00000330 0.99144481
vn 0.13052656 0.00000330 0.99144481
vn 0.13052656 0.00000330 0.99144481
f 4936/4936/4936 4937/4937/4937 4938/4938/4938
v 0.033883530 0.000781250 0.499653297
v 0.031250000 -0.001875000 0.500000000
v 0.028616470 0.000781250 0.500346703
vt 0.01562500 0.98437500
vt 0.48437500 0.98437500
vt 0.48437500 0.51562500
vn -0.13052329 -0.00000000 -0.99144524
vn -0.13052329 -0.00000000 -0.99144524
vn -0.13052329 -0.00000000 -0.99144524
f 4939/4939/4939 4940/4940/4940 4941/4941/4941
v 0.033883530 0.000781250 0.499653297
v 0.028616470 0.000781250 0.500346703
v 0.031250000 0.003437500 0.500000000
vt 0.01562500 0.98437500
vt 0.48437500 0.98437500
vt 0.48437500 0.51562500
vn -0.13052329 0.00000000 -0.99144524
vn -0.13052329 0.00000000 -0.99144524
vn -0.13052329 0.00000000 -0.99144524
f 4942/4942/4942 4943/4943/4943 4944/4944/4944
g skirt_rim_12
usemtl parachute
v 0.033883530 0.000781250 0.500346703
v 0.031250000 -0.001875000 0.500000000
v 0.047222265 -0.001875000 0.378678578
v 0.049855798 0.000781250 0.379025280
vt 0.01562500 0.98437500
vt 0.48437500 0.98437500
vt 0.48437500 0.51562500
vt 0.01562500 0.51562500
vn 0.70105674 -0.70710743 0.09229586
vn 0.70105674 -0.70710743 0.09229586
vn 0.70105674 -0.70710743 0.09229586
vn 0.70105674 -0.70710743 0.09229586
f 4945/4945/4945 4946/4946/4946 4947/4947/4947
f 4945/4945/4945 4947/4947/4947 4948/4948/4948
v 0.031250000 -0.001875000 0.500000000
v 0.028616470 0.000781250 0.499653297
v 0.044588750 0.000781250 0.378331860
v 0.047222265 -0.001875000 0.378678578
vt 0.01562500 0.98437500
vt 0.48437500 0.98437500
vt 0.48437500 0.51562500
vt 0.01562500 0.51562500
vn -0.70105673 -0.70710743 -0.09229593
vn -0.70105673 -0.70710743 -0.09229593
vn -0.70105673 -0.70710743 -0.09229593
vn -0.70105673 -0.70710743 -0.09229593
f 4949/4949/4949 4950/4950/4950 4951/4951/4951
f 4949/4949/4949 4951/4951/4951 4952/4952/4952
v 0.028616470 0.000781250 0.499653297
v 0.031250000 0.003437500 0.500000000
v 0.047222265 0.003437500 0.378678578
v 0.044588750 0.000781250 0.378331860
vt 0.01562500 0.98437500
vt 0.48437500 0.98437500
vt 0.48437500 0.51562500
vt 0.01562500 0.51562500
vn -0.70105674 0.70710743 -0.09229586
vn -0.70105674 0.70710743 -0.09229586
vn -0.70105674 0.70710743 -0.09229586
vn -0.70105674 0.70710743 -0.09229586
f 4953/4953/4953 4954/4954/4954 4955/4955/4955
f 4953/4953/4953 4955/4955/4955 4956/4956/4956
v 0.031250000 0.003437500 0.500000000
v 0.033883530 0.000781250 0.500346703
v 0.049855798 0.000781250 0.379025280
v 0.047222265 0.003437500 0.378678578
vt 0.01562500 0.98437500
vt 0.48437500 0.98437500
vt 0.48437500 0.51562500
vt 0.01562500 0.51562500
vn 0.70105674 0.70710743 0.09229586
vn 0.70105674 0.70710743 0.09229586
vn 0.70105674 0.70710743 0.09229586
vn 0.70105674 0.70710743 0.09229586
f 4957/4957/4957 4958/4958/4958 4959/4959/4959
f 4957/4957/4957 4959/4959/4959 4960/4960/4960
v 0.028616470 0.000781250 0.499653297
v 0.031250000 -0.001875000 0.500000000
v 0.033883530 0.000781250 0.500346703
vt 0.48437500 0.51562500
vt 0.48437500 0.98437500
vt 0.01562500 0.98437500
vn -0.13052329 0.00000000 0.99144524
vn -0.13052329 0.00000000 0.99144524
vn -0.13052329 0.00000000 0.99144524
f 4961/4961/4961 4962/4962/4962 4963/4963/4963
v 0.031250000 0.003437500 0.500000000
v 0.028616470 0.000781250 0.499653297
v 0.033883530 0.000781250 0.500346703
vt 0.48437500 0.51562500
vt 0.48437500 0.98437500
vt 0.01562500 0.98437500
vn -0.13052329 -0.00000000 0.99144524
vn -0.13052329 -0.00000000 0.99144524
vn -0.13052329 -0.00000000 0.99144524
f 4964/4964/4964 4965/4965/4965 4966/4966/4966
v 0.049855798 0.000781250 0.379025280
v 0.047222265 -0.001875000 0.378678578
v 0.044588750 0.000781250 0.378331860
vt 0.01562500 0.98437500
vt 0.48437500 0.98437500
vt 0.48437500 0.51562500
vn 0.13052656 -0.00000330 -0.99144481
vn 0.13052656 -0.00000330 -0.99144481
vn 0.13052656 -0.00000330 -0.99144481
f 4967/4967/4967 4968/4968/4968 4969/4969/4969
v 0.049855798 0.000781250 0.379025280
v 0.044588750 0.000781250 0.378331860
v 0.047222265 0.003437500 0.378678578
vt 0.01562500 0.98437500
vt 0.48437500 0.98437500
vt 0.48437500 0.51562500
vn 0.13052656 0.00000330 -0.99144481
vn 0.13052656 0.00000330 -0.99144481
vn 0.13052656 0.00000330 -0.99144481
f 4970/4970/4970 4971/4971/4971 4972/4972/4972
g skirt_rim_13
usemtl parachute
v 0.049676328 0.000781250 0.379695077
v 0.047222265 -0.001875000 0.378678578
v 0.094050595 -0.001875000 0.265625000
v 0.096504640 0.000781250 0.266641500
vt 0.01562500 0.98437500
vt 0.48437500 0.98437500
vt 0.48437500 0.51562500
vt 0.01562500 0.51562500
vn 0.65328076 -0.70710756 0.27059777
vn 0.65328076 -0.70710756 0.27059777
vn 0.65328076 -0.70710756 0.27059777
vn 0.65328076 -0.70710756 0.27059777
f 4973/4973/4973 4974/4974/4974 4975/4975/4975
f 4973/4973/4973 4975/4975/4975 4976/4976/4976
v 0.047222265 -0.001875000 0.378678578
v 0.044768217 0.000781250 0.377662063
v 0.091596532 0.000781250 0.264608500
v 0.094050595 -0.001875000 0.265625000
vt 0.01562500 0.98437500
vt 0.48437500 0.98437500
vt 0.48437500 0.51562500
vt 0.01562500 0.51562500
vn -0.65328182 -0.70710643 -0.27059815
vn -0.65328182 -0.70710643 -0.27059815
vn -0.65328182 -0.70710643 -0.27059815
vn -0.65328182 -0.70710643 -0.27059815
f 4977/4977/4977 4978/4978/4978 4979/4979/4979
f 4977/4977/4977 4979/4979/4979 4980/4980/4980
v 0.044768217 0.000781250 0.377662063
v 0.047222265 0.003437500 0.378678578
v 0.094050595 0.003437500 0.265625000
v 0.091596532 0.000781250 0.264608500
vt 0.01562500 0.98437500
vt 0.48437500 0.98437500
vt 0.48437500 0.51562500
vt 0.01562500 0.51562500
vn -0.65328180 0.70710643 -0.27059820
vn -0.65328180 0.70710643 -0.27059820
vn -0.65328180 0.70710643 -0.27059820
vn -0.65328180 0.70710643 -0.27059820
f 4981/4981/4981 4982/4982/4982 4983/4983/4983
f 4981/4981/4981 4983/4983/4983 4984/4984/4984
v 0.047222265 0.003437500 0.378678578
v 0.049676328 0.000781250 0.379695077
v 0.096504640 0.000781250 0.266641500
v 0.094050595 0.003437500 0.265625000
vt 0.01562500 0.98437500
vt 0.48437500 0.98437500
vt 0.48437500 0.51562500
vt 0.01562500 0.51562500
vn 0.65328079 0.70710756 0.27059769
vn 0.65328079 0.70710756 0.27059769
vn 0.65328079 0.70710756 0.27059769
vn 0.65328079 0.70710756 0.27059769
f 4985/4985/4985 4986/4986/4986 4987/4987/4987
f 4985/4985/4985 4987/4987/4987 4988/4988/4988
v 0.044768217 0.000781250 0.377662063
v 0.047222265 -0.001875000 0.378678578
v 0.049676328 0.000781250 0.379695077
vt 0.48437500 0.51562500
vt 0.48437500 0.98437500
vt 0.01562500 0.98437500
vn -0.38268506 0.00000384 0.92387886
vn -0.38268506 0.00000384 0.92387886
vn -0.38268506 0.00000384 0.92387886
f 4989/4989/4989 4990/4990/4990 4991/4991/4991
v 0.047222265 0.003437500 0.378678578
v 0.044768217 0.000781250 0.377662063
v 0.049676328 0.000781250 0.379695077
vt 0.48437500 0.51562500
vt 0.48437500 0.98437500
vt 0.01562500 0.98437500
vn -0.38268506 -0.00000384 0.92387886
vn -0.38268506 -0.00000384 0.92387886
vn -0.38268506 -0.00000384 0.92387886
f 4992/4992/4992 4993/4993/4993 4994/4994/4994
v 0.096504640 0.000781250 0.266641500
v 0.094050595 -0.001875000 0.265625000
v 0.091596532 0.000781250 0.264608500
vt 0.01562500 0.98437500
vt 0.48437500 0.98437500
vt 0.48437500 0.51562500
vn 0.38268255 0.00000113 -0.92387990
vn 0.38268255 0.00000113 -0.92387990
vn 0.38268255 0.00000113 -0.92387990
f 4995/4995/4995 4996/4996/4996 4997/4997/4997
v 0.096504640 0.000781250 0.266641500
v 0.091596532 0.000781250 0.264608500
v 0.094050595 0.003437500 0.265625000
vt 0.01562500 0.98437500
vt 0.48437500 0.98437500
vt 0.48437500 0.51562500
vn 0.38268255 -0.00000113 -0.92387990
vn 0.38268255 -0.00000113 -0.92387990
vn 0.38268255 -0.00000113 -0.92387990
f 4998/4998/4998 4999/4999/4999 5000/5000/5000
g skirt_rim_14
usemtl parachute
v 0.096157938 0.000781250 0.267242015
v 0.094050595 -0.001875000 0.265625000
v 0.168543703 -0.001875000 0.168543703
v 0.170651047 0.000781250 0.170160718
vt 0.01562500 0.98437500
vt 0.48437500 0.98437500
vt 0.48437500 0.51562500
vt 0.01562500 0.51562500
vn 0.56098603 -0.70710611 0.43045978
vn 0.56098603 -0.70710611 0.43045978
vn 0.56098603 -0.70710611 0.43045978
vn 0.56098603 -0.70710611 0.43045978
f 5001/5001/5001 5002/5002/5002 5003/5003/5003
f 5001/5001/5001 5003/5003/5003 5004/5004/5004
v 0.094050595 -0.001875000 0.265625000
v 0.091943250 0.000781250 0.264007985
v 0.166436343 0.000781250 0.166926672
v 0.168543703 -0.001875000 0.168543703
vt 0.01562500 0.98437500
vt 0.48437500 0.98437500
vt 0.48437500 0.51562500
vt 0.01562500 0.51562500
vn -0.56098611 -0.70710611 -0.43045968
vn -0.56098611 -0.70710611 -0.43045968
vn -0.56098611 -0.70710611 -0.43045968
vn -0.56098611 -0.70710611 -0.43045968
f 5005/5005/5005 5006/5006/5006 5007/5007/5007
f 5005/5005/5005 5007/5007/5007 5008/5008/5008
v 0.091943250 0.000781250 0.264007985
v 0.094050595 0.003437500 0.265625000
v 0.168543703 0.003437500 0.168543703
v 0.166436343 0.000781250 0.166926672
vt 0.01562500 0.98437500
vt 0.48437500 0.98437500
vt 0.48437500 0.51562500
vt 0.01562500 0.51562500
vn -0.56098603 0.70710611 -0.43045978
vn -0.56098603 0.70710611 -0.43045978
vn -0.56098603 0.70710611 -0.43045978
vn -0.56098603 0.70710611 -0.43045978
f 5009/5009/5009 5010/5010/5010 5011/5011/5011
f 5009/5009/5009 5011/5011/5011 5012/5012/5012
v 0.094050595 0.003437500 0.265625000
v 0.096157938 0.000781250 0.267242015
v 0.170651047 0.000781250 0.170160718
v 0.168543703 0.003437500 0.168543703
vt 0.01562500 0.98437500
vt 0.48437500 0.98437500
vt 0.48437500 0.51562500
vt 0.01562500 0.51562500
vn 0.56098603 0.70710611 0.43045978
vn 0.56098603 0.70710611 0.43045978
vn 0.56098603 0.70710611 0.43045978
vn 0.56098603 0.70710611 0.43045978
f 5013/5013/5013 5014/5014/5014 5015/5015/5015
f 5013/5013/5013 5015/5015/5015 5016/5016/5016
v 0.091943250 0.000781250 0.264007985
v 0.094050595 -0.001875000 0.265625000
v 0.096157938 0.000781250 0.267242015
vt 0.48437500 0.51562500
vt 0.48437500 0.98437500
vt 0.01562500 0.98437500
vn -0.60875998 -0.00000000 0.79335445
vn -0.60875998 -0.00000000 0.79335445
vn -0.60875998 -0.00000000 0.79335445
f 5017/5017/5017 5018/5018/5018 5019/5019/5019
v 0.094050595 0.003437500 0.265625000
v 0.091943250 0.000781250 0.264007985
v 0.096157938 0.000781250 0.267242015
vt 0.48437500 0.51562500
vt 0.48437500 0.98437500
vt 0.01562500 0.98437500
vn -0.60875998 0.00000000 0.79335445
vn -0.60875998 0.00000000 0.79335445
vn -0.60875998 0.00000000 0.79335445
f 5020/5020/5020 5021/5021/5021 5022/5022/5022
v 0.170651047 0.000781250 0.170160718
v 0.168543703 -0.001875000 0.168543703
v 0.166436343 0.000781250 0.166926672
vt 0.01562500 0.98437500
vt 0.48437500 0.98437500
vt 0.48437500 0.51562500
vn 0.60876041 -0.00000054 -0.79335412
vn 0.60876041 -0.00000054 -0.79335412
vn 0.60876041 -0.00000054 -0.79335412
f 5023/5023/5023 5024/5024/5024 5025/5025/5025
v 0.170651047 0.000781250 0.170160718
v 0.166436343 0.000781250 0.166926672
v 0.168543703 0.003437500 0.168543703
vt 0.01562500 0.98437500
vt 0.48437500 0.98437500
vt 0.48437500 0.51562500
vn 0.60876041 0.00000054 -0.79335412
vn 0.60876041 0.00000054 -0.79335412
vn 0.60876041 0.00000054 -0.79335412
f 5026/5026/5026 5027/5027/5027 5028/5028/5028
g skirt_rim_15
usemtl parachute
v 0.170160718 0.000781250 0.170651047
v 0.168543703 -0.001875000 0.168543703
v 0.265625000 -0.001875000 0.094050595
v 0.267242015 0.000781250 0.096157938
vt 0.01562500 0.98437500
vt 0.48437500 0.98437500
vt 0.48437500 0.51562500
vt 0.01562500 0.51562500
vn 0.43045978 -0.70710611 0.56098603
vn 0.43045978 -0.70710611 0.56098603
vn 0.43045978 -0.70710611 0.56098603
vn 0.43045978 -0.70710611 0.56098603
f 5029/5029/5029 5030/5030/5030 5031/5031/5031
f 5029/5029/5029 5031/5031/5031 5032/5032/5032
v 0.168543703 -0.001875000 0.168543703
v 0.166926672 0.000781250 0.166436343
v 0.264007985 0.000781250 0.091943250
v 0.265625000 -0.001875000 0.094050595
vt 0.01562500 0.98437500
vt 0.48437500 0.98437500
vt 0.48437500 0.51562500
vt 0.01562500 0.51562500
vn -0.43045791 -0.70710902 -0.56098380
vn -0.43045791 -0.70710902 -0.56098380
vn -0.43045791 -0.70710902 -0.56098380
vn -0.43045791 -0.70710902 -0.56098380
f 5033/5033/5033 5034/5034/5034 5035/5035/5035
f 5033/5033/5033 5035/5035/5035 5036/5036/5036
v 0.166926672 0.000781250 0.166436343
v 0.168543703 0.003437500 0.168543703
v 0.265625000 0.003437500 0.094050595
v 0.264007985 0.000781250 0.091943250
vt 0.01562500 0.98437500
vt 0.48437500 0.98437500
vt 0.48437500 0.51562500
vt 0.01562500 0.51562500
vn -0.43045801 0.70710902 -0.56098372
vn -0.43045801 0.70710902 -0.56098372
vn -0.43045801 0.70710902 -0.56098372
vn -0.43045801 0.70710902 -0.56098372
f 5037/5037/5037 5038/5038/5038 5039/5039/5039
f 5037/5037/5037 5039/5039/5039 5040/5040/5040
v 0.168543703 0.003437500 0.168543703
v 0.170160718 0.000781250 0.170651047
v 0.267242015 0.000781250 0.096157938
v 0.265625000 0.003437500 0.094050595
vt 0.01562500 0.98437500
vt 0.48437500 0.98437500
vt 0.48437500 0.51562500
vt 0.01562500 0.51562500
vn 0.43045978 0.70710611 0.56098603
vn 0.43045978 0.70710611 0.56098603
vn 0.43045978 0.70710611 0.56098603
vn 0.43045978 0.70710611 0.56098603
f 5041/5041/5041 5042/5042/5042 5043/5043/5043
f 5041/5041/5041 5043/5043/5043 5044/5044/5044
v 0.166926672 0.000781250 0.166436343
v 0.168543703 -0.001875000 0.168543703
v 0.170160718 0.000781250 0.170651047
vt 0.48437500 0.51562500
vt 0.48437500 0.98437500
vt 0.01562500 0.98437500
vn -0.79335412 -0.00000054 0.60876041
vn -0.79335412 -0.00000054 0.60876041
vn -0.79335412 -0.00000054 0.60876041
f 5045/5045/5045 5046/5046/5046 5047/5047/5047
v 0.168543703 0.003437500 0.168543703
v 0.166926672 0.000781250 0.166436343
v 0.170160718 0.000781250 0.170651047
vt 0.48437500 0.51562500
vt 0.48437500 0.98437500
vt 0.01562500 0.98437500
vn -0.79335412 0.00000054 0.60876041
vn -0.79335412 0.00000054 0.60876041
vn -0.79335412 0.00000054 0.60876041
f 5048/5048/5048 5049/5049/5049 5050/5050/5050
v 0.267242015 0.000781250 0.096157938
v 0.265625000 -0.001875000 0.094050595
v 0.264007985 0.000781250 0.091943250
vt 0.01562500 0.98437500
vt 0.48437500 0.98437500
vt 0.48437500 0.51562500
vn 0.79335445 -0.00000000 -0.60875998
vn 0.79335445 -0.00000000 -0.60875998
vn 0.79335445 -0.00000000 -0.60875998
f 5051/5051/5051 5052/5052/5052 5053/5053/5053
v 0.267242015 0.000781250 0.096157938
v 0.264007985 0.000781250 0.091943250
v 0.265625000 0.003437500 0.094050595
vt 0.01562500 0.98437500
vt 0.48437500 0.98437500
vt 0.48437500 0.51562500
vn 0.79335445 0.00000000 -0.60875998
vn 0.79335445 0.00000000 -0.60875998
vn 0.79335445 0.00000000 -0.60875998
f 5054/5054/5054 5055/5055/5055 5056/5056/5056
g skirt_rim_16
usemtl parachute
v 0.266641500 0.000781250 0.096504640
v 0.265625000 -0.001875000 0.094050595
v 0.378678578 -0.001875000 0.047222265
v 0.379695077 0.000781250 0.049676328
vt 0.01562500 0.98437500
vt 0.48437500 0.98437500
vt 0.48437500 0.51562500
vt 0.01562500 0.51562500
vn 0.27059850 -0.70710563 0.65328254
vn 0.27059850 -0.70710563 0.65328254
vn 0.27059850 -0.70710563 0.65328254
vn 0.27059850 -0.70710563 0.65328254
f 5057/5057/5057 5058/5058/5058 5059/5059/5059
f 5057/5057/5057 5059/5059/5059 5060/5060/5060
v 0.265625000 -0.001875000 0.094050595
v 0.264608500 0.000781250 0.091596532
v 0.377662063 0.000781250 0.044768217
v 0.378678578 -0.001875000 0.047222265
vt 0.01562500 0.98437500
vt 0.48437500 0.98437500
vt 0.48437500 0.51562500
vt 0.01562500 0.51562500
vn -0.27059772 -0.70710756 -0.65328078
vn -0.27059772 -0.70710756 -0.65328078
vn -0.27059772 -0.70710756 -0.65328078
vn -0.27059772 -0.70710756 -0.65328078
f 5061/5061/5061 5062/5062/5062 5063/5063/5063
f 5061/5061/5061 5063/5063/5063 5064/5064/5064
v 0.264608500 0.000781250 0.091596532
v 0.265625000 0.003437500 0.094050595
v 0.378678578 0.003437500 0.047222265
v 0.377662063 0.000781250 0.044768217
vt 0.01562500 0.98437500
vt 0.48437500 0.98437500
vt 0.48437500 0.51562500
vt 0.01562500 0.51562500
vn -0.27059777 0.70710756 -0.65328076
vn -0.27059777 0.70710756 -0.65328076
vn -0.27059777 0.70710756 -0.65328076
vn -0.27059777 0.70710756 -0.65328076
f 5065/5065/5065 5066/5066/5066 5067/5067/5067
f 5065/5065/5065 5067/5067/5067 5068/5068/5068
v 0.265625000 0.003437500 0.094050595
v 0.266641500 0.000781250 0.096504640
v 0.379695077 0.000781250 0.049676328
v 0.378678578 0.003437500 0.047222265
vt 0.01562500 0.98437500
vt 0.48437500 0.98437500
vt 0.48437500 0.51562500
vt 0.01562500 0.51562500
vn 0.27059843 0.70710563 0.65328257
vn 0.27059843 0.70710563 0.65328257
vn 0.27059843 0.70710563 0.65328257
vn 0.27059843 0.70710563 0.65328257
f 5069/5069/5069 5070/5070/5070 5071/5071/5071
f 5069/5069/5069 5071/5071/5071 5072/5072/5072
v 0.264608500 0.000781250 0.091596532
v 0.265625000 -0.001875000 0.094050595
v 0.266641500 0.000781250 0.096504640
vt 0.48437500 0.51562500
vt 0.48437500 0.98437500
vt 0.01562500 0.98437500
vn -0.92387990 0.00000113 0.38268255
vn -0.92387990 0.00000113 0.38268255
vn -0.92387990 0.00000113 0.38268255
f 5073/5073/5073 5074/5074/5074 5075/5075/5075
v 0.265625000 0.003437500 0.094050595
v 0.264608500 0.000781250 0.091596532
v 0.266641500 0.000781250 0.096504640
vt 0.48437500 0.51562500
vt 0.48437500 0.98437500
vt 0.01562500 0.98437500
vn -0.92387990 -0.00000113 0.38268255
vn -0.92387990 -0.00000113 0.38268255
vn -0.92387990 -0.00000113 0.38268255
f 5076/5076/5076 5077/5077/5077 5078/5078/5078
v 0.379695077 0.000781250 0.049676328
v 0.378678578 -0.001875000 0.047222265
v 0.377662063 0.000781250 0.044768217
vt 0.01562500 0.98437500
vt 0.48437500 0.98437500
vt 0.48437500 0.51562500
vn 0.92387886 0.00000384 -0.38268506
vn 0.92387886 0.00000384 -0.38268506
vn 0.92387886 0.00000384 -0.38268506
f 5079/5079/5079 5080/5080/5080 5081/5081/5081
v 0.379695077 0.000781250 0.049676328
v 0.377662063 0.000781250 0.044768217
v 0.378678578 0.003437500 0.047222265
vt 0.01562500 0.98437500
vt 0.48437500 0.98437500
vt 0.48437500 0.51562500
vn 0.92387886 -0.00000384 -0.38268506
vn 0.92387886 -0.00000384 -0.38268506
vn 0.92387886 -0.00000384 -0.38268506
f 5082/5082/5082 5083/5083/5083 5084/5084/5084
g skirt_rim_17
usemtl parachute
v 0.379025280 0.000781250 0.049855798
v 0.378678578 -0.001875000 0.047222265
v 0.500000000 -0.001875000 0.031250000
v 0.500346703 0.000781250 0.033883530
vt 0.01562500 0.98437500
vt 0.48437500 0.98437500
vt 0.48437500 0.51562500
vt 0.01562500 0.51562500
vn 0.09229586 -0.70710743 0.70105674
vn 0.09229586 -0.70710743 0.70105674
vn 0.09229586 -0.70710743 0.70105674
vn 0.09229586 -0.70710743 0.70105674
f 5085/5085/5085 5086/5086/5086 5087/5087/5087
f 5085/5085/5085 5087/5087/5087 5088/5088/5088
v 0.378678578 -0.001875000 0.047222265
v 0.378331860 0.000781250 0.044588750
v 0.499653297 0.000781250 0.028616470
v 0.500000000 -0.001875000 0.031250000
vt 0.01562500 0.98437500
vt 0.48437500 0.98437500
vt 0.48437500 0.51562500
vt 0.01562500 0.51562500
vn -0.09229617 -0.70710564 -0.70105851
vn -0.09229617 -0.70710564 -0.70105851
vn -0.09229617 -0.70710564 -0.70105851
vn -0.09229617 -0.70710564 -0.70105851
f 5089/5089/5089 5090/5090/5090 5091/5091/5091
f 5089/5089/5089 5091/5091/5091 5092/5092/5092
v 0.378331860 0.000781250 0.044588750
v 0.378678578 0.003437500 0.047222265
v 0.500000000 0.003437500 0.031250000
v 0.499653297 0.000781250 0.028616470
vt 0.01562500 0.98437500
vt 0.48437500 0.98437500
vt 0.48437500 0.51562500
vt 0.01562500 0.51562500
vn -0.09229609 0.70710564 -0.70105852
vn -0.09229609 0.70710564 -0.70105852
vn -0.09229609 0.70710564 -0.70105852
vn -0.09229609 0.70710564 -0.70105852
f 5093/5093/5093 5094/5094/5094 5095/5095/5095
f 5093/5093/5093 5095/5095/5095 5096/5096/5096
v 0.378678578 0.003437500 0.047222265
v 0.379025280 0.000781250 0.049855798
v 0.500346703 0.000781250 0.033883530
v 0.500000000 0.003437500 0.031250000
vt 0.01562500 0.98437500
vt 0.48437500 0.98437500
vt 0.48437500 0.51562500
vt 0.01562500 0.51562500
vn 0.09229586 0.70710743 0.70105674
vn 0.09229586 0.70710743 0.70105674
vn 0.09229586 0.70710743 0.70105674
vn 0.09229586 0.70710743 0.70105674
f 5097/5097/5097 5098/5098/5098 5099/5099/5099
f 5097/5097/5097 5099/5099/5099 5100/5100/5100
v 0.378331860 0.000781250 0.044588750
v 0.378678578 -0.001875000 0.047222265
v 0.379025280 0.000781250 0.049855798
vt 0.48437500 0.51562500
vt 0.48437500 0.98437500
vt 0.01562500 0.98437500
vn -0.99144481 -0.00000330 0.13052656
vn -0.99144481 -0.00000330 0.13052656
vn -0.99144481 -0.00000330 0.13052656
f 5101/5101/5101 5102/5102/5102 5103/5103/5103
v 0.378678578 0.003437500 0.047222265
v 0.378331860 0.000781250 0.044588750
v 0.379025280 0.000781250 0.049855798
vt 0.48437500 0.51562500
vt 0.48437500 0.98437500
vt 0.01562500 0.98437500
vn -0.99144481 0.00000330 0.13052656
vn -0.99144481 0.00000330 0.13052656
vn -0.99144481 0.00000330 0.13052656
f 5104/5104/5104 5105/5105/5105 5106/5106/5106
v 0.500346703 0.000781250 0.033883530
v 0.500000000 -0.001875000 0.031250000
v 0.499653297 0.000781250 0.028616470
vt 0.01562500 0.98437500
vt 0.48437500 0.98437500
vt 0.48437500 0.51562500
vn 0.99144524 0.00000000 -0.13052329
vn 0.99144524 0.00000000 -0.13052329
vn 0.99144524 0.00000000 -0.13052329
f 5107/5107/5107 5108/5108/5108 5109/5109/5109
v 0.500346703 0.000781250 0.033883530
v 0.499653297 0.000781250 0.028616470
v 0.500000000 0.003437500 0.031250000
vt 0.01562500 0.98437500
vt 0.48437500 0.98437500
vt 0.48437500 0.51562500
vn 0.99144524 -0.00000000 -0.13052329
vn 0.99144524 -0.00000000 -0.13052329
vn 0.99144524 -0.00000000 -0.13052329
f 5110/5110/5110 5111/5111/5111 5112/5112/5112
g skirt_rim_18
usemtl parachute
v 0.499653297 0.000781250 0.033883530
v 0.500000000 -0.001875000 0.031250000
v 0.621321422 -0.001875000 0.047222265
v 0.620974717 0.000781250 0.049855798
vt 0.01562500 0.98437500
vt 0.48437500 0.98437500
vt 0.48437500 0.51562500
vt 0.01562500 0.51562500
vn -0.09229586 -0.70710743 0.70105674
vn -0.09229586 -0.70710743 0.70105674
vn -0.09229586 -0.70710743 0.70105674
vn -0.09229586 -0.70710743 0.70105674
f 5113/5113/5113 5114/5114/5114 5115/5115/5115
f 5113/5113/5113 5115/5115/5115 5116/5116/5116
v 0.500000000 -0.001875000 0.031250000
v 0.500346703 0.000781250 0.028616470
v 0.621668140 0.000781250 0.044588750
v 0.621321422 -0.001875000 0.047222265
vt 0.01562500 0.98437500
vt 0.48437500 0.98437500
vt 0.48437500 0.51562500
vt 0.01562500 0.51562500
vn 0.09229593 -0.70710743 -0.70105673
vn 0.09229593 -0.70710743 -0.70105673
vn 0.09229593 -0.70710743 -0.70105673
vn 0.09229593 -0.70710743 -0.70105673
f 5117/5117/5117 5118/5118/5118 5119/5119/5119
f 5117/5117/5117 5119/5119/5119 5120/5120/5120
v 0.500346703 0.000781250 0.028616470
v 0.500000000 0.003437500 0.031250000
v 0.621321422 0.003437500 0.047222265
v 0.621668140 0.000781250 0.044588750
vt 0.01562500 0.98437500
vt 0.48437500 0.98437500
vt 0.48437500 0.51562500
vt 0.01562500 0.51562500
vn 0.09229586 0.70710743 -0.70105674
vn 0.09229586 0.70710743 -0.70105674
vn 0.09229586 0.70710743 -0.70105674
vn 0.09229586 0.70710743 -0.70105674
f 5121/5121/5121 5122/5122/5122 5123/5123/5123
f 5121/5121/5121 5123/5123/5123 5124/5124/5124
v 0.500000000 0.003437500 0.031250000
v 0.499653297 0.000781250 0.033883530
v 0.620974717 0.000781250 0.049855798
v 0.621321422 0.003437500 0.047222265
vt 0.01562500 0.98437500
vt 0.48437500 0.98437500
vt 0.48437500 0.51562500
vt 0.01562500 0.51562500
vn -0.09229586 0.70710743 0.70105674
vn -0.09229586 0.70710743 0.70105674
vn -0.09229586 0.70710743 0.70105674
vn -0.09229586 0.70710743 0.70105674
f 5125/5125/5125 5126/5126/5126 5127/5127/5127
f 5125/5125/5125 5127/5127/5127 5128/5128/5128
v 0.500346703 0.000781250 0.028616470
v 0.500000000 -0.001875000 0.031250000
v 0.499653297 0.000781250 0.033883530
vt 0.48437500 0.51562500
vt 0.48437500 0.98437500
vt 0.01562500 0.98437500
vn -0.99144524 -0.00000000 -0.13052329
vn -0.99144524 -0.00000000 -0.13052329
vn -0.99144524 -0.00000000 -0.13052329
f 5129/5129/5129 5130/5130/5130 5131/5131/5131
v 0.500000000 0.003437500 0.031250000
v 0.500346703 0.000781250 0.028616470
v 0.499653297 0.000781250 0.033883530
vt 0.48437500 0.51562500
vt 0.48437500 0.98437500
vt 0.01562500 0.98437500
vn -0.99144524 0.00000000 -0.13052329
vn -0.99144524 0.00000000 -0.13052329
vn -0.99144524 0.00000000 -0.13052329
f 5132/5132/5132 5133/5133/5133 5134/5134/5134
v 0.620974717 0.000781250 0.049855798
v 0.621321422 -0.001875000 0.047222265
v 0.621668140 0.000781250 0.044588750
vt 0.01562500 0.98437500
vt 0.48437500 0.98437500
vt 0.48437500 0.51562500
vn 0.99144481 -0.00000330 0.13052656
vn 0.99144481 -0.00000330 0.13052656
vn 0.99144481 -0.00000330 0.13052656
f 5135/5135/5135 5136/5136/5136 5137/5137/5137
v 0.620974717 0.000781250 0.049855798
v 0.621668140 0.000781250 0.044588750
v 0.621321422 0.003437500 0.047222265
vt 0.01562500 0.98437500
vt 0.48437500 0.98437500
vt 0.48437500 0.51562500
vn 0.99144481 0.00000330 0.13052656
vn 0.99144481 0.00000330 0.13052656
vn 0.99144481 0.00000330 0.13052656
f 5138/5138/5138 5139/5139/5139 5140/5140/5140
g skirt_rim_19
usemtl parachute
v 0.620304923 0.000781250 0.049676328
v 0.621321422 -0.001875000 0.047222265
v 0.734375000 -0.001875000 0.094050595
v 0.733358500 0.000781250 0.096504640
vt 0.01562500 0.98437500
vt 0.48437500 0.98437500
vt 0.48437500 0.51562500
vt 0.01562500 0.51562500
vn -0.27059777 -0.70710756 0.65328076
vn -0.27059777 -0.70710756 0.65328076
vn -0.27059777 -0.70710756 0.65328076
vn -0.27059777 -0.70710756 0.65328076
f 5141/5141/5141 5142/5142/5142 5143/5143/5143
f 5141/5141/5141 5143/5143/5143 5144/5144/5144
v 0.621321422 -0.001875000 0.047222265
v 0.622337937 0.000781250 0.044768217
v 0.735391500 0.000781250 0.091596532
v 0.734375000 -0.001875000 0.094050595
vt 0.01562500 0.98437500
vt 0.48437500 0.98437500
vt 0.48437500 0.51562500
vt 0.01562500 0.51562500
vn 0.27059815 -0.70710643 -0.65328182
vn 0.27059815 -0.70710643 -0.65328182
vn 0.27059815 -0.70710643 -0.65328182
vn 0.27059815 -0.70710643 -0.65328182
f 5145/5145/5145 5146/5146/5146 5147/5147/5147
f 5145/5145/5145 5147/5147/5147 5148/5148/5148
v 0.622337937 0.000781250 0.044768217
v 0.621321422 0.003437500 0.047222265
v 0.734375000 0.003437500 0.094050595
v 0.735391500 0.000781250 0.091596532
vt 0.01562500 0.98437500
vt 0.48437500 0.98437500
vt 0.48437500 0.51562500
vt 0.01562500 0.51562500
vn 0.27059820 0.70710643 -0.65328180
vn 0.27059820 0.70710643 -0.65328180
vn 0.27059820 0.70710643 -0.65328180
vn 0.27059820 0.70710643 -0.65328180
f 5149/5149/5149 5150/5150/5150 5151/5151/5151
f 5149/5149/5149 5151/5151/5151 5152/5152/5152
v 0.621321422 0.003437500 0.047222265
v 0.620304923 0.000781250 0.049676328
v 0.733358500 0.000781250 0.096504640
v 0.734375000 0.003437500 0.094050595
vt 0.01562500 0.98437500
vt 0.48437500 0.98437500
vt 0.48437500 0.51562500
vt 0.01562500 0.51562500
vn -0.27059769 0.70710756 0.65328079
vn -0.27059769 0.70710756 0.65328079
vn -0.27059769 0.70710756 0.65328079
vn -0.27059769 0.70710756 0.65328079
f 5153/5153/5153 5154/5154/5154 5155/5155/5155
f 5153/5153/5153 5155/5155/5155 5156/5156/5156
v 0.622337937 0.000781250 0.044768217
v 0.621321422 -0.001875000 0.047222265
v 0.620304923 0.000781250 0.049676328
vt 0.48437500 0.51562500
vt 0.48437500 0.98437500
vt 0.01562500 0.98437500
vn -0.92387886 0.00000384 -0.38268506
vn -0.92387886 0.00000384 -0.38268506
vn -0.92387886 0.00000384 -0.38268506
f 5157/5157/5157 5158/5158/5158 5159/5159/5159
v 0.621321422 0.003437500 0.047222265
v 0.622337937 0.000781250 0.044768217
v 0.620304923 0.000781250 0.049676328
vt 0.48437500 0.51562500
vt 0.48437500 0.98437500
vt 0.01562500 0.98437500
vn -0.92387886 -0.00000384 -0.38268506
vn -0.92387886 -0.00000384 -0.38268506
vn -0.92387886 -0.00000384 -0.38268506
f 5160/5160/5160 5161/5161/5161 5162/5162/5162
v 0.733358500 0.000781250 0.096504640
v 0.734375000 -0.001875000 0.094050595
v 0.735391500 0.000781250 0.091596532
vt 0.01562500 0.98437500
vt 0.48437500 0.98437500
vt 0.48437500 0.51562500
vn 0.92387990 0.00000113 0.38268255
vn 0.92387990 0.00000113 0.38268255
vn 0.92387990 0.00000113 0.38268255
f 5163/5163/5163 5164/5164/5164 5165/5165/5165
v 0.733358500 0.000781250 0.096504640
v 0.735391500 0.000781250 0.091596532
v 0.734375000 0.003437500 0.094050595
vt 0.01562500 0.98437500
vt 0.48437500 0.98437500
vt 0.48437500 0.51562500
vn 0.92387990 -0.00000113 0.38268255
vn 0.92387990 -0.00000113 0.38268255
vn 0.92387990 -0.00000113 0.38268255
f 5166/5166/5166 5167/5167/5167 5168/5168/5168
g skirt_rim_20
usemtl parachute
v 0.732757985 0.000781250 0.096157938
v 0.734375000 -0.001875000 0.094050595
v 0.831456297 -0.001875000 0.168543703
v 0.829839283 0.000781250 0.170651047
vt 0.01562500 0.98437500
vt 0.48437500 0.98437500
vt 0.48437500 0.51562500
vt 0.01562500 0.51562500
vn -0.43045978 -0.70710611 0.56098603
vn -0.43045978 -0.70710611 0.56098603
vn -0.43045978 -0.70710611 0.56098603
vn -0.43045978 -0.70710611 0.56098603
f 5169/5169/5169 5170/5170/5170 5171/5171/5171
f 5169/5169/5169 5171/5171/5171 5172/5172/5172
v 0.734375000 -0.001875000 0.094050595
v 0.735992015 0.000781250 0.091943250
v 0.833073327 0.000781250 0.166436343
v 0.831456297 -0.001875000 0.168543703
vt 0.01562500 0.98437500
vt 0.48437500 0.98437500
vt 0.48437500 0.51562500
vt 0.01562500 0.51562500
vn 0.43045968 -0.70710611 -0.56098611
vn 0.43045968 -0.70710611 -0.56098611
vn 0.43045968 -0.70710611 -0.56098611
vn 0.43045968 -0.70710611 -0.56098611
f 5173/5173/5173 5174/5174/5174 5175/5175/5175
f 5173/5173/5173 5175/5175/5175 5176/5176/5176
v 0.735992015 0.000781250 0.091943250
v 0.734375000 0.003437500 0.094050595
v 0.831456297 0.003437500 0.168543703
v 0.833073327 0.000781250 0.166436343
vt 0.01562500 0.98437500
vt 0.48437500 0.98437500
vt 0.48437500 0.51562500
vt 0.01562500 0.51562500
vn 0.43045978 0.70710611 -0.56098603
vn 0.43045978 0.70710611 -0.56098603
vn 0.43045978 0.70710611 -0.56098603
vn 0.43045978 0.70710611 -0.56098603
f 5177/5177/5177 5178/5178/5178 5179/5179/5179
f 5177/5177/5177 5179/5179/5179 5180/5180/5180
v 0.734375000 0.003437500 0.094050595
v 0.732757985 0.000781250 0.096157938
v 0.829839283 0.000781250 0.170651047
v 0.831456297 0.003437500 0.168543703
vt 0.01562500 0.98437500
vt 0.48437500 0.98437500
vt 0.48437500 0.51562500
vt 0.01562500 0.51562500
vn -0.43045978 0.70710611 0.56098603
vn -0.43045978 0.70710611 0.56098603
vn -0.43045978 0.70710611 0.56098603
vn -0.43045978 0.70710611 0.56098603
f 5181/5181/5181 5182/5182/5182 5183/5183/5183
f 5181/5181/5181 5183/5183/5183 5184/5184/5184
v 0.735992015 0.000781250 0.091943250
v 0.734375000 -0.001875000 0.094050595
v 0.732757985 0.000781250 0.096157938
vt 0.48437500 0.51562500
vt 0.48437500 0.98437500
vt 0.01562500 0.98437500
vn -0.79335445 -0.00000000 -0.60875998
vn -0.79335445 -0.00000000 -0.60875998
vn -0.79335445 -0.00000000 -0.60875998
f 5185/5185/5185 5186/5186/5186 5187/5187/5187
v 0.734375000 0.003437500 0.094050595
v 0.735992015 0.000781250 0.091943250
v 0.732757985 0.000781250 0.096157938
vt 0.48437500 0.51562500
vt 0.48437500 0.98437500
vt 0.01562500 0.98437500
vn -0.79335445 0.00000000 -0.60875998
vn -0.79335445 0.00000000 -0.60875998
vn -0.79335445 0.00000000 -0.60875998
f 5188/5188/5188 5189/5189/5189 5190/5190/5190
v 0.829839283 0.000781250 0.170651047
v 0.831456297 -0.001875000 0.168543703
v 0.833073327 0.000781250 0.166436343
vt 0.01562500 0.98437500
vt 0.48437500 0.98437500
vt 0.48437500 0.51562500
vn 0.79335412 -0.00000054 0.60876041
vn 0.79335412 -0.00000054 0.60876041
vn 0.79335412 -0.00000054 0.60876041
f 5191/5191/5191 5192/5192/5192 5193/5193/5193
v 0.829839283 0.000781250 0.170651047
v 0.833073327 0.000781250 0.166436343
v 0.831456297 0.003437500 0.168543703
vt 0.01562500 0.98437500
vt 0.48437500 0.98437500
vt 0.48437500 0.51562500
vn 0.79335412 0.00000054 0.60876041
vn 0.79335412 0.00000054 0.60876041
vn 0.79335412 0.00000054 0.60876041
f 5194/5194/5194 5195/5195/5195 5196/5196/5196
g skirt_rim_21
usemtl parachute
v 0.829348952 0.000781250 0.170160718
v 0.831456297 -0.001875000 0.168543703
v 0.905949405 -0.001875000 0.265625000
v 0.903842062 0.000781250 0.267242015
vt 0.01562500 0.98437500
vt 0.48437500 0.98437500
vt 0.48437500 0.51562500
vt 0.01562500 0.51562500
vn -0.56098603 -0.70710611 0.43045978
vn -0.56098603 -0.70710611 0.43045978
vn -0.56098603 -0.70710611 0.43045978
vn -0.56098603 -0.70710611 0.43045978
f 5197/5197/5197 5198/5198/5198 5199/5199/5199
f 5197/5197/5197 5199/5199/5199 5200/5200/5200
v 0.831456297 -0.001875000 0.168543703
v 0.833563658 0.000781250 0.166926672
v 0.908056750 0.000781250 0.264007985
v 0.905949405 -0.001875000 0.265625000
vt 0.01562500 0.98437500
vt 0.48437500 0.98437500
vt 0.48437500 0.51562500
vt 0.01562500 0.51562500
vn 0.56098380 -0.70710902 -0.43045791
vn 0.56098380 -0.70710902 -0.43045791
vn 0.56098380 -0.70710902 -0.43045791
vn 0.56098380 -0.70710902 -0.43045791
f 5201/5201/5201 5202/5202/5202 5203/5203/5203
f 5201/5201/5201 5203/5203/5203 5204/5204/5204
v 0.833563658 0.000781250 0.166926672
v 0.831456297 0.003437500 0.168543703
v 0.905949405 0.003437500 0.265625000
v 0.908056750 0.000781250 0.264007985
vt 0.01562500 0.98437500
vt 0.48437500 0.98437500
vt 0.48437500 0.51562500
vt 0.01562500 0.51562500
vn 0.56098372 0.70710902 -0.43045801
vn 0.56098372 0.70710902 -0.43045801
vn 0.56098372 0.70710902 -0.43045801
vn 0.56098372 0.70710902 -0.43045801
f 5205/5205/5205 5206/5206/5206 5207/5207/5207
f 5205/5205/5205 5207/5207/5207 5208/5208/5208
v 0.831456297 0.003437500 0.168543703
v 0.829348952 0.000781250 0.170160718
v 0.903842062 0.000781250 0.267242015
v 0.905949405 0.003437500 0.265625000
vt 0.01562500 0.98437500
vt 0.48437500 0.98437500
vt 0.48437500 0.51562500
vt 0.01562500 0.51562500
vn -0.56098603 0.70710611 0.43045978
vn -0.56098603 0.70710611 0.43045978
vn -0.56098603 0.70710611 0.43045978
vn -0.56098603 0.70710611 0.43045978
f 5209/5209/5209 5210/5210/5210 5211/5211/5211
f 5209/5209/5209 5211/5211/5211 5212/5212/5212
v 0.833563658 0.000781250 0.166926672
v 0.831456297 -0.001875000 0.168543703
v 0.829348952 0.000781250 0.170160718
vt 0.48437500 0.51562500
vt 0.48437500 0.98437500
vt 0.01562500 0.98437500
vn -0.60876041 -0.00000054 -0.79335412
vn -0.60876041 -0.00000054 -0.79335412
vn -0.60876041 -0.00000054 -0.79335412
f 5213/5213/5213 5214/5214/5214 5215/5215/5215
v 0.831456297 0.003437500 0.168543703
v 0.833563658 0.000781250 0.166926672
v 0.829348952 0.000781250 0.170160718
vt 0.48437500 0.51562500
vt 0.48437500 0.98437500
vt 0.01562500 0.98437500
vn -0.60876041 0.00000054 -0.79335412
vn -0.60876041 0.00000054 -0.79335412
vn -0.60876041 0.00000054 -0.79335412
f 5216/5216/5216 5217/5217/5217 5218/5218/5218
v 0.903842062 0.000781250 0.267242015
v 0.905949405 -0.001875000 0.265625000
v 0.908056750 0.000781250 0.264007985
vt 0.01562500 0.98437500
vt 0.48437500 0.98437500
vt 0.48437500 0.51562500
vn 0.60875998 0.00000000 0.79335445
vn 0.60875998 0.00000000 0.79335445
vn 0.60875998 0.00000000 0.79335445
f 5219/5219/5219 5220/5220/5220 5221/5221/5221
v 0.903842062 0.000781250 0.267242015
v 0.908056750 0.000781250 0.264007985
v 0.905949405 0.003437500 0.265625000
vt 0.01562500 0.98437500
vt 0.48437500 0.98437500
vt 0.48437500 0.51562500
vn 0.60875998 0.00000000 0.79335445
vn 0.60875998 0.00000000 0.79335445
vn 0.60875998 0.00000000 0.79335445
f 5222/5222/5222 5223/5223/5223 5224/5224/5224
g skirt_rim_22
usemtl parachute
v 0.903495360 0.000781250 0.266641500
v 0.905949405 -0.001875000 0.265625000
v 0.952777735 -0.001875000 0.378678578
v 0.950323672 0.000781250 0.379695077
vt 0.01562500 0.98437500
vt 0.48437500 0.98437500
vt 0.48437500 0.51562500
vt 0.01562500 0.51562500
vn -0.65328254 -0.70710563 0.27059850
vn -0.65328254 -0.70710563 0.27059850
vn -0.65328254 -0.70710563 0.27059850
vn -0.65328254 -0.70710563 0.27059850
f 5225/5225/5225 5226/5226/5226 5227/5227/5227
f 5225/5225/5225 5227/5227/5227 5228/5228/5228
v 0.905949405 -0.001875000 0.265625000
v 0.908403468 0.000781250 0.264608500
v 0.955231780 0.000781250 0.377662063
v 0.952777735 -0.001875000 0.378678578
vt 0.01562500 0.98437500
vt 0.48437500 0.98437500
vt 0.48437500 0.51562500
vt 0.01562500 0.51562500
vn 0.65328078 -0.70710756 -0.27059772
vn 0.65328078 -0.70710756 -0.27059772
vn 0.65328078 -0.70710756 -0.27059772
vn 0.65328078 -0.70710756 -0.27059772
f 5229/5229/5229 5230/5230/5230 5231/5231/5231
f 5229/5229/5229 5231/5231/5231 5232/5232/5232
v 0.908403468 0.000781250 0.264608500
v 0.905949405 0.003437500 0.265625000
v 0.952777735 0.003437500 0.378678578
v 0.955231780 0.000781250 0.377662063
vt 0.01562500 0.98437500
vt 0.48437500 0.98437500
vt 0.48437500 0.51562500
vt 0.01562500 0.51562500
vn 0.65328076 0.70710756 -0.27059777
vn 0.65328076 0.70710756 -0.27059777
vn 0.65328076 0.70710756 -0.27059777
vn 0.65328076 0.70710756 -0.27059777
f 5233/5233/5233 5234/5234/5234 5235/5235/5235
f 5233/5233/5233 5235/5235/5235 5236/5236/5236
v 0.905949405 0.003437500 0.265625000
v 0.903495360 0.000781250 0.266641500
v 0.950323672 0.000781250 0.379695077
v 0.952777735 0.003437500 0.378678578
vt 0.01562500 0.98437500
vt 0.48437500 0.98437500
vt 0.48437500 0.51562500
vt 0.01562500 0.51562500
vn -0.65328257 0.70710563 0.27059843
vn -0.65328257 0.70710563 0.27059843
vn -0.65328257 0.70710563 0.27059843
vn -0.65328257 0.70710563 0.27059843
f 5237/5237/5237 5238/5238/5238 5239/5239/5239
f 5237/5237/5237 5239/5239/5239 5240/5240/5240
v 0.908403468 0.000781250 0.264608500
v 0.905949405 -0.001875000 0.265625000
v 0.903495360 0.000781250 0.266641500
vt 0.48437500 0.51562500
vt 0.48437500 0.98437500
vt 0.01562500 0.98437500
vn -0.38268255 0.00000113 -0.92387990
vn -0.38268255 0.00000113 -0.92387990
vn -0.38268255 0.00000113 -0.92387990
f 5241/5241/5241 5242/5242/5242 5243/5243/5243
v 0.905949405 0.003437500 0.265625000
v 0.908403468 0.000781250 0.264608500
v 0.903495360 0.000781250 0.266641500
vt 0.48437500 0.51562500
vt 0.48437500 0.98437500
vt 0.01562500 0.98437500
vn -0.38268255 -0.00000113 -0.92387990
vn -0.38268255 -0.00000113 -0.92387990
vn -0.38268255 -0.00000113 -0.92387990
f 5244/5244/5244 5245/5245/5245 5246/5246/5246
v 0.950323672 0.000781250 0.379695077
v 0.952777735 -0.001875000 0.378678578
v 0.955231780 0.000781250 0.377662063
vt 0.01562500 0.98437500
vt 0.48437500 0.98437500
vt 0.48437500 0.51562500
vn 0.38268506 0.00000384 0.92387886
vn 0.38268506 0.00000384 0.92387886
vn 0.38268506 0.00000384 0.92387886
f 5247/5247/5247 5248/5248/5248 5249/5249/5249
v 0.950323672 0.000781250 0.379695077
v 0.955231780 0.000781250 0.377662063
v 0.952777735 0.003437500 0.378678578
vt 0.01562500 0.98437500
vt 0.48437500 0.98437500
vt 0.48437500 0.51562500
vn 0.38268506 -0.00000384 0.92387886
vn 0.38268506 -0.00000384 0.92387886
vn 0.38268506 -0.00000384 0.92387886
f 5250/5250/5250 5251/5251/5251 5252/5252/5252
g skirt_rim_23
usemtl parachute
v 0.950144202 0.000781250 0.379025280
v 0.952777735 -0.001875000 0.378678578
v 0.968750000 -0.001875000 0.500000000
v 0.966116470 0.000781250 0.500346703
vt 0.01562500 0.98437500
vt 0.48437500 0.98437500
vt 0.48437500 0.51562500
vt 0.01562500 0.51562500
vn -0.70105674 -0.70710743 0.09229586
vn -0.70105674 -0.70710743 0.09229586
vn -0.70105674 -0.70710743 0.09229586
vn -0.70105674 -0.70710743 0.09229586
f 5253/5253/5253 5254/5254/5254 5255/5255/5255
f 5253/5253/5253 5255/5255/5255 5256/5256/5256
v 0.952777735 -0.001875000 0.378678578
v 0.955411250 0.000781250 0.378331860
v 0.971383530 0.000781250 0.499653297
v 0.968750000 -0.001875000 0.500000000
vt 0.01562500 0.98437500
vt 0.48437500 0.98437500
vt 0.48437500 0.51562500
vt 0.01562500 0.51562500
vn 0.70105851 -0.70710564 -0.09229617
vn 0.70105851 -0.70710564 -0.09229617
vn 0.70105851 -0.70710564 -0.09229617
vn 0.70105851 -0.70710564 -0.09229617
f 5257/5257/5257 5258/5258/5258 5259/5259/5259
f 5257/5257/5257 5259/5259/5259 5260/5260/5260
v 0.955411250 0.000781250 0.378331860
v 0.952777735 0.003437500 0.378678578
v 0.968750000 0.003437500 0.500000000
v 0.971383530 0.000781250 0.499653297
vt 0.01562500 0.98437500
vt 0.48437500 0.98437500
vt 0.48437500 0.51562500
vt 0.01562500 0.51562500
vn 0.70105852 0.70710564 -0.09229609
vn 0.70105852 0.70710564 -0.09229609
vn 0.70105852 0.70710564 -0.09229609
vn 0.70105852 0.70710564 -0.09229609
f 5261/5261/5261 5262/5262/5262 5263/5263/5263
f 5261/5261/5261 5263/5263/5263 5264/5264/5264
v 0.952777735 0.003437500 0.378678578
v 0.950144202 0.000781250 0.379025280
v 0.966116470 0.000781250 0.500346703
v 0.968750000 0.003437500 0.500000000
vt 0.01562500 0.98437500
vt 0.48437500 0.98437500
vt 0.48437500 0.51562500
vt 0.01562500 0.51562500
vn -0.70105674 0.70710743 0.09229586
vn -0.70105674 0.70710743 0.09229586
vn -0.70105674 0.70710743 0.09229586
vn -0.70105674 0.70710743 0.09229586
f 5265/5265/5265 5266/5266/5266 5267/5267/5267
f 5265/5265/5265 5267/5267/5267 5268/5268/5268
v 0.955411250 0.000781250 0.378331860
v 0.952777735 -0.001875000 0.378678578
v 0.950144202 0.000781250 0.379025280
vt 0.48437500 0.51562500
vt 0.48437500 0.98437500
vt 0.01562500 0.98437500
vn -0.13052656 -0.00000330 -0.99144481
vn -0.13052656 -0.00000330 -0.99144481
vn -0.13052656 -0.00000330 -0.99144481
f 5269/5269/5269 5270/5270/5270 5271/5271/5271
v 0.952777735 0.003437500 0.378678578
v 0.955411250 0.000781250 0.378331860
v 0.950144202 0.000781250 0.379025280
vt 0.48437500 0.51562500
vt 0.48437500 0.98437500
vt 0.01562500 0.98437500
vn -0.13052656 0.00000330 -0.99144481
vn -0.13052656 0.00000330 -0.99144481
vn -0.13052656 0.00000330 -0.99144481
f 5272/5272/5272 5273/5273/5273 5274/5274/5274
v 0.966116470 0.000781250 0.500346703
v 0.968750000 -0.001875000 0.500000000
v 0.971383530 0.000781250 0.499653297
vt 0.01562500 0.98437500
vt 0.48437500 0.98437500
vt 0.48437500 0.51562500
vn 0.13052329 0.00000000 0.99144524
vn 0.13052329 0.00000000 0.99144524
vn 0.13052329 0.00000000 0.99144524
f 5275/5275/5275 5276/5276/5276 5277/5277/5277
v 0.966116470 0.000781250 0.500346703
v 0.971383530 0.000781250 0.499653297
v 0.968750000 0.003437500 0.500000000
vt 0.01562500 0.98437500
vt 0.48437500 0.98437500
vt 0.48437500 0.51562500
vn 0.13052329 -0.00000000 0.99144524
vn 0.13052329 -0.00000000 0.99144524
vn 0.13052329 -0.00000000 0.99144524
f 5278/5278/5278 5279/5279/5279 5280/5280/5280
g suspension_line_01
usemtl parachute
v 0.587934595 -0.655468750 0.587794970
v 0.590693265 -0.656921202 0.586347047
v 0.955189750 -0.001452453 0.623293468
v 0.952431078 0.000000000 0.624741405
vt 0.03125000 0.45312500
vt 0.46875000 0.45312500
vt 0.46875000 0.02343750
vt 0.03125000 0.02343750
vn 0.34688929 -0.24394687 0.90562561
vn 0.34688929 -0.24394687 0.90562561
vn 0.34688929 -0.24394687 0.90562561
vn 0.34688929 -0.24394687 0.90562561
v 0.590693265 -0.656921202 0.586347047
v 0.591039923 -0.656921202 0.582927077
v 0.955536408 -0.001452453 0.619873500
v 0.955189750 -0.001452453 0.623293468
vt 0.03125000 0.45312500
vt 0.46875000 0.45312500
vt 0.46875000 0.02343750
vt 0.03125000 0.02343750
vn 0.86845219 -0.48789527 0.08802840
vn 0.86845219 -0.48789527 0.08802840
vn 0.86845219 -0.48789527 0.08802840
vn 0.86845219 -0.48789527 0.08802840
v 0.591039923 -0.656921202 0.582927077
v 0.588627905 -0.655468750 0.580955033
v 0.953124390 0.000000000 0.617901452
v 0.955536408 -0.001452453 0.619873500
vt 0.03125000 0.45312500
vt 0.46875000 0.45312500
vt 0.46875000 0.02343750
vt 0.03125000 0.02343750
vn 0.52156159 -0.24394775 -0.81759587
vn 0.52156159 -0.24394775 -0.81759587
vn 0.52156159 -0.24394775 -0.81759587
vn 0.52156159 -0.24394775 -0.81759587
v 0.588627905 -0.655468750 0.580955033
v 0.585869235 -0.654016298 0.582402952
v 0.950365717 0.001452453 0.619349375
v 0.953124390 0.000000000 0.617901452
vt 0.03125000 0.45312500
vt 0.46875000 0.45312500
vt 0.46875000 0.02343750
vt 0.03125000 0.02343750
vn -0.34688929 0.24394687 -0.90562561
vn -0.34688929 0.24394687 -0.90562561
vn -0.34688929 0.24394687 -0.90562561
vn -0.34688929 0.24394687 -0.90562561
v 0.585869235 -0.654016298 0.582402952
v 0.585522578 -0.654016298 0.585822923
v 0.950019047 0.001452453 0.622769360
v 0.950365717 0.001452453 0.619349375
vt 0.03125000 0.45312500
vt 0.46875000 0.45312500
vt 0.46875000 0.02343750
vt 0.03125000 0.02343750
vn -0.86845220 0.48789526 -0.08802840
vn -0.86845220 0.48789526 -0.08802840
vn -0.86845220 0.48789526 -0.08802840
vn -0.86845220 0.48789526 -0.08802840
v 0.585522578 -0.654016298 0.585822923
v 0.587934595 -0.655468750 0.587794970
v 0.952431078 0.000000000 0.624741405
v 0.950019047 0.001452453 0.622769360
vt 0.03125000 0.45312500
vt 0.46875000 0.45312500
vt 0.46875000 0.02343750
vt 0.03125000 0.02343750
vn -0.52156160 0.24394773 0.81759587
vn -0.52156160 0.24394773 0.81759587
vn -0.52156160 0.24394773 0.81759587
vn -0.52156160 0.24394773 0.81759587
v 0.591039923 -0.656921202 0.582927077
v 0.590693265 -0.656921202 0.586347047
v 0.587934595 -0.655468750 0.587794970
vt 0.46875000 0.02343750
vt 0.46875000 0.45312500
vt 0.03125000 0.45312500
vn -0.48541061 -0.87290072 -0.04920239
vn -0.48541061 -0.87290072 -0.04920239
vn -0.48541061 -0.87290072 -0.04920239
v 0.588627905 -0.655468750 0.580955033
v 0.591039923 -0.656921202 0.582927077
v 0.587934595 -0.655468750 0.587794970
vt 0.46875000 0.02343750
vt 0.46875000 0.45312500
vt 0.03125000 0.45312500
vn -0.48541061 -0.87290072 -0.04920239
vn -0.48541061 -0.87290072 -0.04920239
vn -0.48541061 -0.87290072 -0.04920239
v 0.585869235 -0.654016298 0.582402952
v 0.588627905 -0.655468750 0.580955033
v 0.587934595 -0.655468750 0.587794970
vt 0.46875000 0.02343750
vt 0.46875000 0.45312500
vt 0.03125000 0.45312500
vn -0.48541061 -0.87290072 -0.04920239
vn -0.48541061 -0.87290072 -0.04920239
vn -0.48541061 -0.87290072 -0.04920239
v 0.585522578 -0.654016298 0.585822923
v 0.585869235 -0.654016298 0.582402952
v 0.587934595 -0.655468750 0.587794970
vt 0.46875000 0.02343750
vt 0.46875000 0.45312500
vt 0.03125000 0.45312500
vn -0.48541061 -0.87290072 -0.04920239
vn -0.48541061 -0.87290072 -0.04920239
vn -0.48541061 -0.87290072 -0.04920239
v 0.952431078 0.000000000 0.624741405
v 0.955189750 -0.001452453 0.623293468
v 0.955536408 -0.001452453 0.619873500
vt 0.03125000 0.45312500
vt 0.46875000 0.45312500
vt 0.46875000 0.02343750
vn 0.48541083 0.87290059 0.04920241
vn 0.48541083 0.87290059 0.04920241
vn 0.48541083 0.87290059 0.04920241
v 0.952431078 0.000000000 0.624741405
v 0.955536408 -0.001452453 0.619873500
v 0.953124390 0.000000000 0.617901452
vt 0.03125000 0.45312500
vt 0.46875000 0.45312500
vt 0.46875000 0.02343750
vn 0.48541067 0.87290069 0.04920228
vn 0.48541067 0.87290069 0.04920228
vn 0.48541067 0.87290069 0.04920228
v 0.952431078 0.000000000 0.624741405
v 0.953124390 0.000000000 0.617901452
v 0.950365717 0.001452453 0.619349375
vt 0.03125000 0.45312500
vt 0.46875000 0.45312500
vt 0.46875000 0.02343750
vn 0.48541056 0.87290075 0.04920227
vn 0.48541056 0.87290075 0.04920227
vn 0.48541056 0.87290075 0.04920227
v 0.952431078 0.000000000 0.624741405
v 0.950365717 0.001452453 0.619349375
v 0.950019047 0.001452453 0.622769360
vt 0.03125000 0.45312500
vt 0.46875000 0.45312500
vt 0.46875000 0.02343750
vn 0.48540720 0.87290252 0.04920403
vn 0.48540720 0.87290252 0.04920403
vn 0.48540720 0.87290252 0.04920403
g suspension_line_02
usemtl parachute
v 0.585831283 -0.655468750 0.586786235
v 0.588902172 -0.656860578 0.587456187
v 0.832077235 -0.001391827 0.834537485
v 0.829006327 0.000000000 0.833867547
vt 0.03125000 0.45312500
vt 0.46875000 0.45312500
vt 0.46875000 0.02343750
vt 0.03125000 0.02343750
vn -0.30720168 -0.23376456 0.92248645
vn -0.30720168 -0.23376456 0.92248645
vn -0.30720168 -0.23376456 0.92248645
vn -0.30720168 -0.23376456 0.92248645
v 0.588902172 -0.656860578 0.587456187
v 0.591352140 -0.656860578 0.585044952
v 0.834527203 -0.001391827 0.832126250
v 0.832077235 -0.001391827 0.834537485
vt 0.03125000 0.45312500
vt 0.46875000 0.45312500
vt 0.46875000 0.02343750
vt 0.03125000 0.02343750
vn 0.62006552 -0.46753136 0.63002633
vn 0.62006552 -0.46753136 0.63002633
vn 0.62006552 -0.46753136 0.63002633
vn 0.62006552 -0.46753136 0.63002633
v 0.591352140 -0.656860578 0.585044952
v 0.590731220 -0.655468750 0.581963765
v 0.833906265 0.000000000 0.829045062
v 0.834527203 -0.001391827 0.832126250
vt 0.03125000 0.45312500
vt 0.46875000 0.45312500
vt 0.46875000 0.02343750
vt 0.03125000 0.02343750
vn 0.92726525 -0.23376637 -0.29245928
vn 0.92726525 -0.23376637 -0.29245928
vn 0.92726525 -0.23376637 -0.29245928
vn 0.92726525 -0.23376637 -0.29245928
v 0.590731220 -0.655468750 0.581963765
v 0.587660327 -0.654076923 0.581293813
v 0.830835375 0.001391827 0.828375125
v 0.833906265 0.000000000 0.829045062
vt 0.03125000 0.45312500
vt 0.46875000 0.45312500
vt 0.46875000 0.02343750
vt 0.03125000 0.02343750
vn 0.30720169 0.23376458 -0.92248645
vn 0.30720169 0.23376458 -0.92248645
vn 0.30720169 0.23376458 -0.92248645
vn 0.30720169 0.23376458 -0.92248645
v 0.587660327 -0.654076923 0.581293813
v 0.585210360 -0.654076923 0.583705047
v 0.828385408 0.001391827 0.830786360
v 0.830835375 0.001391827 0.828375125
vt 0.03125000 0.45312500
vt 0.46875000 0.45312500
vt 0.46875000 0.02343750
vt 0.03125000 0.02343750
vn -0.62006552 0.46753136 -0.63002633
vn -0.62006552 0.46753136 -0.63002633
vn -0.62006552 0.46753136 -0.63002633
vn -0.62006552 0.46753136 -0.63002633
v 0.585210360 -0.654076923 0.583705047
v 0.585831283 -0.655468750 0.586786235
v 0.829006327 0.000000000 0.833867547
v 0.828385408 0.001391827 0.830786360
vt 0.03125000 0.45312500
vt 0.46875000 0.45312500
vt 0.46875000 0.02343750
vt 0.03125000 0.02343750
vn -0.92726526 0.23376637 0.29245928
vn -0.92726526 0.23376637 0.29245928
vn -0.92726526 0.23376637 0.29245928
vn -0.92726526 0.23376637 0.29245928
v 0.591352140 -0.656860578 0.585044952
v 0.588902172 -0.656860578 0.587456187
v 0.585831283 -0.655468750 0.586786235
vt 0.46875000 0.02343750
vt 0.46875000 0.45312500
vt 0.03125000 0.45312500
vn -0.32795086 -0.88397582 -0.33321911
vn -0.32795086 -0.88397582 -0.33321911
vn -0.32795086 -0.88397582 -0.33321911
v 0.590731220 -0.655468750 0.581963765
v 0.591352140 -0.656860578 0.585044952
v 0.585831283 -0.655468750 0.586786235
vt 0.46875000 0.02343750
vt 0.46875000 0.45312500
vt 0.03125000 0.45312500
vn -0.32795086 -0.88397582 -0.33321911
vn -0.32795086 -0.88397582 -0.33321911
vn -0.32795086 -0.88397582 -0.33321911
v 0.587660327 -0.654076923 0.581293813
v 0.590731220 -0.655468750 0.581963765
v 0.585831283 -0.655468750 0.586786235
vt 0.46875000 0.02343750
vt 0.46875000 0.45312500
vt 0.03125000 0.45312500
vn -0.32795086 -0.88397582 -0.33321911
vn -0.32795086 -0.88397582 -0.33321911
vn -0.32795086 -0.88397582 -0.33321911
v 0.585210360 -0.654076923 0.583705047
v 0.587660327 -0.654076923 0.581293813
v 0.585831283 -0.655468750 0.586786235
vt 0.46875000 0.02343750
vt 0.46875000 0.45312500
vt 0.03125000 0.45312500
vn -0.32795086 -0.88397582 -0.33321911
vn -0.32795086 -0.88397582 -0.33321911
vn -0.32795086 -0.88397582 -0.33321911
v 0.829006327 0.000000000 0.833867547
v 0.832077235 -0.001391827 0.834537485
v 0.834527203 -0.001391827 0.832126250
vt 0.03125000 0.45312500
vt 0.46875000 0.45312500
vt 0.46875000 0.02343750
vn 0.32795088 0.88397581 0.33321912
vn 0.32795088 0.88397581 0.33321912
vn 0.32795088 0.88397581 0.33321912
v 0.829006327 0.000000000 0.833867547
v 0.834527203 -0.001391827 0.832126250
v 0.833906265 0.000000000 0.829045062
vt 0.03125000 0.45312500
vt 0.46875000 0.45312500
vt 0.46875000 0.02343750
vn 0.32795061 0.88397642 0.33321777
vn 0.32795061 0.88397642 0.33321777
vn 0.32795061 0.88397642 0.33321777
v 0.829006327 0.000000000 0.833867547
v 0.833906265 0.000000000 0.829045062
v 0.830835375 0.001391827 0.828375125
vt 0.03125000 0.45312500
vt 0.46875000 0.45312500
vt 0.46875000 0.02343750
vn 0.32795222 0.88397521 0.33321940
vn 0.32795222 0.88397521 0.33321940
vn 0.32795222 0.88397521 0.33321940
v 0.829006327 0.000000000 0.833867547
v 0.830835375 0.001391827 0.828375125
v 0.828385408 0.001391827 0.830786360
vt 0.03125000 0.45312500
vt 0.46875000 0.45312500
vt 0.46875000 0.02343750
vn 0.32795086 0.88397582 0.33321911
vn 0.32795086 0.88397582 0.33321911
vn 0.32795086 0.88397582 0.33321911
g suspension_line_03
usemtl parachute
v 0.584857485 -0.655468750 0.584682062
v 0.586800970 -0.656931783 0.587110812
v 0.619841140 -0.001463033 0.955513548
v 0.617897673 0.000000000 0.953084798
vt 0.03125000 0.45312500
vt 0.46875000 0.45312500
vt 0.46875000 0.02343750
vt 0.03125000 0.02343750
vn -0.82366358 -0.24572781 0.51107353
vn -0.82366358 -0.24572781 0.51107353
vn -0.82366358 -0.24572781 0.51107353
vn -0.82366358 -0.24572781 0.51107353
v 0.586800970 -0.656931783 0.587110812
v 0.590224717 -0.656931783 0.586803750
v 0.623264907 -0.001463033 0.955206485
v 0.619841140 -0.001463033 0.955513548
vt 0.03125000 0.45312500
vt 0.46875000 0.45312500
vt 0.46875000 0.02343750
vt 0.03125000 0.02343750
vn 0.07779572 -0.49145198 0.86742307
vn 0.07779572 -0.49145198 0.86742307
vn 0.07779572 -0.49145198 0.86742307
vn 0.07779572 -0.49145198 0.86742307
v 0.590224717 -0.656931783 0.586803750
v 0.591705015 -0.655468750 0.584067937
v 0.624745187 0.000000000 0.952470673
v 0.623264907 -0.001463033 0.955206485
vt 0.03125000 0.45312500
vt 0.46875000 0.45312500
vt 0.46875000 0.02343750
vt 0.03125000 0.02343750
vn 0.90145943 -0.24572732 0.35635513
vn 0.90145943 -0.24572732 0.35635513
vn 0.90145943 -0.24572732 0.35635513
vn 0.90145943 -0.24572732 0.35635513
v 0.591705015 -0.655468750 0.584067937
v 0.589761530 -0.654005718 0.581639187
v 0.622801720 0.001463033 0.950041923
v 0.624745187 0.000000000 0.952470673
vt 0.03125000 0.45312500
vt 0.46875000 0.45312500
vt 0.46875000 0.02343750
vt 0.03125000 0.02343750
vn 0.82366358 0.24572779 -0.51107354
vn 0.82366358 0.24572779 -0.51107354
vn 0.82366358 0.24572779 -0.51107354
vn 0.82366358 0.24572779 -0.51107354
v 0.589761530 -0.654005718 0.581639187
v 0.586337780 -0.654005718 0.581946250
v 0.619377953 0.001463033 0.950348967
v 0.622801720 0.001463033 0.950041923
vt 0.03125000 0.45312500
vt 0.46875000 0.45312500
vt 0.46875000 0.02343750
vt 0.03125000 0.02343750
vn -0.07779572 0.49145196 -0.86742308
vn -0.07779572 0.49145196 -0.86742308
vn -0.07779572 0.49145196 -0.86742308
vn -0.07779572 0.49145196 -0.86742308
v 0.586337780 -0.654005718 0.581946250
v 0.584857485 -0.655468750 0.584682062
v 0.617897673 0.000000000 0.953084798
v 0.619377953 0.001463033 0.950348967
vt 0.03125000 0.45312500
vt 0.46875000 0.45312500
vt 0.46875000 0.02343750
vt 0.03125000 0.02343750
vn -0.90145943 0.24572734 -0.35635512
vn -0.90145943 0.24572734 -0.35635512
vn -0.90145943 0.24572734 -0.35635512
vn -0.90145943 0.24572734 -0.35635512
v 0.590224717 -0.656931783 0.586803750
v 0.586800970 -0.656931783 0.587110812
v 0.584857485 -0.655468750 0.584682062
vt 0.46875000 0.02343750
vt 0.46875000 0.45312500
vt 0.03125000 0.45312500
vn -0.04390015 -0.87090481 -0.48948706
vn -0.04390015 -0.87090481 -0.48948706
vn -0.04390015 -0.87090481 -0.48948706
v 0.591705015 -0.655468750 0.584067937
v 0.590224717 -0.656931783 0.586803750
v 0.584857485 -0.655468750 0.584682062
vt 0.46875000 0.02343750
vt 0.46875000 0.45312500
vt 0.03125000 0.45312500
vn -0.04389997 -0.87090464 -0.48948738
vn -0.04389997 -0.87090464 -0.48948738
vn -0.04389997 -0.87090464 -0.48948738
v 0.589761530 -0.654005718 0.581639187
v 0.591705015 -0.655468750 0.584067937
v 0.584857485 -0.655468750 0.584682062
vt 0.46875000 0.02343750
vt 0.46875000 0.45312500
vt 0.03125000 0.45312500
vn -0.04389996 -0.87090475 -0.48948718
vn -0.04389996 -0.87090475 -0.48948718
vn -0.04389996 -0.87090475 -0.48948718
v 0.586337780 -0.654005718 0.581946250
v 0.589761530 -0.654005718 0.581639187
v 0.584857485 -0.655468750 0.584682062
vt 0.46875000 0.02343750
vt 0.46875000 0.45312500
vt 0.03125000 0.45312500
vn -0.04390018 -0.87090458 -0.48948746
vn -0.04390018 -0.87090458 -0.48948746
vn -0.04390018 -0.87090458 -0.48948746
v 0.617897673 0.000000000 0.953084798
v 0.619841140 -0.001463033 0.955513548
v 0.623264907 -0.001463033 0.955206485
vt 0.03125000 0.45312500
vt 0.46875000 0.45312500
vt 0.46875000 0.02343750
vn 0.04389997 0.87090464 0.48948738
vn 0.04389997 0.87090464 0.48948738
vn 0.04389997 0.87090464 0.48948738
v 0.617897673 0.000000000 0.953084798
v 0.623264907 -0.001463033 0.955206485
v 0.624745187 0.000000000 0.952470673
vt 0.03125000 0.45312500
vt 0.46875000 0.45312500
vt 0.46875000 0.02343750
vn 0.04390006 0.87090473 0.48948722
vn 0.04390006 0.87090473 0.48948722
vn 0.04390006 0.87090473 0.48948722
v 0.617897673 0.000000000 0.953084798
v 0.624745187 0.000000000 0.952470673
v 0.622801720 0.001463033 0.950041923
vt 0.03125000 0.45312500
vt 0.46875000 0.45312500
vt 0.46875000 0.02343750
vn 0.04390007 0.87090467 0.48948732
vn 0.04390007 0.87090467 0.48948732
vn 0.04390007 0.87090467 0.48948732
v 0.617897673 0.000000000 0.953084798
v 0.622801720 0.001463033 0.950041923
v 0.619377953 0.001463033 0.950348967
vt 0.03125000 0.45312500
vt 0.46875000 0.45312500
vt 0.46875000 0.02343750
vn 0.04389744 0.87090665 0.48948404
vn 0.04389744 0.87090665 0.48948404
vn 0.04389744 0.87090665 0.48948404
g suspension_line_04
usemtl parachute
v 0.408294985 -0.655468750 0.584067937
v 0.409775280 -0.656931783 0.586803750
v 0.376735092 -0.001463033 0.955206485
v 0.375254813 0.000000000 0.952470673
vt 0.03125000 0.45312500
vt 0.46875000 0.45312500
vt 0.46875000 0.02343750
vt 0.03125000 0.02343750
vn -0.90145943 -0.24572734 0.35635512
vn -0.90145943 -0.24572734 0.35635512
vn -0.90145943 -0.24572734 0.35635512
vn -0.90145943 -0.24572734 0.35635512
v 0.409775280 -0.656931783 0.586803750
v 0.413199033 -0.656931783 0.587110812
v 0.380158860 -0.001463033 0.955513548
v 0.376735092 -0.001463033 0.955206485
vt 0.03125000 0.45312500
vt 0.46875000 0.45312500
vt 0.46875000 0.02343750
vt 0.03125000 0.02343750
vn -0.07779572 -0.49145198 0.86742307
vn -0.07779572 -0.49145198 0.86742307
vn -0.07779572 -0.49145198 0.86742307
vn -0.07779572 -0.49145198 0.86742307
v 0.413199033 -0.656931783 0.587110812
v 0.415142515 -0.655468750 0.584682062
v 0.382102328 0.000000000 0.953084798
v 0.380158860 -0.001463033 0.955513548
vt 0.03125000 0.45312500
vt 0.46875000 0.45312500
vt 0.46875000 0.02343750
vt 0.03125000 0.02343750
vn 0.82366358 -0.24572779 0.51107354
vn 0.82366358 -0.24572779 0.51107354
vn 0.82366358 -0.24572779 0.51107354
vn 0.82366358 -0.24572779 0.51107354
v 0.415142515 -0.655468750 0.584682062
v 0.413662220 -0.654005718 0.581946250
v 0.380622048 0.001463033 0.950348967
v 0.382102328 0.000000000 0.953084798
vt 0.03125000 0.45312500
vt 0.46875000 0.45312500
vt 0.46875000 0.02343750
vt 0.03125000 0.02343750
vn 0.90145943 0.24572731 -0.35635514
vn 0.90145943 0.24572731 -0.35635514
vn 0.90145943 0.24572731 -0.35635514
vn 0.90145943 0.24572731 -0.35635514
v 0.413662220 -0.654005718 0.581946250
v 0.410238470 -0.654005718 0.581639187
v 0.377198282 0.001463033 0.950041923
v 0.380622048 0.001463033 0.950348967
vt 0.03125000 0.45312500
vt 0.46875000 0.45312500
vt 0.46875000 0.02343750
vt 0.03125000 0.02343750
vn 0.07779572 0.49145198 -0.86742307
vn 0.07779572 0.49145198 -0.86742307
vn 0.07779572 0.49145198 -0.86742307
vn 0.07779572 0.49145198 -0.86742307
v 0.410238470 -0.654005718 0.581639187
v 0.408294985 -0.655468750 0.584067937
v 0.375254813 0.000000000 0.952470673
v 0.377198282 0.001463033 0.950041923
vt 0.03125000 0.45312500
vt 0.46875000 0.45312500
vt 0.46875000 0.02343750
vt 0.03125000 0.02343750
vn -0.82366358 0.24572781 -0.51107353
vn -0.82366358 0.24572781 -0.51107353
vn -0.82366358 0.24572781 -0.51107353
vn -0.82366358 0.24572781 -0.51107353
v 0.413199033 -0.656931783 0.587110812
v 0.409775280 -0.656931783 0.586803750
v 0.408294985 -0.655468750 0.584067937
vt 0.46875000 0.02343750
vt 0.46875000 0.45312500
vt 0.03125000 0.45312500
vn 0.04390018 -0.87090458 -0.48948746
vn 0.04390018 -0.87090458 -0.48948746
vn 0.04390018 -0.87090458 -0.48948746
v 0.415142515 -0.655468750 0.584682062
v 0.413199033 -0.656931783 0.587110812
v 0.408294985 -0.655468750 0.584067937
vt 0.46875000 0.02343750
vt 0.46875000 0.45312500
vt 0.03125000 0.45312500
vn 0.04389996 -0.87090475 -0.48948718
vn 0.04389996 -0.87090475 -0.48948718
vn 0.04389996 -0.87090475 -0.48948718
v 0.413662220 -0.654005718 0.581946250
v 0.415142515 -0.655468750 0.584682062
v 0.408294985 -0.655468750 0.584067937
vt 0.46875000 0.02343750
vt 0.46875000 0.45312500
vt 0.03125000 0.45312500
vn 0.04389997 -0.87090464 -0.48948738
vn 0.04389997 -0.87090464 -0.48948738
vn 0.04389997 -0.87090464 -0.48948738
v 0.410238470 -0.654005718 0.581639187
v 0.413662220 -0.654005718 0.581946250
v 0.408294985 -0.655468750 0.584067937
vt 0.46875000 0.02343750
vt 0.46875000 0.45312500
vt 0.03125000 0.45312500
vn 0.04390015 -0.87090481 -0.48948706
vn 0.04390015 -0.87090481 -0.48948706
vn 0.04390015 -0.87090481 -0.48948706
v 0.375254813 0.000000000 0.952470673
v 0.376735092 -0.001463033 0.955206485
v 0.380158860 -0.001463033 0.955513548
vt 0.03125000 0.45312500
vt 0.46875000 0.45312500
vt 0.46875000 0.02343750
vn -0.04389996 0.87090475 0.48948718
vn -0.04389996 0.87090475 0.48948718
vn -0.04389996 0.87090475 0.48948718
v 0.375254813 0.000000000 0.952470673
v 0.380158860 -0.001463033 0.955513548
v 0.382102328 0.000000000 0.953084798
vt 0.03125000 0.45312500
vt 0.46875000 0.45312500
vt 0.46875000 0.02343750
vn -0.04390007 0.87090467 0.48948732
vn -0.04390007 0.87090467 0.48948732
vn -0.04390007 0.87090467 0.48948732
v 0.375254813 0.000000000 0.952470673
v 0.382102328 0.000000000 0.953084798
v 0.380622048 0.001463033 0.950348967
vt 0.03125000 0.45312500
vt 0.46875000 0.45312500
vt 0.46875000 0.02343750
vn -0.04389986 0.87090599 0.48948500
vn -0.04389986 0.87090599 0.48948500
vn -0.04389986 0.87090599 0.48948500
v 0.375254813 0.000000000 0.952470673
v 0.380622048 0.001463033 0.950348967
v 0.377198282 0.001463033 0.950041923
vt 0.03125000 0.45312500
vt 0.46875000 0.45312500
vt 0.46875000 0.02343750
vn -0.04389786 0.87090401 0.48948870
vn -0.04389786 0.87090401 0.48948870
vn -0.04389786 0.87090401 0.48948870
g suspension_line_05
usemtl parachute
v 0.409268780 -0.655468750 0.581963765
v 0.408647860 -0.656860578 0.585044952
v 0.165472797 -0.001391827 0.832126250
v 0.166093735 0.000000000 0.829045062
vt 0.03125000 0.45312500
vt 0.46875000 0.45312500
vt 0.46875000 0.02343750
vt 0.03125000 0.02343750
vn -0.92726525 -0.23376639 -0.29245929
vn -0.92726525 -0.23376639 -0.29245929
vn -0.92726525 -0.23376639 -0.29245929
vn -0.92726525 -0.23376639 -0.29245929
v 0.408647860 -0.656860578 0.585044952
v 0.411097828 -0.656860578 0.587456187
v 0.167922765 -0.001391827 0.834537485
v 0.165472797 -0.001391827 0.832126250
vt 0.03125000 0.45312500
vt 0.46875000 0.45312500
vt 0.46875000 0.02343750
vt 0.03125000 0.02343750
vn -0.62006552 -0.46753136 0.63002633
vn -0.62006552 -0.46753136 0.63002633
vn -0.62006552 -0.46753136 0.63002633
vn -0.62006552 -0.46753136 0.63002633
v 0.411097828 -0.656860578 0.587456187
v 0.414168718 -0.655468750 0.586786235
v 0.170993673 0.000000000 0.833867547
v 0.167922765 -0.001391827 0.834537485
vt 0.03125000 0.45312500
vt 0.46875000 0.45312500
vt 0.46875000 0.02343750
vt 0.03125000 0.02343750
vn 0.30720169 -0.23376458 0.92248645
vn 0.30720169 -0.23376458 0.92248645
vn 0.30720169 -0.23376458 0.92248645
vn 0.30720169 -0.23376458 0.92248645
v 0.414168718 -0.655468750 0.586786235
v 0.414789640 -0.654076923 0.583705047
v 0.171614592 0.001391827 0.830786360
v 0.170993673 0.000000000 0.833867547
vt 0.03125000 0.45312500
vt 0.46875000 0.45312500
vt 0.46875000 0.02343750
vt 0.03125000 0.02343750
vn 0.92726526 0.23376637 0.29245928
vn 0.92726526 0.23376637 0.29245928
vn 0.92726526 0.23376637 0.29245928
vn 0.92726526 0.23376637 0.29245928
v 0.414789640 -0.654076923 0.583705047
v 0.412339673 -0.654076923 0.581293813
v 0.169164625 0.001391827 0.828375125
v 0.171614592 0.001391827 0.830786360
vt 0.03125000 0.45312500
vt 0.46875000 0.45312500
vt 0.46875000 0.02343750
vt 0.03125000 0.02343750
vn 0.62006552 0.46753136 -0.63002633
vn 0.62006552 0.46753136 -0.63002633
vn 0.62006552 0.46753136 -0.63002633
vn 0.62006552 0.46753136 -0.63002633
v 0.412339673 -0.654076923 0.581293813
v 0.409268780 -0.655468750 0.581963765
v 0.166093735 0.000000000 0.829045062
v 0.169164625 0.001391827 0.828375125
vt 0.03125000 0.45312500
vt 0.46875000 0.45312500
vt 0.46875000 0.02343750
vt 0.03125000 0.02343750
vn -0.30720168 0.23376456 -0.92248645
vn -0.30720168 0.23376456 -0.92248645
vn -0.30720168 0.23376456 -0.92248645
vn -0.30720168 0.23376456 -0.92248645
v 0.411097828 -0.656860578 0.587456187
v 0.408647860 -0.656860578 0.585044952
v 0.409268780 -0.655468750 0.581963765
vt 0.46875000 0.02343750
vt 0.46875000 0.45312500
vt 0.03125000 0.45312500
vn 0.32795086 -0.88397582 -0.33321911
vn 0.32795086 -0.88397582 -0.33321911
vn 0.32795086 -0.88397582 -0.33321911
v 0.414168718 -0.655468750 0.586786235
v 0.411097828 -0.656860578 0.587456187
v 0.409268780 -0.655468750 0.581963765
vt 0.46875000 0.02343750
vt 0.46875000 0.45312500
vt 0.03125000 0.45312500
vn 0.32795086 -0.88397582 -0.33321911
vn 0.32795086 -0.88397582 -0.33321911
vn 0.32795086 -0.88397582 -0.33321911
v 0.414789640 -0.654076923 0.583705047
v 0.414168718 -0.655468750 0.586786235
v 0.409268780 -0.655468750 0.581963765
vt 0.46875000 0.02343750
vt 0.46875000 0.45312500
vt 0.03125000 0.45312500
vn 0.32795086 -0.88397582 -0.33321911
vn 0.32795086 -0.88397582 -0.33321911
vn 0.32795086 -0.88397582 -0.33321911
v 0.412339673 -0.654076923 0.581293813
v 0.414789640 -0.654076923 0.583705047
v 0.409268780 -0.655468750 0.581963765
vt 0.46875000 0.02343750
vt 0.46875000 0.45312500
vt 0.03125000 0.45312500
vn 0.32795086 -0.88397582 -0.33321911
vn 0.32795086 -0.88397582 -0.33321911
vn 0.32795086 -0.88397582 -0.33321911
v 0.166093735 0.000000000 0.829045062
v 0.165472797 -0.001391827 0.832126250
v 0.167922765 -0.001391827 0.834537485
vt 0.03125000 0.45312500
vt 0.46875000 0.45312500
vt 0.46875000 0.02343750
vn -0.32794980 0.88397663 0.33321802
vn -0.32794980 0.88397663 0.33321802
vn -0.32794980 0.88397663 0.33321802
v 0.166093735 0.000000000 0.829045062
v 0.167922765 -0.001391827 0.834537485
v 0.170993673 0.000000000 0.833867547
vt 0.03125000 0.45312500
vt 0.46875000 0.45312500
vt 0.46875000 0.02343750
vn -0.32795115 0.88397602 0.33321832
vn -0.32795115 0.88397602 0.33321832
vn -0.32795115 0.88397602 0.33321832
v 0.166093735 0.000000000 0.829045062
v 0.170993673 0.000000000 0.833867547
v 0.171614592 0.001391827 0.830786360
vt 0.03125000 0.45312500
vt 0.46875000 0.45312500
vt 0.46875000 0.02343750
vn -0.32795167 0.88397562 0.33321885
vn -0.32795167 0.88397562 0.33321885
vn -0.32795167 0.88397562 0.33321885
v 0.166093735 0.000000000 0.829045062
v 0.171614592 0.001391827 0.830786360
v 0.169164625 0.001391827 0.828375125
vt 0.03125000 0.45312500
vt 0.46875000 0.45312500
vt 0.46875000 0.02343750
vn -0.32795195 0.88397501 0.33322021
vn -0.32795195 0.88397501 0.33322021
vn -0.32795195 0.88397501 0.33322021
g suspension_line_06
usemtl parachute
v 0.411372095 -0.655468750 0.580955033
v 0.408960078 -0.656921202 0.582927077
v 0.044463592 -0.001452453 0.619873500
v 0.046875610 0.000000000 0.617901452
vt 0.03125000 0.45312500
vt 0.46875000 0.45312500
vt 0.46875000 0.02343750
vt 0.03125000 0.02343750
vn -0.52156159 -0.24394775 -0.81759587
vn -0.52156159 -0.24394775 -0.81759587
vn -0.52156159 -0.24394775 -0.81759587
vn -0.52156159 -0.24394775 -0.81759587
v 0.408960078 -0.656921202 0.582927077
v 0.409306735 -0.656921202 0.586347047
v 0.044810250 -0.001452453 0.623293468
v 0.044463592 -0.001452453 0.619873500
vt 0.03125000 0.45312500
vt 0.46875000 0.45312500
vt 0.46875000 0.02343750
vt 0.03125000 0.02343750
vn -0.86845219 -0.48789527 0.08802840
vn -0.86845219 -0.48789527 0.08802840
vn -0.86845219 -0.48789527 0.08802840
vn -0.86845219 -0.48789527 0.08802840
v 0.409306735 -0.656921202 0.586347047
v 0.412065407 -0.655468750 0.587794970
v 0.047568922 0.000000000 0.624741405
v 0.044810250 -0.001452453 0.623293468
vt 0.03125000 0.45312500
vt 0.46875000 0.45312500
vt 0.46875000 0.02343750
vt 0.03125000 0.02343750
vn -0.34688928 -0.24394689 0.90562561
vn -0.34688928 -0.24394689 0.90562561
vn -0.34688928 -0.24394689 0.90562561
vn -0.34688928 -0.24394689 0.90562561
v 0.412065407 -0.655468750 0.587794970
v 0.414477422 -0.654016298 0.585822923
v 0.049980953 0.001452453 0.622769360
v 0.047568922 0.000000000 0.624741405
vt 0.03125000 0.45312500
vt 0.46875000 0.45312500
vt 0.46875000 0.02343750
vt 0.03125000 0.02343750
vn 0.52156161 0.24394772 0.81759587
vn 0.52156161 0.24394772 0.81759587
vn 0.52156161 0.24394772 0.81759587
vn 0.52156161 0.24394772 0.81759587
v 0.414477422 -0.654016298 0.585822923
v 0.414130765 -0.654016298 0.582402952
v 0.049634283 0.001452453 0.619349375
v 0.049980953 0.001452453 0.622769360
vt 0.03125000 0.45312500
vt 0.46875000 0.45312500
vt 0.46875000 0.02343750
vt 0.03125000 0.02343750
vn 0.86845219 0.48789527 -0.08802840
vn 0.86845219 0.48789527 -0.08802840
vn 0.86845219 0.48789527 -0.08802840
vn 0.86845219 0.48789527 -0.08802840
v 0.414130765 -0.654016298 0.582402952
v 0.411372095 -0.655468750 0.580955033
v 0.046875610 0.000000000 0.617901452
v 0.049634283 0.001452453 0.619349375
vt 0.03125000 0.45312500
vt 0.46875000 0.45312500
vt 0.46875000 0.02343750
vt 0.03125000 0.02343750
vn 0.34688929 0.24394687 -0.90562561
vn 0.34688929 0.24394687 -0.90562561
vn 0.34688929 0.24394687 -0.90562561
vn 0.34688929 0.24394687 -0.90562561
v 0.409306735 -0.656921202 0.586347047
v 0.408960078 -0.656921202 0.582927077
v 0.411372095 -0.655468750 0.580955033
vt 0.46875000 0.02343750
vt 0.46875000 0.45312500
vt 0.03125000 0.45312500
vn 0.48541061 -0.87290072 -0.04920239
vn 0.48541061 -0.87290072 -0.04920239
vn 0.48541061 -0.87290072 -0.04920239
v 0.412065407 -0.655468750 0.587794970
v 0.409306735 -0.656921202 0.586347047
v 0.411372095 -0.655468750 0.580955033
vt 0.46875000 0.02343750
vt 0.46875000 0.45312500
vt 0.03125000 0.45312500
vn 0.48541061 -0.87290072 -0.04920239
vn 0.48541061 -0.87290072 -0.04920239
vn 0.48541061 -0.87290072 -0.04920239
v 0.414477422 -0.654016298 0.585822923
v 0.412065407 -0.655468750 0.587794970
v 0.411372095 -0.655468750 0.580955033
vt 0.46875000 0.02343750
vt 0.46875000 0.45312500
vt 0.03125000 0.45312500
vn 0.48541061 -0.87290072 -0.04920239
vn 0.48541061 -0.87290072 -0.04920239
vn 0.48541061 -0.87290072 -0.04920239
v 0.414130765 -0.654016298 0.582402952
v 0.414477422 -0.654016298 0.585822923
v 0.411372095 -0.655468750 0.580955033
vt 0.46875000 0.02343750
vt 0.46875000 0.45312500
vt 0.03125000 0.45312500
vn 0.48541061 -0.87290072 -0.04920239
vn 0.48541061 -0.87290072 -0.04920239
vn 0.48541061 -0.87290072 -0.04920239
v 0.046875610 0.000000000 0.617901452
v 0.044463592 -0.001452453 0.619873500
v 0.044810250 -0.001452453 0.623293468
vt 0.03125000 0.45312500
vt 0.46875000 0.45312500
vt 0.46875000 0.02343750
vn -0.48541061 0.87290072 0.04920239
vn -0.48541061 0.87290072 0.04920239
vn -0.48541061 0.87290072 0.04920239
v 0.046875610 0.000000000 0.617901452
v 0.044810250 -0.001452453 0.623293468
v 0.047568922 0.000000000 0.624741405
vt 0.03125000 0.45312500
vt 0.46875000 0.45312500
vt 0.46875000 0.02343750
vn -0.48541079 0.87290063 0.04920229
vn -0.48541079 0.87290063 0.04920229
vn -0.48541079 0.87290063 0.04920229
v 0.046875610 0.000000000 0.617901452
v 0.047568922 0.000000000 0.624741405
v 0.049980953 0.001452453 0.622769360
vt 0.03125000 0.45312500
vt 0.46875000 0.45312500
vt 0.46875000 0.02343750
vn -0.48540846 0.87290193 0.04920206
vn -0.48540846 0.87290193 0.04920206
vn -0.48540846 0.87290193 0.04920206
v 0.046875610 0.000000000 0.617901452
v 0.049980953 0.001452453 0.622769360
v 0.049634283 0.001452453 0.619349375
vt 0.03125000 0.45312500
vt 0.46875000 0.45312500
vt 0.46875000 0.02343750
vn -0.48541140 0.87290016 0.04920446
vn -0.48541140 0.87290016 0.04920446
vn -0.48541140 0.87290016 0.04920446
g suspension_line_07
usemtl parachute
v 0.412094390 -0.655468750 0.415333093
v 0.409324095 -0.656922187 0.416757640
v 0.044827610 -0.001453438 0.376686203
v 0.047597905 0.000000000 0.375261658
vt 0.03125000 0.45312500
vt 0.46875000 0.45312500
vt 0.46875000 0.02343750
vt 0.03125000 0.02343750
vn -0.33910760 -0.24411439 -0.90852309
vn -0.33910760 -0.24411439 -0.90852309
vn -0.33910760 -0.24411439 -0.90852309
vn -0.33910760 -0.24411439 -0.90852309
v 0.409324095 -0.656922187 0.416757640
v 0.408948437 -0.656922187 0.420174547
v 0.044451970 -0.001453438 0.380103125
v 0.044827610 -0.001453438 0.376686203
vt 0.03125000 0.45312500
vt 0.46875000 0.45312500
vt 0.46875000 0.02343750
vt 0.03125000 0.02343750
vn -0.86748906 -0.48822831 -0.09537215
vn -0.86748906 -0.48822831 -0.09537215
vn -0.86748906 -0.48822831 -0.09537215
vn -0.86748906 -0.48822831 -0.09537215
v 0.408948437 -0.656922187 0.420174547
v 0.411343110 -0.655468750 0.422166907
v 0.046846625 0.000000000 0.382095485
v 0.044451970 -0.001453438 0.380103125
vt 0.03125000 0.45312500
vt 0.46875000 0.45312500
vt 0.46875000 0.02343750
vt 0.03125000 0.02343750
vn -0.52838012 -0.24411287 0.81315642
vn -0.52838012 -0.24411287 0.81315642
vn -0.52838012 -0.24411287 0.81315642
vn -0.52838012 -0.24411287 0.81315642
v 0.411343110 -0.655468750 0.422166907
v 0.414113408 -0.654015313 0.420742360
v 0.049616938 0.001453438 0.380670938
v 0.046846625 0.000000000 0.382095485
vt 0.03125000 0.45312500
vt 0.46875000 0.45312500
vt 0.46875000 0.02343750
vt 0.03125000 0.02343750
vn 0.33910761 0.24411437 0.90852309
vn 0.33910761 0.24411437 0.90852309
vn 0.33910761 0.24411437 0.90852309
vn 0.33910761 0.24411437 0.90852309
v 0.414113408 -0.654015313 0.420742360
v 0.414489063 -0.654015313 0.417325452
v 0.049992578 0.001453438 0.377254030
v 0.049616938 0.001453438 0.380670938
vt 0.03125000 0.45312500
vt 0.46875000 0.45312500
vt 0.46875000 0.02343750
vt 0.03125000 0.02343750
vn 0.86748905 0.48822832 0.09537215
vn 0.86748905 0.48822832 0.09537215
vn 0.86748905 0.48822832 0.09537215
vn 0.86748905 0.48822832 0.09537215
v 0.414489063 -0.654015313 0.417325452
v 0.412094390 -0.655468750 0.415333093
v 0.047597905 0.000000000 0.375261658
v 0.049992578 0.001453438 0.377254030
vt 0.03125000 0.45312500
vt 0.46875000 0.45312500
vt 0.46875000 0.02343750
vt 0.03125000 0.02343750
vn 0.52838012 0.24411286 -0.81315642
vn 0.52838012 0.24411286 -0.81315642
vn 0.52838012 0.24411286 -0.81315642
vn 0.52838012 0.24411286 -0.81315642
v 0.408948437 -0.656922187 0.420174547
v 0.409324095 -0.656922187 0.416757640
v 0.412094390 -0.655468750 0.415333093
vt 0.46875000 0.02343750
vt 0.46875000 0.45312500
vt 0.03125000 0.45312500
vn 0.48530637 -0.87271472 0.05335481
vn 0.48530637 -0.87271472 0.05335481
vn 0.48530637 -0.87271472 0.05335481
v 0.411343110 -0.655468750 0.422166907
v 0.408948437 -0.656922187 0.420174547
v 0.412094390 -0.655468750 0.415333093
vt 0.46875000 0.02343750
vt 0.46875000 0.45312500
vt 0.03125000 0.45312500
vn 0.48530330 -0.87271659 0.05335225
vn 0.48530330 -0.87271659 0.05335225
vn 0.48530330 -0.87271659 0.05335225
v 0.414113408 -0.654015313 0.420742360
v 0.411343110 -0.655468750 0.422166907
v 0.412094390 -0.655468750 0.415333093
vt 0.46875000 0.02343750
vt 0.46875000 0.45312500
vt 0.03125000 0.45312500
vn 0.48530551 -0.87271535 0.05335249
vn 0.48530551 -0.87271535 0.05335249
vn 0.48530551 -0.87271535 0.05335249
v 0.414489063 -0.654015313 0.417325452
v 0.414113408 -0.654015313 0.420742360
v 0.412094390 -0.655468750 0.415333093
vt 0.46875000 0.02343750
vt 0.46875000 0.45312500
vt 0.03125000 0.45312500
vn 0.48530195 -0.87271721 0.05335432
vn 0.48530195 -0.87271721 0.05335432
vn 0.48530195 -0.87271721 0.05335432
v 0.047597905 0.000000000 0.375261658
v 0.044827610 -0.001453438 0.376686203
v 0.044451970 -0.001453438 0.380103125
vt 0.03125000 0.45312500
vt 0.46875000 0.45312500
vt 0.46875000 0.02343750
vn -0.48530541 0.87271541 -0.05335224
vn -0.48530541 0.87271541 -0.05335224
vn -0.48530541 0.87271541 -0.05335224
v 0.047597905 0.000000000 0.375261658
v 0.044451970 -0.001453438 0.380103125
v 0.046846625 0.000000000 0.382095485
vt 0.03125000 0.45312500
vt 0.46875000 0.45312500
vt 0.46875000 0.02343750
vn -0.48530558 0.87271531 -0.05335238
vn -0.48530558 0.87271531 -0.05335238
vn -0.48530558 0.87271531 -0.05335238
v 0.047597905 0.000000000 0.375261658
v 0.046846625 0.000000000 0.382095485
v 0.049616938 0.001453438 0.380670938
vt 0.03125000 0.45312500
vt 0.46875000 0.45312500
vt 0.46875000 0.02343750
vn -0.48530325 0.87271662 -0.05335212
vn -0.48530325 0.87271662 -0.05335212
vn -0.48530325 0.87271662 -0.05335212
v 0.047597905 0.000000000 0.375261658
v 0.049616938 0.001453438 0.380670938
v 0.049992578 0.001453438 0.377254030
vt 0.03125000 0.45312500
vt 0.46875000 0.45312500
vt 0.46875000 0.02343750
vn -0.48530306 0.87271673 -0.05335222
vn -0.48530306 0.87271673 -0.05335222
vn -0.48530306 0.87271673 -0.05335222
g suspension_line_08
usemtl parachute
v 0.414183813 -0.655468750 0.416354202
v 0.411119783 -0.656867563 0.415667640
v 0.167944718 -0.001398812 0.165461327
v 0.171008765 0.000000000 0.166147905
vt 0.03125000 0.45312500
vt 0.46875000 0.45312500
vt 0.46875000 0.02343750
vt 0.03125000 0.02343750
vn 0.31342309 -0.23494042 -0.92009182
vn 0.31342309 -0.23494042 -0.92009182
vn 0.31342309 -0.23494042 -0.92009182
vn 0.31342309 -0.23494042 -0.92009182
v 0.411119783 -0.656867563 0.415667640
v 0.408654703 -0.656867563 0.418063437
v 0.165479655 -0.001398812 0.167857125
v 0.167944718 -0.001398812 0.165461327
vt 0.03125000 0.45312500
vt 0.46875000 0.45312500
vt 0.46875000 0.02343750
vt 0.03125000 0.02343750
vn -0.61522541 -0.46988078 -0.63301639
vn -0.61522541 -0.46988078 -0.63301639
vn -0.61522541 -0.46988078 -0.63301639
vn -0.61522541 -0.46988078 -0.63301639
v 0.408654703 -0.656867563 0.418063437
v 0.409253688 -0.655468750 0.421145798
v 0.166078625 0.000000000 0.170939500
v 0.165479655 -0.001398812 0.167857125
vt 0.03125000 0.45312500
vt 0.46875000 0.45312500
vt 0.46875000 0.02343750
vt 0.03125000 0.02343750
vn -0.92864904 -0.23493906 0.28707942
vn -0.92864904 -0.23493906 0.28707942
vn -0.92864904 -0.23493906 0.28707942
vn -0.92864904 -0.23493906 0.28707942
v 0.409253688 -0.655468750 0.421145798
v 0.412317720 -0.654069937 0.421832360
v 0.169142672 0.001398812 0.171626063
v 0.166078625 0.000000000 0.170939500
vt 0.03125000 0.45312500
vt 0.46875000 0.45312500
vt 0.46875000 0.02343750
vt 0.03125000 0.02343750
vn -0.31342308 0.23494041 0.92009183
vn -0.31342308 0.23494041 0.92009183
vn -0.31342308 0.23494041 0.92009183
vn -0.31342308 0.23494041 0.92009183
v 0.412317720 -0.654069937 0.421832360
v 0.414782798 -0.654069937 0.419436562
v 0.171607735 0.001398812 0.169230265
v 0.169142672 0.001398812 0.171626063
vt 0.03125000 0.45312500
vt 0.46875000 0.45312500
vt 0.46875000 0.02343750
vt 0.03125000 0.02343750
vn 0.61522541 0.46988078 0.63301639
vn 0.61522541 0.46988078 0.63301639
vn 0.61522541 0.46988078 0.63301639
vn 0.61522541 0.46988078 0.63301639
v 0.414782798 -0.654069937 0.419436562
v 0.414183813 -0.655468750 0.416354202
v 0.171008765 0.000000000 0.166147905
v 0.171607735 0.001398812 0.169230265
vt 0.03125000 0.45312500
vt 0.46875000 0.45312500
vt 0.46875000 0.02343750
vt 0.03125000 0.02343750
vn 0.92864905 0.23493904 -0.28707942
vn 0.92864905 0.23493904 -0.28707942
vn 0.92864905 0.23493904 -0.28707942
vn 0.92864905 0.23493904 -0.28707942
v 0.408654703 -0.656867563 0.418063437
v 0.411119783 -0.656867563 0.415667640
v 0.414183813 -0.655468750 0.416354202
vt 0.46875000 0.02343750
vt 0.46875000 0.45312500
vt 0.03125000 0.45312500
vn 0.32748722 -0.88272975 0.33695744
vn 0.32748722 -0.88272975 0.33695744
vn 0.32748722 -0.88272975 0.33695744
v 0.409253688 -0.655468750 0.421145798
v 0.408654703 -0.656867563 0.418063437
v 0.414183813 -0.655468750 0.416354202
vt 0.46875000 0.02343750
vt 0.46875000 0.45312500
vt 0.03125000 0.45312500
vn 0.32748670 -0.88273096 0.33695477
vn 0.32748670 -0.88273096 0.33695477
vn 0.32748670 -0.88273096 0.33695477
v 0.412317720 -0.654069937 0.421832360
v 0.409253688 -0.655468750 0.421145798
v 0.414183813 -0.655468750 0.416354202
vt 0.46875000 0.02343750
vt 0.46875000 0.45312500
vt 0.03125000 0.45312500
vn 0.32748776 -0.88273015 0.33695586
vn 0.32748776 -0.88273015 0.33695586
vn 0.32748776 -0.88273015 0.33695586
v 0.414782798 -0.654069937 0.419436562
v 0.412317720 -0.654069937 0.421832360
v 0.414183813 -0.655468750 0.416354202
vt 0.46875000 0.02343750
vt 0.46875000 0.45312500
vt 0.03125000 0.45312500
vn 0.32748510 -0.88273136 0.33695526
vn 0.32748510 -0.88273136 0.33695526
vn 0.32748510 -0.88273136 0.33695526
v 0.171008765 0.000000000 0.166147905
v 0.167944718 -0.001398812 0.165461327
v 0.165479655 -0.001398812 0.167857125
vt 0.03125000 0.45312500
vt 0.46875000 0.45312500
vt 0.46875000 0.02343750
vn -0.32748561 0.88273179 -0.33695365
vn -0.32748561 0.88273179 -0.33695365
vn -0.32748561 0.88273179 -0.33695365
v 0.171008765 0.000000000 0.166147905
v 0.165479655 -0.001398812 0.167857125
v 0.166078625 0.000000000 0.170939500
vt 0.03125000 0.45312500
vt 0.46875000 0.45312500
vt 0.46875000 0.02343750
vn -0.32748587 0.88273119 -0.33695498
vn -0.32748587 0.88273119 -0.33695498
vn -0.32748587 0.88273119 -0.33695498
v 0.171008765 0.000000000 0.166147905
v 0.166078625 0.000000000 0.170939500
v 0.169142672 0.001398812 0.171626063
vt 0.03125000 0.45312500
vt 0.46875000 0.45312500
vt 0.46875000 0.02343750
vn -0.32748643 0.88273076 -0.33695556
vn -0.32748643 0.88273076 -0.33695556
vn -0.32748643 0.88273076 -0.33695556
v 0.171008765 0.000000000 0.166147905
v 0.169142672 0.001398812 0.171626063
v 0.171607735 0.001398812 0.169230265
vt 0.03125000 0.45312500
vt 0.46875000 0.45312500
vt 0.46875000 0.02343750
vn -0.32748776 0.88273015 -0.33695586
vn -0.32748776 0.88273015 -0.33695586
vn -0.32748776 0.88273015 -0.33695586
g suspension_line_09
usemtl parachute
v 0.415142735 -0.655468750 0.418445500
v 0.413201547 -0.656941095 0.416020548
v 0.380161375 -0.001472345 0.044492812
v 0.382102563 0.000000000 0.046917765
vt 0.03125000 0.45312500
vt 0.46875000 0.45312500
vt 0.46875000 0.02343750
vt 0.03125000 0.02343750
vn 0.82412632 -0.24728992 -0.50957189
vn 0.82412632 -0.24728992 -0.50957189
vn 0.82412632 -0.24728992 -0.50957189
vn 0.82412632 -0.24728992 -0.50957189
v 0.413201547 -0.656941095 0.416020548
v 0.409777562 -0.656941095 0.416325047
v 0.376737390 -0.001472345 0.044797313
v 0.380161375 -0.001472345 0.044492812
vt 0.03125000 0.45312500
vt 0.46875000 0.45312500
vt 0.46875000 0.02343750
vt 0.03125000 0.02343750
vn -0.07698940 -0.49457921 -0.86571591
vn -0.07698940 -0.49457921 -0.86571591
vn -0.07698940 -0.49457921 -0.86571591
vn -0.07698940 -0.49457921 -0.86571591
v 0.409777562 -0.656941095 0.416325047
v 0.408294765 -0.655468750 0.419054500
v 0.375254578 0.000000000 0.047526765
v 0.376737390 -0.001472345 0.044797313
vt 0.03125000 0.45312500
vt 0.46875000 0.45312500
vt 0.46875000 0.02343750
vt 0.03125000 0.02343750
vn -0.90111589 -0.24728908 -0.35614361
vn -0.90111589 -0.24728908 -0.35614361
vn -0.90111589 -0.24728908 -0.35614361
vn -0.90111589 -0.24728908 -0.35614361
v 0.408294765 -0.655468750 0.419054500
v 0.410235953 -0.653996405 0.421479453
v 0.377195765 0.001472345 0.049951717
v 0.375254578 0.000000000 0.047526765
vt 0.03125000 0.45312500
vt 0.46875000 0.45312500
vt 0.46875000 0.02343750
vt 0.03125000 0.02343750
vn -0.82412632 0.24728990 0.50957190
vn -0.82412632 0.24728990 0.50957190
vn -0.82412632 0.24728990 0.50957190
vn -0.82412632 0.24728990 0.50957190
v 0.410235953 -0.653996405 0.421479453
v 0.413659938 -0.653996405 0.421174953
v 0.380619765 0.001472345 0.049647218
v 0.377195765 0.001472345 0.049951717
vt 0.03125000 0.45312500
vt 0.46875000 0.45312500
vt 0.46875000 0.02343750
vt 0.03125000 0.02343750
vn 0.07698940 0.49457921 0.86571591
vn 0.07698940 0.49457921 0.86571591
vn 0.07698940 0.49457921 0.86571591
vn 0.07698940 0.49457921 0.86571591
v 0.413659938 -0.653996405 0.421174953
v 0.415142735 -0.655468750 0.418445500
v 0.382102563 0.000000000 0.046917765
v 0.380619765 0.001472345 0.049647218
vt 0.03125000 0.45312500
vt 0.46875000 0.45312500
vt 0.46875000 0.02343750
vt 0.03125000 0.02343750
vn 0.90111589 0.24728907 0.35614362
vn 0.90111589 0.24728907 0.35614362
vn 0.90111589 0.24728907 0.35614362
vn 0.90111589 0.24728907 0.35614362
v 0.409777562 -0.656941095 0.416325047
v 0.413201547 -0.656941095 0.416020548
v 0.415142735 -0.655468750 0.418445500
vt 0.46875000 0.02343750
vt 0.46875000 0.45312500
vt 0.03125000 0.45312500
vn 0.04381076 -0.86913251 0.49263505
vn 0.04381076 -0.86913251 0.49263505
vn 0.04381076 -0.86913251 0.49263505
v 0.408294765 -0.655468750 0.419054500
v 0.409777562 -0.656941095 0.416325047
v 0.415142735 -0.655468750 0.418445500
vt 0.46875000 0.02343750
vt 0.46875000 0.45312500
vt 0.03125000 0.45312500
vn 0.04381076 -0.86913251 0.49263505
vn 0.04381076 -0.86913251 0.49263505
vn 0.04381076 -0.86913251 0.49263505
v 0.410235953 -0.653996405 0.421479453
v 0.408294765 -0.655468750 0.419054500
v 0.415142735 -0.655468750 0.418445500
vt 0.46875000 0.02343750
vt 0.46875000 0.45312500
vt 0.03125000 0.45312500
vn 0.04381076 -0.86913251 0.49263505
vn 0.04381076 -0.86913251 0.49263505
vn 0.04381076 -0.86913251 0.49263505
v 0.413659938 -0.653996405 0.421174953
v 0.410235953 -0.653996405 0.421479453
v 0.415142735 -0.655468750 0.418445500
vt 0.46875000 0.02343750
vt 0.46875000 0.45312500
vt 0.03125000 0.45312500
vn 0.04381076 -0.86913251 0.49263505
vn 0.04381076 -0.86913251 0.49263505
vn 0.04381076 -0.86913251 0.49263505
v 0.382102563 0.000000000 0.046917765
v 0.380161375 -0.001472345 0.044492812
v 0.376737390 -0.001472345 0.044797313
vt 0.03125000 0.45312500
vt 0.46875000 0.45312500
vt 0.46875000 0.02343750
vn -0.04381076 0.86913251 -0.49263505
vn -0.04381076 0.86913251 -0.49263505
vn -0.04381076 0.86913251 -0.49263505
v 0.382102563 0.000000000 0.046917765
v 0.376737390 -0.001472345 0.044797313
v 0.375254578 0.000000000 0.047526765
vt 0.03125000 0.45312500
vt 0.46875000 0.45312500
vt 0.46875000 0.02343750
vn -0.04381068 0.86913243 -0.49263521
vn -0.04381068 0.86913243 -0.49263521
vn -0.04381068 0.86913243 -0.49263521
v 0.382102563 0.000000000 0.046917765
v 0.375254578 0.000000000 0.047526765
v 0.377195765 0.001472345 0.049951717
vt 0.03125000 0.45312500
vt 0.46875000 0.45312500
vt 0.46875000 0.02343750
vn -0.04381067 0.86913248 -0.49263511
vn -0.04381067 0.86913248 -0.49263511
vn -0.04381067 0.86913248 -0.49263511
v 0.382102563 0.000000000 0.046917765
v 0.377195765 0.001472345 0.049951717
v 0.380619765 0.001472345 0.049647218
vt 0.03125000 0.45312500
vt 0.46875000 0.45312500
vt 0.46875000 0.02343750
vn -0.04381056 0.86913257 -0.49263497
vn -0.04381056 0.86913257 -0.49263497
vn -0.04381056 0.86913257 -0.49263497
g suspension_line_10
usemtl parachute
v 0.591705235 -0.655468750 0.419054500
v 0.590222438 -0.656941095 0.416325047
v 0.623262610 -0.001472345 0.044797313
v 0.624745422 0.000000000 0.047526765
vt 0.03125000 0.45312500
vt 0.46875000 0.45312500
vt 0.46875000 0.02343750
vt 0.03125000 0.02343750
vn 0.90111589 -0.24728907 -0.35614362
vn 0.90111589 -0.24728907 -0.35614362
vn 0.90111589 -0.24728907 -0.35614362
vn 0.90111589 -0.24728907 -0.35614362
v 0.590222438 -0.656941095 0.416325047
v 0.586798452 -0.656941095 0.416020548
v 0.619838625 -0.001472345 0.044492812
v 0.623262610 -0.001472345 0.044797313
vt 0.03125000 0.45312500
vt 0.46875000 0.45312500
vt 0.46875000 0.02343750
vt 0.03125000 0.02343750
vn 0.07698940 -0.49457921 -0.86571591
vn 0.07698940 -0.49457921 -0.86571591
vn 0.07698940 -0.49457921 -0.86571591
vn 0.07698940 -0.49457921 -0.86571591
v 0.586798452 -0.656941095 0.416020548
v 0.584857265 -0.655468750 0.418445500
v 0.617897438 0.000000000 0.046917765
v 0.619838625 -0.001472345 0.044492812
vt 0.03125000 0.45312500
vt 0.46875000 0.45312500
vt 0.46875000 0.02343750
vt 0.03125000 0.02343750
vn -0.82412632 -0.24728992 -0.50957189
vn -0.82412632 -0.24728992 -0.50957189
vn -0.82412632 -0.24728992 -0.50957189
vn -0.82412632 -0.24728992 -0.50957189
v 0.584857265 -0.655468750 0.418445500
v 0.586340063 -0.653996405 0.421174953
v 0.619380235 0.001472345 0.049647218
v 0.617897438 0.000000000 0.046917765
vt 0.03125000 0.45312500
vt 0.46875000 0.45312500
vt 0.46875000 0.02343750
vt 0.03125000 0.02343750
vn -0.90111589 0.24728907 0.35614362
vn -0.90111589 0.24728907 0.35614362
vn -0.90111589 0.24728907 0.35614362
vn -0.90111589 0.24728907 0.35614362
v 0.586340063 -0.653996405 0.421174953
v 0.589764047 -0.653996405 0.421479453
v 0.622804235 0.001472345 0.049951717
v 0.619380235 0.001472345 0.049647218
vt 0.03125000 0.45312500
vt 0.46875000 0.45312500
vt 0.46875000 0.02343750
vt 0.03125000 0.02343750
vn -0.07698940 0.49457921 0.86571591
vn -0.07698940 0.49457921 0.86571591
vn -0.07698940 0.49457921 0.86571591
vn -0.07698940 0.49457921 0.86571591
v 0.589764047 -0.653996405 0.421479453
v 0.591705235 -0.655468750 0.419054500
v 0.624745422 0.000000000 0.047526765
v 0.622804235 0.001472345 0.049951717
vt 0.03125000 0.45312500
vt 0.46875000 0.45312500
vt 0.46875000 0.02343750
vt 0.03125000 0.02343750
vn 0.82412632 0.24728990 0.50957190
vn 0.82412632 0.24728990 0.50957190
vn 0.82412632 0.24728990 0.50957190
vn 0.82412632 0.24728990 0.50957190
v 0.586798452 -0.656941095 0.416020548
v 0.590222438 -0.656941095 0.416325047
v 0.591705235 -0.655468750 0.419054500
vt 0.46875000 0.02343750
vt 0.46875000 0.45312500
vt 0.03125000 0.45312500
vn -0.04381076 -0.86913251 0.49263505
vn -0.04381076 -0.86913251 0.49263505
vn -0.04381076 -0.86913251 0.49263505
v 0.584857265 -0.655468750 0.418445500
v 0.586798452 -0.656941095 0.416020548
v 0.591705235 -0.655468750 0.419054500
vt 0.46875000 0.02343750
vt 0.46875000 0.45312500
vt 0.03125000 0.45312500
vn -0.04381076 -0.86913251 0.49263505
vn -0.04381076 -0.86913251 0.49263505
vn -0.04381076 -0.86913251 0.49263505
v 0.586340063 -0.653996405 0.421174953
v 0.584857265 -0.655468750 0.418445500
v 0.591705235 -0.655468750 0.419054500
vt 0.46875000 0.02343750
vt 0.46875000 0.45312500
vt 0.03125000 0.45312500
vn -0.04381076 -0.86913251 0.49263505
vn -0.04381076 -0.86913251 0.49263505
vn -0.04381076 -0.86913251 0.49263505
v 0.589764047 -0.653996405 0.421479453
v 0.586340063 -0.653996405 0.421174953
v 0.591705235 -0.655468750 0.419054500
vt 0.46875000 0.02343750
vt 0.46875000 0.45312500
vt 0.03125000 0.45312500
vn -0.04381076 -0.86913251 0.49263505
vn -0.04381076 -0.86913251 0.49263505
vn -0.04381076 -0.86913251 0.49263505
v 0.624745422 0.000000000 0.047526765
v 0.623262610 -0.001472345 0.044797313
v 0.619838625 -0.001472345 0.044492812
vt 0.03125000 0.45312500
vt 0.46875000 0.45312500
vt 0.46875000 0.02343750
vn 0.04381078 0.86913240 -0.49263525
vn 0.04381078 0.86913240 -0.49263525
vn 0.04381078 0.86913240 -0.49263525
v 0.624745422 0.000000000 0.047526765
v 0.619838625 -0.001472345 0.044492812
v 0.617897438 0.000000000 0.046917765
vt 0.03125000 0.45312500
vt 0.46875000 0.45312500
vt 0.46875000 0.02343750
vn 0.04381067 0.86913248 -0.49263511
vn 0.04381067 0.86913248 -0.49263511
vn 0.04381067 0.86913248 -0.49263511
v 0.624745422 0.000000000 0.047526765
v 0.617897438 0.000000000 0.046917765
v 0.619380235 0.001472345 0.049647218
vt 0.03125000 0.45312500
vt 0.46875000 0.45312500
vt 0.46875000 0.02343750
vn 0.04381066 0.86913254 -0.49263501
vn 0.04381066 0.86913254 -0.49263501
vn 0.04381066 0.86913254 -0.49263501
v 0.624745422 0.000000000 0.047526765
v 0.619380235 0.001472345 0.049647218
v 0.622804235 0.001472345 0.049951717
vt 0.03125000 0.45312500
vt 0.46875000 0.45312500
vt 0.46875000 0.02343750
vn 0.04381058 0.86913245 -0.49263517
vn 0.04381058 0.86913245 -0.49263517
vn 0.04381058 0.86913245 -0.49263517
g suspension_line_11
usemtl parachute
v 0.590746312 -0.655468750 0.421145798
v 0.591345297 -0.656867563 0.418063437
v 0.834520345 -0.001398812 0.167857125
v 0.833921375 0.000000000 0.170939500
vt 0.03125000 0.45312500
vt 0.46875000 0.45312500
vt 0.46875000 0.02343750
vt 0.03125000 0.02343750
vn 0.92864905 -0.23493903 0.28707942
vn 0.92864905 -0.23493903 0.28707942
vn 0.92864905 -0.23493903 0.28707942
vn 0.92864905 -0.23493903 0.28707942
v 0.591345297 -0.656867563 0.418063437
v 0.588880217 -0.656867563 0.415667640
v 0.832055283 -0.001398812 0.165461327
v 0.834520345 -0.001398812 0.167857125
vt 0.03125000 0.45312500
vt 0.46875000 0.45312500
vt 0.46875000 0.02343750
vt 0.03125000 0.02343750
vn 0.61522540 -0.46988079 -0.63301639
vn 0.61522540 -0.46988079 -0.63301639
vn 0.61522540 -0.46988079 -0.63301639
vn 0.61522540 -0.46988079 -0.63301639
v 0.588880217 -0.656867563 0.415667640
v 0.585816187 -0.655468750 0.416354202
v 0.828991235 0.000000000 0.166147905
v 0.832055283 -0.001398812 0.165461327
vt 0.03125000 0.45312500
vt 0.46875000 0.45312500
vt 0.46875000 0.02343750
vt 0.03125000 0.02343750
vn -0.31342308 -0.23494041 -0.92009183
vn -0.31342308 -0.23494041 -0.92009183
vn -0.31342308 -0.23494041 -0.92009183
vn -0.31342308 -0.23494041 -0.92009183
v 0.585816187 -0.655468750 0.416354202
v 0.585217202 -0.654069937 0.419436562
v 0.828392265 0.001398812 0.169230265
v 0.828991235 0.000000000 0.166147905
vt 0.03125000 0.45312500
vt 0.46875000 0.45312500
vt 0.46875000 0.02343750
vt 0.03125000 0.02343750
vn -0.92864904 0.23493906 -0.28707942
vn -0.92864904 0.23493906 -0.28707942
vn -0.92864904 0.23493906 -0.28707942
vn -0.92864904 0.23493906 -0.28707942
v 0.585217202 -0.654069937 0.419436562
v 0.587682280 -0.654069937 0.421832360
v 0.830857327 0.001398812 0.171626063
v 0.828392265 0.001398812 0.169230265
vt 0.03125000 0.45312500
vt 0.46875000 0.45312500
vt 0.46875000 0.02343750
vt 0.03125000 0.02343750
vn -0.61522541 0.46988076 0.63301640
vn -0.61522541 0.46988076 0.63301640
vn -0.61522541 0.46988076 0.63301640
vn -0.61522541 0.46988076 0.63301640
v 0.587682280 -0.654069937 0.421832360
v 0.590746312 -0.655468750 0.421145798
v 0.833921375 0.000000000 0.170939500
v 0.830857327 0.001398812 0.171626063
vt 0.03125000 0.45312500
vt 0.46875000 0.45312500
vt 0.46875000 0.02343750
vt 0.03125000 0.02343750
vn 0.31342308 0.23494040 0.92009183
vn 0.31342308 0.23494040 0.92009183
vn 0.31342308 0.23494040 0.92009183
vn 0.31342308 0.23494040 0.92009183
v 0.588880217 -0.656867563 0.415667640
v 0.591345297 -0.656867563 0.418063437
v 0.590746312 -0.655468750 0.421145798
vt 0.46875000 0.02343750
vt 0.46875000 0.45312500
vt 0.03125000 0.45312500
vn -0.32748510 -0.88273136 0.33695526
vn -0.32748510 -0.88273136 0.33695526
vn -0.32748510 -0.88273136 0.33695526
v 0.585816187 -0.655468750 0.416354202
v 0.588880217 -0.656867563 0.415667640
v 0.590746312 -0.655468750 0.421145798
vt 0.46875000 0.02343750
vt 0.46875000 0.45312500
vt 0.03125000 0.45312500
vn -0.32748776 -0.88273015 0.33695586
vn -0.32748776 -0.88273015 0.33695586
vn -0.32748776 -0.88273015 0.33695586
v 0.585217202 -0.654069937 0.419436562
v 0.585816187 -0.655468750 0.416354202
v 0.590746312 -0.655468750 0.421145798
vt 0.46875000 0.02343750
vt 0.46875000 0.45312500
vt 0.03125000 0.45312500
vn -0.32748670 -0.88273096 0.33695477
vn -0.32748670 -0.88273096 0.33695477
vn -0.32748670 -0.88273096 0.33695477
v 0.587682280 -0.654069937 0.421832360
v 0.585217202 -0.654069937 0.419436562
v 0.590746312 -0.655468750 0.421145798
vt 0.46875000 0.02343750
vt 0.46875000 0.45312500
vt 0.03125000 0.45312500
vn -0.32748722 -0.88272975 0.33695744
vn -0.32748722 -0.88272975 0.33695744
vn -0.32748722 -0.88272975 0.33695744
v 0.833921375 0.000000000 0.170939500
v 0.834520345 -0.001398812 0.167857125
v 0.832055283 -0.001398812 0.165461327
vt 0.03125000 0.45312500
vt 0.46875000 0.45312500
vt 0.46875000 0.02343750
vn 0.32748667 0.88273098 -0.33695474
vn 0.32748667 0.88273098 -0.33695474
vn 0.32748667 0.88273098 -0.33695474
v 0.833921375 0.000000000 0.170939500
v 0.832055283 -0.001398812 0.165461327
v 0.828991235 0.000000000 0.166147905
vt 0.03125000 0.45312500
vt 0.46875000 0.45312500
vt 0.46875000 0.02343750
vn 0.32748534 0.88273159 -0.33695444
vn 0.32748534 0.88273159 -0.33695444
vn 0.32748534 0.88273159 -0.33695444
v 0.833921375 0.000000000 0.170939500
v 0.828991235 0.000000000 0.166147905
v 0.828392265 0.001398812 0.169230265
vt 0.03125000 0.45312500
vt 0.46875000 0.45312500
vt 0.46875000 0.02343750
vn 0.32748696 0.88273035 -0.33695610
vn 0.32748696 0.88273035 -0.33695610
vn 0.32748696 0.88273035 -0.33695610
v 0.833921375 0.000000000 0.170939500
v 0.828392265 0.001398812 0.169230265
v 0.830857327 0.001398812 0.171626063
vt 0.03125000 0.45312500
vt 0.46875000 0.45312500
vt 0.46875000 0.02343750
vn 0.32748670 0.88273096 -0.33695477
vn 0.32748670 0.88273096 -0.33695477
vn 0.32748670 0.88273096 -0.33695477
g suspension_line_12
usemtl parachute
v 0.588656890 -0.655468750 0.422166907
v 0.591051563 -0.656922187 0.420174547
v 0.955548030 -0.001453438 0.380103125
v 0.953153375 0.000000000 0.382095485
vt 0.03125000 0.45312500
vt 0.46875000 0.45312500
vt 0.46875000 0.02343750
vt 0.03125000 0.02343750
vn 0.52838012 -0.24411287 0.81315642
vn 0.52838012 -0.24411287 0.81315642
vn 0.52838012 -0.24411287 0.81315642
vn 0.52838012 -0.24411287 0.81315642
v 0.591051563 -0.656922187 0.420174547
v 0.590675905 -0.656922187 0.416757640
v 0.955172390 -0.001453438 0.376686203
v 0.955548030 -0.001453438 0.380103125
vt 0.03125000 0.45312500
vt 0.46875000 0.45312500
vt 0.46875000 0.02343750
vt 0.03125000 0.02343750
vn 0.86748905 -0.48822832 -0.09537215
vn 0.86748905 -0.48822832 -0.09537215
vn 0.86748905 -0.48822832 -0.09537215
vn 0.86748905 -0.48822832 -0.09537215
v 0.590675905 -0.656922187 0.416757640
v 0.587905610 -0.655468750 0.415333093
v 0.952402093 0.000000000 0.375261658
v 0.955172390 -0.001453438 0.376686203
vt 0.03125000 0.45312500
vt 0.46875000 0.45312500
vt 0.46875000 0.02343750
vt 0.03125000 0.02343750
vn 0.33910760 -0.24411439 -0.90852309
vn 0.33910760 -0.24411439 -0.90852309
vn 0.33910760 -0.24411439 -0.90852309
vn 0.33910760 -0.24411439 -0.90852309
v 0.587905610 -0.655468750 0.415333093
v 0.585510938 -0.654015313 0.417325452
v 0.950007422 0.001453438 0.377254030
v 0.952402093 0.000000000 0.375261658
vt 0.03125000 0.45312500
vt 0.46875000 0.45312500
vt 0.46875000 0.02343750
vt 0.03125000 0.02343750
vn -0.52838012 0.24411287 -0.81315642
vn -0.52838012 0.24411287 -0.81315642
vn -0.52838012 0.24411287 -0.81315642
vn -0.52838012 0.24411287 -0.81315642
v 0.585510938 -0.654015313 0.417325452
v 0.585886592 -0.654015313 0.420742360
v 0.950383063 0.001453438 0.380670938
v 0.950007422 0.001453438 0.377254030
vt 0.03125000 0.45312500
vt 0.46875000 0.45312500
vt 0.46875000 0.02343750
vt 0.03125000 0.02343750
vn -0.86748906 0.48822831 0.09537215
vn -0.86748906 0.48822831 0.09537215
vn -0.86748906 0.48822831 0.09537215
vn -0.86748906 0.48822831 0.09537215
v 0.585886592 -0.654015313 0.420742360
v 0.588656890 -0.655468750 0.422166907
v 0.953153375 0.000000000 0.382095485
v 0.950383063 0.001453438 0.380670938
vt 0.03125000 0.45312500
vt 0.46875000 0.45312500
vt 0.46875000 0.02343750
vt 0.03125000 0.02343750
vn -0.33910761 0.24411437 0.90852309
vn -0.33910761 0.24411437 0.90852309
vn -0.33910761 0.24411437 0.90852309
vn -0.33910761 0.24411437 0.90852309
v 0.590675905 -0.656922187 0.416757640
v 0.591051563 -0.656922187 0.420174547
v 0.588656890 -0.655468750 0.422166907
vt 0.46875000 0.02343750
vt 0.46875000 0.45312500
vt 0.03125000 0.45312500
vn -0.48530195 -0.87271721 0.05335432
vn -0.48530195 -0.87271721 0.05335432
vn -0.48530195 -0.87271721 0.05335432
v 0.587905610 -0.655468750 0.415333093
v 0.590675905 -0.656922187 0.416757640
v 0.588656890 -0.655468750 0.422166907
vt 0.46875000 0.02343750
vt 0.46875000 0.45312500
vt 0.03125000 0.45312500
vn -0.48530551 -0.87271535 0.05335249
vn -0.48530551 -0.87271535 0.05335249
vn -0.48530551 -0.87271535 0.05335249
v 0.585510938 -0.654015313 0.417325452
v 0.587905610 -0.655468750 0.415333093
v 0.588656890 -0.655468750 0.422166907
vt 0.46875000 0.02343750
vt 0.46875000 0.45312500
vt 0.03125000 0.45312500
vn -0.48530330 -0.87271659 0.05335225
vn -0.48530330 -0.87271659 0.05335225
vn -0.48530330 -0.87271659 0.05335225
v 0.585886592 -0.654015313 0.420742360
v 0.585510938 -0.654015313 0.417325452
v 0.588656890 -0.655468750 0.422166907
vt 0.46875000 0.02343750
vt 0.46875000 0.45312500
vt 0.03125000 0.45312500
vn -0.48530637 -0.87271472 0.05335481
vn -0.48530637 -0.87271472 0.05335481
vn -0.48530637 -0.87271472 0.05335481
v 0.953153375 0.000000000 0.382095485
v 0.955548030 -0.001453438 0.380103125
v 0.955172390 -0.001453438 0.376686203
vt 0.03125000 0.45312500
vt 0.46875000 0.45312500
vt 0.46875000 0.02343750
vn 0.48530566 0.87271528 -0.05335226
vn 0.48530566 0.87271528 -0.05335226
vn 0.48530566 0.87271528 -0.05335226
v 0.953153375 0.000000000 0.382095485
v 0.955172390 -0.001453438 0.376686203
v 0.952402093 0.000000000 0.375261658
vt 0.03125000 0.45312500
vt 0.46875000 0.45312500
vt 0.46875000 0.02343750
vn 0.48530546 0.87271538 -0.05335237
vn 0.48530546 0.87271538 -0.05335237
vn 0.48530546 0.87271538 -0.05335237
v 0.953153375 0.000000000 0.382095485
v 0.952402093 0.000000000 0.375261658
v 0.950007422 0.001453438 0.377254030
vt 0.03125000 0.45312500
vt 0.46875000 0.45312500
vt 0.46875000 0.02343750
vn 0.48530313 0.87271669 -0.05335211
vn 0.48530313 0.87271669 -0.05335211
vn 0.48530313 0.87271669 -0.05335211
v 0.953153375 0.000000000 0.382095485
v 0.950007422 0.001453438 0.377254030
v 0.950383063 0.001453438 0.380670938
vt 0.03125000 0.45312500
vt 0.46875000 0.45312500
vt 0.46875000 0.02343750
vn 0.48530330 0.87271659 -0.05335225
vn 0.48530330 0.87271659 -0.05335225
vn 0.48530330 0.87271659 -0.05335225
